screen_time_hours,bmi_percentile,fitted_values,residuals
5.0,66.5318241,65.87057355994253,0.6612505400574662
0.0,98.17431868,61.68367361634929,36.49064506365071
0.0,33.07553097,61.68367361634929,-28.608142646349286
4.5,45.68833421,65.4518835655832,-19.7635493555832
2.5,62.39033084,63.77712358814591,-1.3867927481459148
2.0,13.9696424,63.358433593786586,-49.38879119378659
1.0,80.35879541,62.521053605067934,17.837741804932065
3.0,80.08049978,64.19581358250524,15.884686197494759
1.0,35.25725233,62.521053605067934,-27.263801275067934
1.0,80.35879541,62.521053605067934,17.837741804932065
10.0,76.77275392,70.05747350353577,6.715280416464225
2.5,41.90226796,63.77712358814591,-21.87485562814591
3.0,49.68153626,64.19581358250524,-14.514277322505237
7.0,50.94662272,67.54533353737983,-16.598710817379832
4.0,69.5988229,65.03319357122388,4.565629328776126
2.5,98.54569735,63.77712358814591,34.768573761854086
1.0,99.62699856,62.521053605067934,37.10594495493207
5.0,95.67686938,65.87057355994253,29.80629582005747
4.0,66.97871065,65.03319357122388,1.9455170787761205
2.0,77.24197648,63.358433593786586,13.88354288621342
7.0,96.7831408,67.54533353737983,29.237807262620166
0.5,42.1484795,62.102363610708615,-19.953884110708614
4.0,94.07864967,65.03319357122388,29.04545609877613
6.0,92.75239448,66.70795354866118,26.044440931338826
5.0,94.79064882,65.87057355994253,28.920075260057473
4.5,41.70582009,65.4518835655832,-23.7460634755832
4.5,96.62103194,65.4518835655832,31.169148374416793
3.0,86.84669781,64.19581358250524,22.650884227494757
2.5,71.27637135,63.77712358814591,7.499247761854093
8.0,78.9594291,68.38271352609847,10.576715573901524
3.5,75.69056427,64.61450357686456,11.076060693135432
2.0,68.88518339,63.358433593786586,5.526749796213409
2.5,19.66638439,63.77712358814591,-44.11073919814591
0.5,58.90305846,62.102363610708615,-3.199305150708618
5.0,87.30348222,65.87057355994253,21.43290866005748
5.5,19.34593133,66.28926355430185,-46.943332224301855
4.0,97.16947681,65.03319357122388,32.13628323877613
0.0,13.9696424,61.68367361634929,-47.71403121634929
5.0,94.79404677,65.87057355994253,28.923473210057466
9.0,16.53387163,69.22009351481712,-52.68622188481712
2.5,59.97282837,63.77712358814591,-3.80429521814591
0.5,29.31796292,62.102363610708615,-32.784400690708615
1.0,52.96298965,62.521053605067934,-9.558063955067936
1.0,57.45496513,62.521053605067934,-5.066088475067936
4.0,62.39033084,65.03319357122388,-2.642862731223879
1.5,15.1779208,62.93974359942726,-47.76182279942726
3.5,1.812713435,64.61450357686456,-62.801790141864565
3.0,57.45496513,64.19581358250524,-6.74084845250524
0.5,95.05281444,62.102363610708615,32.95045082929139
2.5,43.19281437,63.77712358814591,-20.58430921814591
2.0,64.73433168,63.358433593786586,1.375898086213411
5.5,83.03210906,66.28926355430185,16.742845505698142
3.0,85.76711283,64.19581358250524,21.571299247494764
5.5,93.5206906,66.28926355430185,27.23142704569814
1.0,65.88575167,62.521053605067934,3.364698064932071
1.0,87.29843376,62.521053605067934,24.77738015493206
4.5,93.98925052,65.4518835655832,28.537366954416797
4.0,83.72971442,65.03319357122388,18.696520848776117
3.5,60.66321529,64.61450357686456,-3.9512882868645676
1.0,50.10948386,62.521053605067934,-12.411569745067936
4.0,96.62999717,65.03319357122388,31.59680359877612
2.5,98.44322633,63.77712358814591,34.66610274185409
0.5,51.77995186,62.102363610708615,-10.322411750708618
4.0,38.53470375,65.03319357122388,-26.498489821223878
7.0,97.32417296,67.54533353737983,29.778839422620166
6.0,41.70582009,66.70795354866118,-25.002133458661177
8.0,47.52350758,68.38271352609847,-20.85920594609847
5.0,20.46953227,65.87057355994253,-45.401041289942526
10.0,75.4379744,70.05747350353577,5.380500896464227
2.5,32.74319281,63.77712358814591,-31.033930778145915
1.0,92.86925353,62.521053605067934,30.34819992493206
1.0,81.62895753,62.521053605067934,19.10790392493206
4.0,45.33714908,65.03319357122388,-19.696044491223873
5.0,83.06926617,65.87057355994253,17.198692610057478
2.0,91.60778436,63.358433593786586,28.24935076621341
2.0,45.33714908,63.358433593786586,-18.021284513786583
2.0,36.51881463,63.358433593786586,-26.839618963786585
1.5,55.18146429,62.93974359942726,-7.758279309427259
1.0,61.92023551,62.521053605067934,-0.600818095067936
0.0,65.84221705,61.68367361634929,4.158543433650713
6.0,35.20622619,66.70795354866118,-31.501727358661178
7.0,97.18899955,67.54533353737983,29.643666012620173
5.5,82.05508744,66.28926355430185,15.76582388569814
10.0,90.62341985,70.05747350353577,20.56594634646423
3.0,66.08178759,64.19581358250524,1.8859740074947666
8.0,82.19258456,68.38271352609847,13.80987103390153
4.0,54.40385458,65.03319357122388,-10.629338991223875
1.0,94.7249625,62.521053605067934,32.20390889493207
5.0,52.25342381,65.87057355994253,-13.617149749942527
6.0,72.21362837,66.70795354866118,5.505674821338815
3.5,77.04936127,64.61450357686456,12.434857693135442
6.0,26.67157309,66.70795354866118,-40.036380458661185
1.0,96.59822418,62.521053605067934,34.07717057493207
4.0,87.00265796,65.03319357122388,21.969464388776117
1.0,71.77163239,62.521053605067934,9.25057878493206
3.0,80.9826523,64.19581358250524,16.78683871749476
8.0,98.45821402,68.38271352609847,30.07550049390153
5.5,53.62901996,66.28926355430185,-12.660243594301853
6.0,51.32765319,66.70795354866118,-15.38030035866118
1.0,82.7114493,62.521053605067934,20.190395694932064
5.0,96.62805126,65.87057355994253,30.75747770005748
1.0,78.10688836,62.521053605067934,15.585834754932065
5.0,50.27447135,65.87057355994253,-15.59610220994253
4.5,97.8304981,65.4518835655832,32.3786145344168
7.0,67.35690955,67.54533353737983,-0.188423987379835
4.0,99.47646663,65.03319357122388,34.44327305877613
2.5,54.75617318,63.77712358814591,-9.020950408145914
7.0,89.90649736,67.54533353737983,22.36116382262017
6.0,30.89048164,66.70795354866118,-35.817471908661176
10.0,34.10784442,70.05747350353577,-35.949629083535775
8.0,98.13332826,68.38271352609847,29.75061473390153
10.0,93.60689746,70.05747350353577,23.549423956464224
9.0,27.81918727,69.22009351481712,-41.40090624481712
4.5,73.91347781,65.4518835655832,8.461594244416801
4.0,58.167767,65.03319357122388,-6.865426571223878
4.0,44.70874303,65.03319357122388,-20.324450541223875
8.0,81.5523064,68.38271352609847,13.169592873901536
4.5,98.17687957,65.4518835655832,32.724996004416795
1.5,81.82099807,62.93974359942726,18.881254470572742
5.0,31.315611,65.87057355994253,-34.554962559942524
3.0,42.35560365,64.19581358250524,-21.84020993250524
4.5,59.47446449,65.4518835655832,-5.9774190755831995
3.0,52.82514857,64.19581358250524,-11.370665012505235
4.0,51.9110774,65.03319357122388,-13.122116171223873
5.5,99.50570658,66.28926355430185,33.21644302569814
5.0,78.28265536,65.87057355994253,12.412081800057479
10.0,69.54558992,70.05747350353577,-0.5118835835357771
7.0,63.68390278,67.54533353737983,-3.8614307573798357
3.0,32.79325237,64.19581358250524,-31.40256121250524
8.0,89.82805567,68.38271352609847,21.445342143901527
4.0,50.5995942,65.03319357122388,-14.433599371223877
6.0,87.50167897,66.70795354866118,20.79372542133882
5.0,23.70077074,65.87057355994253,-42.16980281994253
0.5,57.38131801,62.102363610708615,-4.721045600708614
7.0,59.1349812,67.54533353737983,-8.410352337379834
6.0,97.15410227,66.70795354866118,30.446148721338815
5.0,51.81370585,65.87057355994253,-14.05686770994253
10.0,53.65951294,70.05747350353577,-16.397960563535776
2.0,95.81029039,63.358433593786586,32.45185679621342
5.5,97.10273335,66.28926355430185,30.81346979569814
6.0,45.26162121,66.70795354866118,-21.44633233866118
2.0,76.3857129,63.358433593786586,13.027279306213416
5.0,63.31177575,65.87057355994253,-2.5587978099425257
5.0,74.41919519,65.87057355994253,8.548621630057468
7.0,94.89062216,67.54533353737983,27.345288622620174
5.0,35.18872425,65.87057355994253,-30.68184930994253
2.5,70.2948453,63.77712358814591,6.517721711854094
1.5,66.5318241,62.93974359942726,3.5920805005727345
6.0,46.4073505,66.70795354866118,-20.30060304866118
3.0,99.49405991,64.19581358250524,35.298246327494766
3.5,79.09665201,64.61450357686456,14.482148433135436
1.0,84.57523065,62.521053605067934,22.05417704493206
1.0,66.83362843,62.521053605067934,4.312574824932071
6.0,79.36575134,66.70795354866118,12.657797791338822
10.0,96.87222741,70.05747350353577,26.81475390646422
7.0,79.21086246,67.54533353737983,11.665528922620169
10.0,93.38873457,70.05747350353577,23.331261066464222
0.0,95.04052672,61.68367361634929,33.356853103650714
5.0,90.98298351,65.87057355994253,25.11240995005747
4.0,92.39337265,65.03319357122388,27.360179078776127
10.0,83.7161669,70.05747350353577,13.65869339646423
6.0,43.14984367,66.70795354866118,-23.558109878661178
2.0,15.29718496,63.358433593786586,-48.06124863378659
0.0,54.40385458,61.68367361634929,-7.279819036349288
2.5,99.81899915,63.77712358814591,36.041875561854084
1.0,72.06573405,62.521053605067934,9.54468044493207
6.0,16.03372613,66.70795354866118,-50.674227418661175
3.0,83.90660452,64.19581358250524,19.710790937494764
2.5,52.2899712,63.77712358814591,-11.487152388145915
0.0,93.56257408,61.68367361634929,31.878900463650716
10.0,51.44659085,70.05747350353577,-18.610882653535775
4.0,76.13913858,65.03319357122388,11.105945008776118
5.0,32.3855029,65.87057355994253,-33.48507065994253
2.0,13.16010488,63.358433593786586,-50.19832871378659
2.0,90.70482965,63.358433593786586,27.346396056213408
6.0,98.46004967,66.70795354866118,31.752096121338823
1.5,98.1620765,62.93974359942726,35.22233290057274
3.0,87.32744126,64.19581358250524,23.131627677494762
6.0,62.75875953,66.70795354866118,-3.9491940186611814
9.0,92.09238408,69.22009351481712,22.87229056518288
5.0,72.40481299,65.87057355994253,6.534239430057468
5.0,32.35454194,65.87057355994253,-33.51603161994253
4.0,47.11027439,65.03319357122388,-17.922919181223875
7.0,73.65945206,67.54533353737983,6.114118522620174
0.0,75.94273757,61.68367361634929,14.259063953650717
8.0,45.84835334,68.38271352609847,-22.534360186098468
6.0,91.41797055,66.70795354866118,24.710017001338827
0.0,95.26327504,61.68367361634929,33.57960142365071
2.0,95.77021638,63.358433593786586,32.41178278621341
1.5,97.402769,62.93974359942726,34.46302540057275
7.0,70.67451976,67.54533353737983,3.129186222620163
7.0,98.86075815,67.54533353737983,31.315424612620163
3.0,16.34633408,64.19581358250524,-47.84947950250524
4.0,5.221698862,65.03319357122388,-59.81149470922388
4.0,85.29469889,65.03319357122388,20.26150531877613
3.0,79.65116681,64.19581358250524,15.455353227494768
2.5,87.66542983,63.77712358814591,23.88830624185408
5.5,50.95276905,66.28926355430185,-15.336494504301854
2.5,94.34347293,63.77712358814591,30.566349341854092
0.5,84.67610222,62.102363610708615,22.57373860929139
4.0,72.13833601,65.03319357122388,7.105142438776127
6.0,71.04906399,66.70795354866118,4.341110441338813
5.0,43.14984367,65.87057355994253,-22.720729889942525
10.0,75.73919519,70.05747350353577,5.681721686464229
5.5,56.95841633,66.28926355430185,-9.330847224301856
2.0,89.0685033,63.358433593786586,25.710069706213417
4.0,56.12875598,65.03319357122388,-8.904437591223875
6.0,69.82409651,66.70795354866118,3.1161429613388236
7.0,97.02213328,67.54533353737983,29.476799742620173
10.0,89.45507565,70.05747350353577,19.397602146464223
4.5,30.14155853,65.4518835655832,-35.310325035583205
1.0,90.445849,62.521053605067934,27.92479539493206
5.5,83.32303085,66.28926355430185,17.03376729569814
5.0,44.3547711,65.87057355994253,-21.515802459942527
5.5,32.79325237,66.28926355430185,-33.49601118430186
5.0,89.46125467,65.87057355994253,23.590681110057474
7.0,55.06915825,67.54533353737983,-12.476175287379832
6.0,12.7812687,66.70795354866118,-53.92668484866118
6.0,97.56644906,66.70795354866118,30.858495511338816
4.0,90.64159581,65.03319357122388,25.608402238776122
5.0,93.57446282,65.87057355994253,27.703889260057466
10.0,88.67030744,70.05747350353577,18.612833936464227
8.0,69.8037989,68.38271352609847,1.4210853739015334
2.0,91.74867665,63.358433593786586,28.390243056213407
10.0,62.47075585,70.05747350353577,-7.586717653535771
0.5,62.19393818,62.102363610708615,0.09157456929138874
5.5,95.96968872,66.28926355430185,29.68042516569814
3.5,52.00817272,64.61450357686456,-12.606330856864567
0.5,92.17328593,62.102363610708615,30.07092231929139
5.0,29.36620695,65.87057355994253,-36.50436660994253
8.0,74.42424318,68.38271352609847,6.041529653901534
0.5,93.8171533,62.102363610708615,31.714789689291386
3.0,77.43318673,64.19581358250524,13.237373147494765
1.0,31.08786145,62.521053605067934,-31.433192155067935
4.0,52.41472276,65.03319357122388,-12.61847081122388
3.0,51.05664155,64.19581358250524,-13.139172032505236
3.0,47.49270385,64.19581358250524,-16.70310973250524
8.0,87.32319147,68.38271352609847,18.940477943901527
8.0,66.84791246,68.38271352609847,-1.534801066098467
8.0,96.0698293,68.38271352609847,27.687115773901525
5.5,96.53495056,66.28926355430185,30.245687005698144
7.0,72.59307595,67.54533353737983,5.047742412620167
7.0,57.23154694,67.54533353737983,-10.313786597379831
1.0,96.66907244,62.521053605067934,34.14801883493206
5.0,95.06926956,65.87057355994253,29.198696000057467
5.5,95.67864261,66.28926355430185,29.389379055698143
5.0,7.539064645,65.87057355994253,-58.33150891494253
2.5,65.88575167,63.77712358814591,2.108628081854093
6.0,99.25075881,66.70795354866118,32.54280526133881
6.0,98.60384523,66.70795354866118,31.895891681338824
2.0,95.5627807,63.358433593786586,32.20434710621342
9.0,93.82384404,69.22009351481712,24.603750525182875
7.0,64.26150224,67.54533353737983,-3.283831297379834
1.0,95.75831461,62.521053605067934,33.237261004932066
7.0,49.31286868,67.54533353737983,-18.23246485737983
2.5,80.48537598,63.77712358814591,16.70825239185409
4.0,98.44322633,65.03319357122388,33.410032758776126
4.0,98.20741258,65.03319357122388,33.17421900877612
7.0,97.37935273,67.54533353737983,29.83401919262016
4.0,82.52624851,65.03319357122388,17.493054938776126
2.5,98.04338304,63.77712358814591,34.26625945185408
4.0,72.15157479,65.03319357122388,7.118381218776122
1.5,78.34535674,62.93974359942726,15.40561314057274
4.0,99.1601418,65.03319357122388,34.12694822877613
0.5,62.89553884,62.102363610708615,0.7931752292913856
3.0,51.96787195,64.19581358250524,-12.227941632505235
5.5,79.08474787,66.28926355430185,12.795484315698147
10.0,98.89868045,70.05747350353577,28.841206946464226
7.0,97.46205604,67.54533353737983,29.91672250262016
6.0,17.61177125,66.70795354866118,-49.096182298661176
5.0,98.1460872,65.87057355994253,32.27551364005747
6.0,97.94473227,66.70795354866118,31.236778721338823
10.0,95.23628309,70.05747350353577,25.178809586464226
2.0,69.86952348,63.358433593786586,6.511089886213412
4.0,82.18267485,65.03319357122388,17.149481278776122
8.0,41.16151426,68.38271352609847,-27.221199266098473
2.0,84.69244832,63.358433593786586,21.33401472621341
9.0,0.127623738,69.22009351481712,-69.09246977681713
6.0,15.04494477,66.70795354866118,-51.66300877866118
3.0,94.54022686,64.19581358250524,30.344413277494766
6.0,66.08825915,66.70795354866118,-0.6196943986611814
0.5,84.68486522,62.102363610708615,22.58250160929139
10.0,25.72210511,70.05747350353577,-44.335368393535774
0.0,68.36945909,61.68367361634929,6.685785473650718
0.0,88.19401121,61.68367361634929,26.51033759365071
0.5,93.76714147,62.102363610708615,31.664777859291384
0.0,52.13911665,61.68367361634929,-9.54455696634929
1.0,14.02708141,62.521053605067934,-48.49397219506793
2.5,55.41633193,63.77712358814591,-8.360791658145914
1.5,51.74396482,62.93974359942726,-11.195778779427258
1.5,54.82320838,62.93974359942726,-8.116535219427263
0.0,44.29519256,61.68367361634929,-17.388481056349292
0.5,0.351195405,62.102363610708615,-61.751168205708616
0.5,48.82355055,62.102363610708615,-13.278813060708615
1.0,56.12271161,62.521053605067934,-6.3983419950679306
0.5,97.76629197,62.102363610708615,35.66392835929138
0.5,84.46222906,62.102363610708615,22.359865449291384
0.5,26.68936925,62.102363610708615,-35.412994360708616
0.5,96.55158594,62.102363610708615,34.44922232929138
5.0,80.3927078,65.87057355994253,14.522134240057468
0.5,26.68936925,62.102363610708615,-35.412994360708616
0.5,96.43759959,62.102363610708615,34.33523597929139
1.0,50.280802,62.521053605067934,-12.240251605067932
1.0,79.73361306,62.521053605067934,17.212559454932062
0.0,84.25378028,61.68367361634929,22.570106663650712
0.0,57.95910476,61.68367361634929,-3.7245688563492862
0.5,81.37814313,62.102363610708615,19.275779519291383
0.5,55.15612985,62.102363610708615,-6.9462337607086155
0.5,80.1306852,62.102363610708615,18.028321589291387
0.5,1.223660196,62.102363610708615,-60.87870341470862
0.5,97.17383472,62.102363610708615,35.07147110929139
2.0,68.13816439,63.358433593786586,4.779730796213414
0.0,68.08272065,61.68367361634929,6.39904703365071
0.5,36.04892235,62.102363610708615,-26.053441260708617
1.0,36.97117788,62.521053605067934,-25.549875725067935
0.5,91.16514243,62.102363610708615,29.06277881929139
0.5,84.57262784,62.102363610708615,22.47026422929138
0.5,97.36508485,62.102363610708615,35.26272123929139
0.0,60.52327398,61.68367361634929,-1.1603996363492897
0.5,71.04906399,62.102363610708615,8.946700379291379
1.5,21.67031209,62.93974359942726,-41.269431509427264
1.0,82.04981347,62.521053605067934,19.52875986493207
0.5,73.69856523,62.102363610708615,11.596201619291385
0.5,48.88422202,62.102363610708615,-13.218141590708612
6.0,25.54426508,66.70795354866118,-41.16368846866118
3.0,20.78050138,64.19581358250524,-43.415312202505234
1.0,32.35454194,62.521053605067934,-30.166511665067937
1.5,84.25378028,62.93974359942726,21.31403668057274
4.0,72.37341512,65.03319357122388,7.340221548776128
2.0,42.28388655,63.358433593786586,-21.074547043786588
4.0,40.5504485,65.03319357122388,-24.482745071223874
4.0,31.07256054,65.03319357122388,-33.96063303122388
0.5,18.46382222,62.102363610708615,-43.63854139070861
0.5,44.48848749,62.102363610708615,-17.613876120708618
1.0,17.10726474,62.521053605067934,-45.41378886506793
0.5,55.87295671,62.102363610708615,-6.229406900708618
0.5,71.73217243,62.102363610708615,9.62980881929139
0.5,64.30723303,62.102363610708615,2.2048694192913914
0.0,77.20364961,61.68367361634929,15.51997599365071
0.5,77.04936127,62.102363610708615,14.946997659291391
0.5,83.65146996,62.102363610708615,21.549106349291385
0.5,28.19590588,62.102363610708615,-33.90645773070861
0.0,70.31917473,61.68367361634929,8.635501113650712
1.5,74.73837182,62.93974359942726,11.798628220572738
0.5,29.93458107,62.102363610708615,-32.167782540708615
0.5,52.22408981,62.102363610708615,-9.878273800708612
0.5,24.60515146,62.102363610708615,-37.49721215070862
0.5,57.28656414,62.102363610708615,-4.815799470708612
0.5,9.166422739,62.102363610708615,-52.93594087170862
1.5,39.83290293,62.93974359942726,-23.106840669427257
2.0,41.29710255,63.358433593786586,-22.061331043786588
1.0,94.85089769,62.521053605067934,32.32984408493206
7.0,74.84675066,67.54533353737983,7.301417122620165
9.0,97.23364986,69.22009351481712,28.013556345182877
5.5,65.10834035,66.28926355430185,-1.1809232043018483
8.0,93.4942442,68.38271352609847,25.111530673901527
1.5,95.76721077,62.93974359942726,32.827467170572746
3.0,99.61995365,64.19581358250524,35.42414006749476
4.0,10.55214112,65.03319357122388,-54.481052451223874
1.0,55.13320687,62.521053605067934,-7.3878467350679315
0.0,39.03729713,61.68367361634929,-22.64637648634929
7.0,75.08579851,67.54533353737983,7.540464972620171
1.5,67.85584641,62.93974359942726,4.916102810572738
2.0,56.12271161,63.358433593786586,-7.235721983786583
2.5,72.77371208,63.77712358814591,8.996588491854084
3.0,75.42161697,64.19581358250524,11.225803387494764
1.0,71.40661886,62.521053605067934,8.885565254932061
2.0,80.55410129,63.358433593786586,17.19566769621342
5.0,78.9594291,65.87057355994253,13.088855540057466
3.5,30.14155853,64.61450357686456,-34.47294504686457
3.0,8.572778087,64.19581358250524,-55.623035495505235
6.0,52.16728949,66.70795354866118,-14.540664058661179
2.5,60.66321529,63.77712358814591,-3.1139082981459154
1.0,55.18146429,62.521053605067934,-7.339589315067933
3.0,63.00335407,64.19581358250524,-1.1924595125052377
0.5,28.86485531,62.102363610708615,-33.23750830070861
1.0,10.18249348,62.521053605067934,-52.338560125067936
5.0,15.52368583,65.87057355994253,-50.34688772994253
1.5,51.77995186,62.93974359942726,-11.159791739427263
0.5,41.73731334,62.102363610708615,-20.365050270708615
2.5,2.25e-06,63.77712358814591,-63.77712133814591
6.0,73.34615457,66.70795354866118,6.638201021338816
6.0,89.96770983,66.70795354866118,23.259756281338824
6.0,1.581399578,66.70795354866118,-65.12655397066118
2.5,27.29502022,63.77712358814591,-36.482103368145914
2.0,28.54864874,63.358433593786586,-34.80978485378658
5.0,42.9070731,65.87057355994253,-22.96350045994253
0.5,28.36149003,62.102363610708615,-33.740873580708616
2.0,76.12920997,63.358433593786586,12.77077637621342
2.5,87.16521278,63.77712358814591,23.388089191854093
5.0,71.24517665,65.87057355994253,5.374603090057477
3.0,50.642691,64.19581358250524,-13.553122582505239
2.0,90.7689509,63.358433593786586,27.410517306213407
4.0,97.31596569,65.03319357122388,32.28277211877612
4.5,2.702715023,65.4518835655832,-62.7491685425832
0.5,93.16003384,62.102363610708615,31.057670229291382
1.0,2.313488775,62.521053605067934,-60.20756483006793
7.0,99.17328495,67.54533353737983,31.627951412620163
1.0,63.47778733,62.521053605067934,0.9567337249320644
6.0,13.08187583,66.70795354866118,-53.62607771866118
5.0,45.28645414,65.87057355994253,-20.58411941994253
3.0,98.91230885,64.19581358250524,34.716495267494764
2.0,95.11584958,63.358433593786586,31.757415986213417
7.0,96.02199137,67.54533353737983,28.476657832620162
1.0,67.24002801,62.521053605067934,4.718974404932069
4.0,29.11078354,65.03319357122388,-35.922410031223876
0.5,91.15175113,62.102363610708615,29.04938751929138
1.0,7.402370058,62.521053605067934,-55.11868354706793
3.0,2.909291727,64.19581358250524,-61.286521855505235
5.0,35.53356949,65.87057355994253,-30.33700406994253
1.0,30.97488641,62.521053605067934,-31.546167195067934
1.5,50.14851643,62.93974359942726,-12.791227169427259
1.5,27.25450767,62.93974359942726,-35.685235929427265
1.0,35.87780684,62.521053605067934,-26.643246765067936
1.5,84.57523065,62.93974359942726,21.635487050572735
1.5,96.60449181,62.93974359942726,33.66474821057274
4.0,0.012937873,65.03319357122388,-65.02025569822388
8.0,64.9623322,68.38271352609847,-3.4203813260984646
2.0,57.23154694,63.358433593786586,-6.126886653786585
4.0,84.60323997,65.03319357122388,19.570046398776128
4.0,63.24664717,65.03319357122388,-1.7865464012238732
0.5,39.39239835,62.102363610708615,-22.709965260708614
10.0,98.40769524,70.05747350353577,28.35022173646422
6.0,90.445849,66.70795354866118,23.737895451338815
8.0,35.70830555,68.38271352609847,-32.67440797609847
0.5,29.93458107,62.102363610708615,-32.167782540708615
3.0,3.624612031,64.19581358250524,-60.57120155150524
1.0,57.16624079,62.521053605067934,-5.35481281506793
3.0,0.099974269,64.19581358250524,-64.09583931350524
0.0,13.16010488,61.68367361634929,-48.52356873634929
2.0,17.74504799,63.358433593786586,-45.61338560378658
6.0,78.66079606,66.70795354866118,11.952842511338815
3.0,99.00676486,64.19581358250524,34.810951277494766
3.0,65.01459821,64.19581358250524,0.8187846274947645
2.0,11.7578857,63.358433593786586,-51.60054789378658
7.0,31.95457566,67.54533353737983,-35.59075787737983
4.5,84.68839156,65.4518835655832,19.236507994416797
6.0,6.550834406,66.70795354866118,-60.15711914266118
4.0,83.86652792,65.03319357122388,18.83333434877612
4.0,11.9858923,65.03319357122388,-53.04730127122387
2.5,80.72244171,63.77712358814591,16.945318121854086
1.5,74.0489888,62.93974359942726,11.109245200572744
2.0,13.71140227,63.358433593786586,-49.647031323786585
4.0,69.13085778,65.03319357122388,4.0976642087761235
5.0,62.69018255,65.87057355994253,-3.180391009942525
2.0,59.36187206,63.358433593786586,-3.9965615337865827
4.0,62.69018255,65.03319357122388,-2.343011021223873
1.0,42.73610117,62.521053605067934,-19.784952435067936
1.5,63.45918088,62.93974359942726,0.5194372805727383
2.5,97.91131841,63.77712358814591,34.134194821854095
4.0,89.43535191,65.03319357122388,24.40215833877612
4.0,55.96980611,65.03319357122388,-9.063387461223876
3.0,88.10799552,64.19581358250524,23.912181937494765
4.0,86.2705902,65.03319357122388,21.237396628776125
2.0,71.891691,63.358433593786586,8.533257406213409
0.0,16.34633408,61.68367361634929,-45.33733953634929
4.0,20.41671842,65.03319357122388,-44.61647515122388
4.0,87.16138715,65.03319357122388,22.12819357877612
7.0,91.62141608,67.54533353737983,24.07608254262017
1.0,40.79455963,62.521053605067934,-21.726493975067932
8.0,22.66659312,68.38271352609847,-45.71612040609847
1.0,47.57875662,62.521053605067934,-14.942296985067934
8.0,93.57446282,68.38271352609847,25.191749293901523
1.0,59.47446449,62.521053605067934,-3.046589115067931
6.0,60.06952126,66.70795354866118,-6.638432288661178
5.0,26.20415662,65.87057355994253,-39.66641693994253
2.5,97.21755336,63.77712358814591,33.440429771854085
1.5,3.768482946,62.93974359942726,-59.17126065342726
3.0,82.23608164,64.19581358250524,18.040268057494757
6.0,95.36539337,66.70795354866118,28.657439821338826
6.0,92.91381168,66.70795354866118,26.205858131338815
5.5,89.56517468,66.28926355430185,23.275911125698144
5.0,51.28932037,65.87057355994253,-14.58125318994253
8.0,52.55947074,68.38271352609847,-15.823242786098469
1.5,40.8934694,62.93974359942726,-22.04627419942726
3.0,99.34120298,64.19581358250524,35.14538939749477
6.0,97.23548996,66.70795354866118,30.527536411338815
8.0,63.8076547,68.38271352609847,-4.57505882609847
6.0,63.80400179,66.70795354866118,-2.9039517586611794
7.0,41.79514038,67.54533353737983,-25.750193157379833
10.0,69.13113635,70.05747350353577,-0.9263371535357692
7.0,84.84665926,67.54533353737983,17.301325722620163
5.0,93.25956317,65.87057355994253,27.38898961005748
1.0,73.87758954,62.521053605067934,11.356535934932069
1.5,19.12650374,62.93974359942726,-43.813239859427256
4.0,89.82347469,65.03319357122388,24.79028111877612
10.0,97.6817734,70.05747350353577,27.624299896464223
2.0,66.84791246,63.358433593786586,3.4894788662134175
8.0,99.5327482,68.38271352609847,31.15003467390153
5.0,42.58443965,65.87057355994253,-23.286133909942528
0.5,87.79133475,62.102363610708615,25.68897113929139
1.0,62.05752496,62.521053605067934,-0.4635286450679317
3.0,23.56629787,64.19581358250524,-40.62951571250524
4.5,66.67372723,65.4518835655832,1.2218436644167951
5.0,54.17779991,65.87057355994253,-11.69277364994253
3.5,1.398242214,64.61450357686456,-63.216261362864564
0.5,49.07165942,62.102363610708615,-13.030704190708612
0.0,83.50451958,61.68367361634929,21.820845963650704
7.0,4.861742324,67.54533353737983,-62.683591213379835
1.0,5.750020485,62.521053605067934,-56.77103312006793
1.0,77.20364961,62.521053605067934,14.682596004932066
4.0,94.68291579,65.03319357122388,29.64972221877612
3.0,91.34293389,64.19581358250524,27.14712030749476
3.0,74.41879277,64.19581358250524,10.222979187494758
5.5,95.68925253,66.28926355430185,29.39998897569815
3.0,37.18895874,64.19581358250524,-27.00685484250524
7.0,93.13918876,67.54533353737983,25.593855222620164
0.5,38.60495566,62.102363610708615,-23.497407950708613
5.0,68.28334828,65.87057355994253,2.4127747200574703
3.5,34.21869952,64.61450357686456,-30.395804056864563
2.0,93.11718517,63.358433593786586,29.758751576213413
5.0,45.17144028,65.87057355994253,-20.69913327994253
7.0,5.901546091,67.54533353737983,-61.64378744637983
5.5,75.19253869,66.28926355430185,8.903275135698152
10.0,88.71558532,70.05747350353577,18.658111816464228
8.0,84.25452085,68.38271352609847,15.871807323901535
6.0,98.62953019,66.70795354866118,31.921576641338817
5.0,30.98255809,65.87057355994253,-34.88801546994253
4.0,95.12950717,65.03319357122388,30.09631359877612
5.5,96.96756116,66.28926355430185,30.67829760569815
5.0,49.88343043,65.87057355994253,-15.987143129942531
5.0,56.29565269,65.87057355994253,-9.574920869942531
8.0,79.66153065,68.38271352609847,11.278817123901533
5.5,80.77690249,66.28926355430185,14.487638935698143
2.5,86.74519316,63.77712358814591,22.968069571854087
9.0,16.03372613,69.22009351481712,-53.18636738481712
4.0,93.20315098,65.03319357122388,28.169957408776128
2.5,94.34347293,63.77712358814591,30.566349341854092
0.0,98.89321467,61.68367361634929,37.20954105365072
5.5,97.1843072,66.28926355430185,30.895043645698152
7.0,93.20315098,67.54533353737983,25.65781744262017
3.0,88.21172206,64.19581358250524,24.01590847749476
3.0,72.82376292,64.19581358250524,8.627949337494755
8.0,16.73999365,68.38271352609847,-51.64271987609847
5.0,58.167767,65.87057355994253,-7.70280655994253
7.0,58.40828186,67.54533353737983,-9.13705167737983
2.5,53.70643103,63.77712358814591,-10.070692558145915
3.0,75.2628239,64.19581358250524,11.067010317494763
5.5,36.8619196,66.28926355430185,-29.427343954301854
0.5,92.0955763,62.102363610708615,29.99321268929139
3.5,81.88920139,64.61450357686456,17.274697813135433
8.0,90.49868957,68.38271352609847,22.115976043901526
3.0,94.25302614,64.19581358250524,30.057212557494765
5.0,99.05950452,65.87057355994253,33.188930960057476
1.5,82.18267485,62.93974359942726,19.242931250572738
3.0,85.72136293,64.19581358250524,21.52554934749476
3.5,53.24794021,64.61450357686456,-11.366563366864561
6.0,66.54483144,66.70795354866118,-0.16312210866118448
9.0,51.61765844,69.22009351481712,-17.602435074817123
10.0,98.3498431,70.05747350353577,28.292369596464226
10.0,66.71134102,70.05747350353577,-3.3461324835357686
6.0,54.40819125,66.70795354866118,-12.299762298661179
4.0,98.40917302,65.03319357122388,33.37597944877612
3.0,55.68597478,64.19581358250524,-8.509838802505236
4.0,81.79666847,65.03319357122388,16.763474898776124
5.0,86.71569586,65.87057355994253,20.84512230005747
0.0,34.20904036,61.68367361634929,-27.474633256349286
2.5,91.17759683,63.77712358814591,27.400473241854087
1.5,74.51763205,62.93974359942726,11.577888450572743
7.0,89.17900904,67.54533353737983,21.633675502620164
3.5,58.09322257,64.61450357686456,-6.521281006864562
5.0,95.68357951,65.87057355994253,29.813005950057473
4.0,33.66779009,65.03319357122388,-31.36540348122388
8.0,91.59481599,68.38271352609847,23.21210246390153
7.0,78.31747374,67.54533353737983,10.772140202620164
7.0,48.66934789,67.54533353737983,-18.875985647379835
7.0,73.71563971,67.54533353737983,6.1703061726201724
6.0,74.61766754,66.70795354866118,7.909713991338819
7.0,54.38998582,67.54533353737983,-13.155347717379833
10.0,87.0929914,70.05747350353577,17.035517896464228
5.0,83.86594073,65.87057355994253,17.995367170057477
10.0,52.55947074,70.05747350353577,-17.498002763535773
7.0,64.48479627,67.54533353737983,-3.0605372673798286
1.0,72.01453889,62.521053605067934,9.493485284932063
10.0,78.10688836,70.05747350353577,8.049414856464224
0.5,97.34193033,62.102363610708615,35.23956671929138
4.5,62.95970228,65.4518835655832,-2.4921812855832
10.0,45.26162121,70.05747350353577,-24.795852293535773
7.0,81.37544358,67.54533353737983,13.830110042620163
5.5,89.78692125,66.28926355430185,23.49765769569815
7.0,93.58027647,67.54533353737983,26.03494293262017
3.5,29.14256978,64.61450357686456,-35.47193379686456
2.0,41.49272193,63.358433593786586,-21.865711663786584
2.5,58.62211115,63.77712358814591,-5.15501243814591
7.0,83.63410521,67.54533353737983,16.08877167262017
3.5,0.06888692,64.61450357686456,-64.54561665686457
1.0,70.57774417,62.521053605067934,8.056690564932069
0.5,2.880528749,62.102363610708615,-59.221834861708615
5.0,63.79127104,65.87057355994253,-2.07930251994253
3.0,92.08608045,64.19581358250524,27.89026686749476
1.5,17.74504799,62.93974359942726,-45.19469560942726
0.5,76.16361312,62.102363610708615,14.061249509291379
1.5,10.89712829,62.93974359942726,-52.04261530942726
6.0,80.06893476,66.70795354866118,13.360981211338824
3.0,46.07997675,64.19581358250524,-18.115836832505238
2.0,10.51649662,63.358433593786586,-52.84193697378659
1.0,70.07852644,62.521053605067934,7.557472834932071
0.0,47.52350758,61.68367361634929,-14.160166036349288
1.0,50.87045271,62.521053605067934,-11.650600895067932
3.0,96.52128507,64.19581358250524,32.32547148749477
1.0,96.43961705,62.521053605067934,33.91856344493206
8.0,73.02521942,68.38271352609847,4.642505893901529
1.0,74.57239196,62.521053605067934,12.05133835493207
1.0,54.15385884,62.521053605067934,-8.367194765067936
1.0,70.40604141,62.521053605067934,7.8849878049320665
2.5,49.20619657,63.77712358814591,-14.570927018145909
1.5,78.81888198,62.93974359942726,15.87913838057274
7.0,86.1407343,67.54533353737983,18.595400762620173
3.0,91.99165166,64.19581358250524,27.795838077494764
0.5,67.52127307,62.102363610708615,5.418909459291392
4.5,31.69146229,65.4518835655832,-33.7604212755832
5.5,66.71134102,66.28926355430185,0.42207746569815185
0.5,88.70562889,62.102363610708615,26.603265279291385
4.0,33.79539728,65.03319357122388,-31.237796291223873
2.5,54.36795158,63.77712358814591,-9.409172008145909
5.0,54.63077194,65.87057355994253,-11.239801619942526
6.0,25.61355879,66.70795354866118,-41.09439475866118
2.5,9.846546229,63.77712358814591,-53.930577359145914
6.0,87.3464244,66.70795354866118,20.638470851338823
3.5,85.95780965,64.61450357686456,21.343306073135437
4.0,99.02969173,65.03319357122388,33.99649815877612
2.0,12.16060398,63.358433593786586,-51.19782961378659
4.0,48.88422202,65.03319357122388,-16.148971551223873
2.0,56.7549496,63.358433593786586,-6.603483993786583
8.0,40.05564445,68.38271352609847,-28.327069076098468
6.0,12.35928755,66.70795354866118,-54.34866599866118
2.5,97.91385948,63.77712358814591,34.13673589185409
5.0,6.550834406,65.87057355994253,-59.31973915394253
4.0,2.56681879,65.03319357122388,-62.46637478122388
3.0,59.36187206,64.19581358250524,-4.833941522505235
3.5,59.36187206,64.61450357686456,-5.252631516864561
5.0,92.98915736,65.87057355994253,27.118583800057465
3.0,31.78001777,64.19581358250524,-32.41579581250524
3.0,77.46994059,64.19581358250524,13.274127007494755
6.0,10.1969851,66.70795354866118,-56.51096844866118
3.5,85.170329,64.61450357686456,20.55582542313543
3.5,89.32589276,64.61450357686456,24.711389183135438
0.5,22.86186612,62.102363610708615,-39.24049749070862
2.5,83.45551184,63.77712358814591,19.678388251854088
0.5,70.40604141,62.102363610708615,8.303677799291385
1.0,43.19281437,62.521053605067934,-19.328239235067933
1.5,82.97393233,62.93974359942726,20.034188730572737
2.5,65.80904497,63.77712358814591,2.03192138185409
3.0,61.4875819,64.19581358250524,-2.708231682505236
3.5,63.14078915,64.61450357686456,-1.4737144268645608
5.0,29.16525856,65.87057355994253,-36.70531499994253
2.5,68.26816807,63.77712358814591,4.4910444818540896
1.5,61.87699019,62.93974359942726,-1.062753409427259
2.5,74.26220694,63.77712358814591,10.485083351854087
1.0,58.8744133,62.521053605067934,-3.6466403050679332
8.0,62.14172597,68.38271352609847,-6.240987556098467
4.5,93.79543511,65.4518835655832,28.343551544416798
2.0,59.82202109,63.358433593786586,-3.536412503786586
6.0,88.43534523,66.70795354866118,21.727391681338815
5.0,74.63209612,65.87057355994253,8.761522560057472
2.5,69.13113635,63.77712358814591,5.354012761854094
5.0,55.56148302,65.87057355994253,-10.309090539942531
6.0,64.22682777,66.70795354866118,-2.4811257786611804
3.0,97.35259162,64.19581358250524,33.15677803749476
1.5,75.91512943,62.93974359942726,12.975385830572733
3.0,24.19083228,64.19581358250524,-40.00498130250524
0.0,47.7153177,61.68367361634929,-13.968355916349289
6.0,26.68936925,66.70795354866118,-40.01858429866118
0.5,91.21895864,62.102363610708615,29.116595029291382
1.5,40.43646118,62.93974359942726,-22.503282419427258
4.0,87.60528516,65.03319357122388,22.572091588776118
0.5,65.93660653,62.102363610708615,3.834242919291391
2.5,80.06893476,63.77712358814591,16.291811171854093
0.5,49.7850387,62.102363610708615,-12.317324910708614
3.0,31.47383063,64.19581358250524,-32.72198295250524
7.0,85.88884383,67.54533353737983,18.343510292620167
10.0,1.93e-07,70.05747350353577,-70.05747331053577
2.0,69.13085778,63.358433593786586,5.772424186213414
2.0,25.87739237,63.358433593786586,-37.48104122378659
0.0,0.083081072,61.68367361634929,-61.60059254434929
6.0,98.38097797,66.70795354866118,31.673024421338823
3.0,98.47769537,64.19581358250524,34.28188178749477
1.0,94.37294768,62.521053605067934,31.851894074932062
1.0,67.00407505,62.521053605067934,4.483021444932064
3.0,97.26692919,64.19581358250524,33.07111560749476
4.0,44.31506726,65.03319357122388,-20.718126311223877
0.5,9.60866394,62.102363610708615,-52.493699670708615
6.0,55.49638039,66.70795354866118,-11.211573158661182
6.0,49.54884889,66.70795354866118,-17.159104658661178
3.0,90.43366411,64.19581358250524,26.237850527494757
2.0,49.99841183,63.358433593786586,-13.360021763786584
3.5,95.23595706,64.61450357686456,30.62145348313544
3.0,58.3822996,64.19581358250524,-5.813513982505235
3.0,87.8987,64.19581358250524,23.702886417494767
2.5,96.35800023,63.77712358814591,32.58087664185409
1.0,72.03344585,62.521053605067934,9.512392244932073
1.5,93.94948189,62.93974359942726,31.00973829057274
2.0,84.25378028,63.358433593786586,20.895346686213415
1.0,35.04876286,62.521053605067934,-27.472290745067937
0.5,92.62027788,62.102363610708615,30.51791426929139
3.5,12.35928755,64.61450357686456,-52.25521602686457
4.0,18.94191976,65.03319357122388,-46.09127381122387
1.0,11.79596595,62.521053605067934,-50.72508765506794
3.5,83.81890611,64.61450357686456,19.204402533135436
4.0,62.32337542,65.03319357122388,-2.709818151223878
2.0,96.15514454,63.358433593786586,32.79671094621341
3.0,68.87790029,64.19581358250524,4.682086707494761
10.0,93.60197238,70.05747350353577,23.544498876464232
0.5,60.75926332,62.102363610708615,-1.3431002907086125
2.0,92.63103874,63.358433593786586,29.272605146213408
4.5,28.91092809,65.4518835655832,-36.5409554755832
6.0,84.98548123,66.70795354866118,18.277527681338825
0.5,58.69524984,62.102363610708615,-3.4071137707086123
1.0,80.48219497,62.521053605067934,17.96114136493206
6.0,99.4071271,66.70795354866118,32.699173551338816
0.5,95.58149175,62.102363610708615,33.47912813929138
0.5,75.83754765,62.102363610708615,13.73518403929139
9.0,97.80218106,69.22009351481712,28.582087545182873
7.0,99.38690541,67.54533353737983,31.841571872620165
1.0,38.28337982,62.521053605067934,-24.237673785067933
10.0,95.0351687,70.05747350353577,24.977695196464225
0.0,96.70162307,61.68367361634929,35.01794945365071
6.0,38.28337982,66.70795354866118,-28.42457372866118
1.5,73.05961868,62.93974359942726,10.11987508057274
3.0,60.50842316,64.19581358250524,-3.6873904225052385
2.0,52.82514857,63.358433593786586,-10.533285023786583
4.0,52.22408981,65.03319357122388,-12.809103761223874
4.0,61.78523973,65.03319357122388,-3.2479538412238753
0.0,57.31734359,61.68367361634929,-4.366330026349289
0.0,1.09e-06,61.68367361634929,-61.68367252634929
4.0,95.16751397,65.03319357122388,30.134320398776126
0.5,73.25197415,62.102363610708615,11.14961053929138
2.0,18.12467121,63.358433593786586,-45.23376238378658
4.0,56.04225389,65.03319357122388,-8.990939681223878
3.0,6.550834406,64.19581358250524,-57.64497917650524
8.0,97.21392691,68.38271352609847,28.831213383901527
1.5,79.92192149,62.93974359942726,16.982177890572743
1.5,79.52427005,62.93974359942726,16.58452645057274
0.0,96.62100237,61.68367361634929,34.93732875365071
6.0,55.39209463,66.70795354866118,-11.315858918661178
4.0,52.00817272,65.03319357122388,-13.025020851223879
3.5,84.68486522,64.61450357686456,20.070361643135442
3.0,36.41834536,64.19581358250524,-27.777468222505235
5.0,61.69382467,65.87057355994253,-4.17674888994253
5.0,98.50220887,65.87057355994253,32.631635310057476
4.0,60.51961267,65.03319357122388,-4.513580901223875
1.5,84.50209709,62.93974359942726,21.562353490572747
5.0,18.46382222,65.87057355994253,-47.40675133994253
0.0,94.98242996,61.68367361634929,33.298756343650716
3.0,84.50209709,64.19581358250524,20.30628350749477
2.0,38.13156894,63.358433593786586,-25.226864653786585
4.0,82.96083327,65.03319357122388,17.92763969877612
5.0,50.87045271,65.87057355994253,-15.000120849942526
1.0,68.07050984,62.521053605067934,5.549456234932066
4.0,49.51043175,65.03319357122388,-15.522761821223874
1.0,98.39425472,62.521053605067934,35.87320111493207
7.0,83.15630999,67.54533353737983,15.610976452620164
0.5,93.95733265,62.102363610708615,31.854969039291383
2.0,46.65281051,63.358433593786586,-16.705623083786584
1.5,47.13837771,62.93974359942726,-15.80136588942726
2.0,90.37184496,63.358433593786586,27.01341136621342
1.0,62.0396385,62.521053605067934,-0.4814151050679314
2.0,87.18889527,63.358433593786586,23.830461676213417
5.0,93.82451004,65.87057355994253,27.95393648005748
4.0,69.73373776,65.03319357122388,4.700544188776121
1.0,77.72521417,62.521053605067934,15.204160564932067
5.0,24.2039299,65.87057355994253,-41.66664365994253
2.0,89.69969835,63.358433593786586,26.34126475621342
3.0,95.6699827,64.19581358250524,31.474169117494768
2.0,1.112749347,63.358433593786586,-62.24568424678659
10.0,41.69642287,70.05747350353577,-28.361050633535775
1.5,71.18384227,62.93974359942726,8.24409867057274
1.0,56.4762692,62.521053605067934,-6.0447844050679365
0.0,93.70593285,61.68367361634929,32.02225923365071
0.5,93.53501253,62.102363610708615,31.43264891929139
0.0,59.72383084,61.68367361634929,-1.9598427763492907
6.0,77.80336579,66.70795354866118,11.09541224133882
2.0,85.850767,63.358433593786586,22.49233340621342
3.5,57.95910476,64.61450357686456,-6.655398816864562
5.5,47.66003889,66.28926355430185,-18.62922466430185
1.5,97.0022349,62.93974359942726,34.062491300572745
0.0,89.59113592,61.68367361634929,27.90746230365071
3.0,83.95952719,64.19581358250524,19.763713607494765
1.0,4.542952907,62.521053605067934,-57.978100698067934
7.0,89.02230612,67.54533353737983,21.476972582620164
2.5,89.3692002,63.77712358814591,25.592076611854083
1.0,65.65602309,62.521053605067934,3.1349694849320713
4.0,96.39064078,65.03319357122388,31.357447208776122
6.0,25.61355879,66.70795354866118,-41.09439475866118
9.0,57.7634963,69.22009351481712,-11.456597214817123
9.0,69.51240103,69.22009351481712,0.292307515182884
6.0,61.73415715,66.70795354866118,-4.973796398661179
10.0,69.21299403,70.05747350353577,-0.8444794735357704
6.0,97.47296053,66.70795354866118,30.765006981338814
4.0,95.40169991,65.03319357122388,30.36850633877613
4.5,24.78306649,65.4518835655832,-40.668817075583206
5.0,87.39539654,65.87057355994253,21.524822980057465
7.0,70.90474907,67.54533353737983,3.3594155326201616
3.0,85.89509592,64.19581358250524,21.699282337494765
5.0,89.00014206,65.87057355994253,23.129568500057474
0.0,45.94823752,61.68367361634929,-15.73543609634929
1.0,68.85523045,62.521053605067934,6.33417684493206
4.0,98.58345003,65.03319357122388,33.55025645877612
3.0,38.42613501,64.19581358250524,-25.769678572505235
5.0,99.04701118,65.87057355994253,33.17643762005747
1.5,47.36951916,62.93974359942726,-15.570224439427257
3.5,96.21000485,64.61450357686456,31.59550127313544
1.0,58.2330153,62.521053605067934,-4.288038305067936
5.0,88.16103385,65.87057355994253,22.290460290057467
3.0,95.63081156,64.19581358250524,31.43499797749476
2.0,90.05670299,63.358433593786586,26.69826939621342
1.5,74.23946269,62.93974359942726,11.299719090572736
2.5,88.54090852,63.77712358814591,24.76378493185409
4.0,98.47670004,65.03319357122388,33.44350646877612
6.0,91.87246689,66.70795354866118,25.164513341338818
4.0,73.71563971,65.03319357122388,8.682446138776129
3.0,86.68831688,64.19581358250524,22.492503297494764
3.0,40.79455963,64.19581358250524,-23.401253952505236
1.0,42.53225571,62.521053605067934,-19.988797895067933
4.0,70.84066228,65.03319357122388,5.807468708776128
5.0,74.23946269,65.87057355994253,8.368889130057468
5.0,98.59438441,65.87057355994253,32.723810850057475
1.5,87.69719593,62.93974359942726,24.757452330572747
7.0,73.49549106,67.54533353737983,5.950157522620174
4.0,74.16259684,65.03319357122388,9.12940326877613
3.0,0.089816787,64.19581358250524,-64.10599679550523
6.0,99.51830404,66.70795354866118,32.81035049133882
4.5,3.961497341,65.4518835655832,-61.490386224583204
1.0,49.0050896,62.521053605067934,-13.515964005067936
1.0,90.08907671,62.521053605067934,27.568023104932067
2.5,96.73975317,63.77712358814591,32.96262958185409
3.0,92.98915736,64.19581358250524,28.793343777494755
1.5,67.92773224,62.93974359942726,4.987988640572738
3.5,70.24766118,64.61450357686456,5.63315760313543
0.0,90.69075623,61.68367361634929,29.007082613650716
0.5,82.88073183,62.102363610708615,20.778368219291387
4.0,79.28331566,65.03319357122388,14.250122088776124
4.0,65.88575167,65.03319357122388,0.8525580987761288
4.5,3.208522211,65.4518835655832,-62.2433613545832
7.0,99.92595141,67.54533353737983,32.380617872620164
1.0,91.02771303,62.521053605067934,28.506659424932067
1.0,89.13095081,62.521053605067934,26.609897204932068
4.0,95.16031835,65.03319357122388,30.12712477877612
2.0,79.49010291,63.358433593786586,16.13166931621342
8.0,80.50659742,68.38271352609847,12.123883893901535
1.5,65.22758067,62.93974359942726,2.287837070572735
2.0,32.12906956,63.358433593786586,-31.229364033786588
5.0,90.63852931,65.87057355994253,24.767955750057467
4.5,90.445849,65.4518835655832,24.993965434416793
3.0,42.90615422,64.19581358250524,-21.28965936250524
4.5,64.9623322,65.4518835655832,-0.48955136558319623
6.0,74.79862377,66.70795354866118,8.090670221338826
2.5,37.90396026,63.77712358814591,-25.873163328145914
3.0,45.31636422,64.19581358250524,-18.87944936250524
2.0,11.68740441,63.358433593786586,-51.67102918378659
6.0,70.67451976,66.70795354866118,3.966566211338815
3.5,47.49270385,64.61450357686456,-17.121799726864566
1.0,67.57774648,62.521053605067934,5.056692874932068
5.0,20.75227445,65.87057355994253,-45.11829910994253
6.0,90.06772465,66.70795354866118,23.359771101338822
2.0,79.34318571,63.358433593786586,15.984752116213414
0.0,89.90357427,61.68367361634929,28.219900653650704
2.0,48.05850021,63.358433593786586,-15.299933383786588
3.0,96.21949411,64.19581358250524,32.02368052749476
9.0,98.6657555,69.22009351481712,29.44566198518288
1.5,38.97407692,62.93974359942726,-23.965666679427258
5.0,94.66659282,65.87057355994253,28.796019260057477
3.5,80.79348995,64.61450357686456,16.17898637313543
10.0,72.35308828,70.05747350353577,2.2956147764642196
5.5,72.79132938,66.28926355430185,6.502065825698139
7.0,76.38362459,67.54533353737983,8.838291052620164
0.0,96.42814963,61.68367361634929,34.744476013650704
5.5,71.18192791,66.28926355430185,4.892664355698145
1.5,98.86047525,62.93974359942726,35.92073165057273
5.0,94.79064882,65.87057355994253,28.920075260057473
10.0,81.20841596,70.05747350353577,11.150942456464222
5.5,5.070497127,66.28926355430185,-61.21876642730185
1.5,95.93874795,62.93974359942726,32.99900435057275
6.0,65.88575167,66.70795354866118,-0.8222018786611756
4.0,83.90660452,65.03319357122388,18.873410948776126
6.0,98.3895016,66.70795354866118,31.681548051338822
10.0,46.40807262,70.05747350353577,-23.649400883535776
5.5,88.08579404,66.28926355430185,21.796530485698142
0.0,97.92048132,61.68367361634929,36.236807703650705
3.0,41.92174434,64.19581358250524,-22.27406924250524
3.0,9.013571525,64.19581358250524,-55.182242057505235
2.5,99.64821934,63.77712358814591,35.871095751854085
3.5,75.65036356,64.61450357686456,11.035859983135438
4.0,98.57848685,65.03319357122388,33.54529327877613
1.0,50.45031829,62.521053605067934,-12.070735315067935
0.0,49.77019799,61.68367361634929,-11.913475626349289
10.0,73.26786003,70.05747350353577,3.2103865264642195
10.0,99.19305849,70.05747350353577,29.135584986464224
4.0,80.79348995,65.03319357122388,15.760296378776118
9.0,21.37911604,69.22009351481712,-47.84097747481712
4.0,26.01707526,65.03319357122388,-39.01611831122388
0.5,69.91124718,62.102363610708615,7.808883569291389
2.0,44.42268346,63.358433593786586,-18.935750133786584
7.0,46.7792279,67.54533353737983,-20.76610563737983
7.0,98.53367128,67.54533353737983,30.98833774262016
2.5,83.30894196,63.77712358814591,19.531818371854087
4.0,34.55230954,65.03319357122388,-30.480884031223873
2.5,78.49593958,63.77712358814591,14.718815991854086
2.5,80.0856194,63.77712358814591,16.308495811854087
6.0,64.26150224,66.70795354866118,-2.4464513086611817
2.0,97.30702879,63.358433593786586,33.94859519621342
4.0,23.90166614,65.03319357122388,-41.13152743122387
6.0,11.91054027,66.70795354866118,-54.79741327866118
0.5,98.3261157,62.102363610708615,36.22375208929139
3.0,90.51467987,64.19581358250524,26.318866287494757
6.0,80.10329033,66.70795354866118,13.395336781338813
3.5,77.68619969,64.61450357686456,13.071696113135431
10.0,8.393184485,70.05747350353577,-61.664289018535776
5.0,41.16151426,65.87057355994253,-24.70905929994253
5.0,23.68951218,65.87057355994253,-42.18106137994253
10.0,98.20297451,70.05747350353577,28.14550100646423
5.0,99.69149627,65.87057355994253,33.820922710057474
5.0,82.96083327,65.87057355994253,17.090259710057467
10.0,78.39679845,70.05747350353577,8.339324946464231
10.0,45.94823752,70.05747350353577,-24.109235983535775
4.0,75.86208809,65.03319357122388,10.828894518776124
2.0,87.89933447,63.358433593786586,24.540900876213414
6.0,98.09399692,66.70795354866118,31.386043371338815
2.5,72.3235904,63.77712358814591,8.546466811854089
5.0,99.5898324,65.87057355994253,33.71925884005748
0.5,70.2948453,62.102363610708615,8.192481689291391
8.0,33.79539728,68.38271352609847,-34.58731624609847
2.5,94.02678099,63.77712358814591,30.249657401854094
6.0,35.04876286,66.70795354866118,-31.659190688661184
10.0,84.07541706,70.05747350353577,14.017943556464232
6.0,98.36845877,66.70795354866118,31.660505221338823
5.0,90.83906742,65.87057355994253,24.968493860057478
5.0,58.167767,65.87057355994253,-7.70280655994253
7.0,0.228962339,67.54533353737983,-67.31637119837983
4.0,97.93389699,65.03319357122388,32.90070341877612
3.0,94.1589128,64.19581358250524,29.963099217494758
3.0,64.47468905,64.19581358250524,0.2788754674947569
4.0,5.526833422,65.03319357122388,-59.50636014922387
2.0,80.60383865,63.358433593786586,17.245405056213414
3.0,98.39388191,64.19581358250524,34.19806832749477
4.0,74.41879277,65.03319357122388,9.38559919877612
4.0,95.08595591,65.03319357122388,30.05276233877612
2.0,46.48345897,63.358433593786586,-16.874974623786585
3.5,28.59861823,64.61450357686456,-36.015885346864565
3.0,99.53848485,64.19581358250524,35.342671267494765
2.5,91.18588253,63.77712358814591,27.40875894185409
2.0,90.27142777,63.358433593786586,26.912994176213417
4.0,94.1589128,65.03319357122388,29.12571922877612
2.0,99.30684128,63.358433593786586,35.948407686213415
1.5,35.04876286,62.93974359942726,-27.890980739427263
2.0,77.86602504,63.358433593786586,14.50759144621341
4.0,93.70323473,65.03319357122388,28.67004115877613
0.0,62.27885472,61.68367361634929,0.5951811036507095
6.0,96.96756116,66.70795354866118,30.259607611338822
3.0,93.5776631,64.19581358250524,29.381849517494757
7.0,74.69115727,67.54533353737983,7.145823732620173
2.5,99.35762909,63.77712358814591,35.58050550185409
4.0,92.47053644,65.03319357122388,27.437342868776128
0.5,98.44322633,62.102363610708615,36.34086271929139
2.5,97.95151358,63.77712358814591,34.174389991854085
1.5,98.41070272,62.93974359942726,35.47095912057274
4.5,93.99215342,65.4518835655832,28.540269854416792
4.0,31.63999593,65.03319357122388,-33.39319764122388
4.0,88.98949561,65.03319357122388,23.95630203877613
4.0,21.16741012,65.03319357122388,-43.86578345122388
1.0,80.85855022,62.521053605067934,18.337496614932064
2.0,36.3201391,63.358433593786586,-27.038294493786587
5.0,97.31278775,65.87057355994253,31.44221419005747
3.5,83.09080929,64.61450357686456,18.47630571313543
6.0,56.72430248,66.70795354866118,-9.983651068661182
5.0,13.9696424,65.87057355994253,-51.90093115994253
1.0,99.65808366,62.521053605067934,37.13703005493207
2.5,87.59163865,63.77712358814591,23.81451506185408
3.0,75.0530445,64.19581358250524,10.85723091749476
1.0,77.86602504,62.521053605067934,15.344971434932063
4.0,57.95910476,65.03319357122388,-7.074088811223874
5.0,25.62543853,65.87057355994253,-40.24513502994253
5.0,97.60393024,65.87057355994253,31.73335668005747
2.0,89.3692002,63.358433593786586,26.01076660621341
3.0,72.36220244,64.19581358250524,8.166388857494766
1.0,84.35424182,62.521053605067934,21.833188214932065
4.0,66.84791246,65.03319357122388,1.8147188887761274
5.0,73.23537154,65.87057355994253,7.3647979800574745
4.0,89.72936724,65.03319357122388,24.696173668776126
4.0,84.57523065,65.03319357122388,19.54203707877612
4.5,25.70763057,65.4518835655832,-39.7442529955832
3.5,39.30780725,64.61450357686456,-25.30669632686456
4.0,83.60669867,65.03319357122388,18.573505098776124
0.5,54.40385458,62.102363610708615,-7.698509030708614
5.0,87.80684545,65.87057355994253,21.93627189005747
4.0,84.16819767,65.03319357122388,19.135004098776122
1.5,66.84791246,62.93974359942726,3.9081688605727436
1.0,68.13816439,62.521053605067934,5.617110784932066
2.5,81.49581012,63.77712358814591,17.71868653185409
8.0,2.702715023,68.38271352609847,-65.67999850309847
4.0,33.10249599,65.03319357122388,-31.930697581223875
8.0,72.59307595,68.38271352609847,4.210362423901529
1.0,78.31570259,62.521053605067934,15.794648984932067
7.0,64.86991546,67.54533353737983,-2.675418077379831
3.0,25.37454537,64.19581358250524,-38.82126821250524
3.0,18.33302569,64.19581358250524,-45.86278789250524
0.5,96.71574944,62.102363610708615,34.61338582929138
3.5,53.65661966,64.61450357686456,-10.957883916864567
1.0,86.28807602,62.521053605067934,23.76702241493207
5.0,25.72210511,65.87057355994253,-40.14846844994253
7.0,65.88575167,67.54533353737983,-1.6595818673798277
2.5,88.94135048,63.77712358814591,25.164226891854085
5.0,19.05524328,65.87057355994253,-46.81533027994253
0.5,82.69630628,62.102363610708615,20.593942669291387
4.0,78.71212761,65.03319357122388,13.67893403877612
6.0,97.0639858,66.70795354866118,30.356032251338817
4.0,97.36035322,65.03319357122388,32.32715964877612
8.0,89.17900904,68.38271352609847,20.796295513901526
5.0,93.8762319,65.87057355994253,28.005658340057465
4.0,66.99718709,65.03319357122388,1.963993518776121
9.0,57.63778505,69.22009351481712,-11.582308464817125
4.0,45.29045811,65.03319357122388,-19.742735461223873
2.0,58.8744133,63.358433593786586,-4.484020293786585
2.5,92.80794118,63.77712358814591,29.03081759185409
3.0,96.52233084,64.19581358250524,32.32651725749476
10.0,86.05632028,70.05747350353577,15.99884677646422
0.0,91.91194746,61.68367361634929,30.228273843650705
4.0,68.25363425,65.03319357122388,3.2204406787761286
5.0,43.08896674,65.87057355994253,-22.78160681994253
7.0,58.63151452,67.54533353737983,-8.91381901737983
8.0,93.61122094,68.38271352609847,25.228507413901525
5.0,41.01256196,65.87057355994253,-24.85801159994253
3.0,77.84050233,64.19581358250524,13.644688747494769
1.0,20.54967205,62.521053605067934,-41.971381555067936
5.0,61.78523973,65.87057355994253,-4.0853338299425275
2.5,85.71224216,63.77712358814591,21.93511857185409
5.0,27.97089061,65.87057355994253,-37.89968294994253
5.0,56.12875598,65.87057355994253,-9.741817579942527
6.0,70.79270495,66.70795354866118,4.084751401338821
1.0,92.08608045,62.521053605067934,29.565026844932063
0.0,88.94135048,61.68367361634929,27.25767686365071
5.0,88.50854926,65.87057355994253,22.637975700057467
2.0,96.86687518,63.358433593786586,33.50844158621341
2.5,66.95017509,63.77712358814591,3.17305150185409
3.0,74.94487901,64.19581358250524,10.749065427494756
5.0,72.13833601,65.87057355994253,6.267762450057475
4.0,64.26150224,65.03319357122388,-0.7716913312238773
5.0,43.08896674,65.87057355994253,-22.78160681994253
6.0,66.95017509,66.70795354866118,0.24222154133882157
6.0,98.20741258,66.70795354866118,31.499459031338816
4.0,40.01619315,65.03319357122388,-25.017000421223877
3.0,79.64164185,64.19581358250524,15.445828267494761
8.0,96.30631061,68.38271352609847,27.923597083901527
5.0,94.51177834,65.87057355994253,28.64120478005748
5.0,95.38126273,65.87057355994253,29.510689170057475
2.0,44.31252997,63.358433593786586,-19.045903623786586
6.0,50.27447135,66.70795354866118,-16.43348219866118
5.0,93.71983177,65.87057355994253,27.84925821005747
0.0,87.77485669,61.68367361634929,26.091183073650704
9.0,55.35057859,69.22009351481712,-13.869514924817125
8.0,58.90596184,68.38271352609847,-9.476751686098467
2.0,8.31144901,63.358433593786586,-55.04698458378658
0.0,28.36503577,61.68367361634929,-33.31863784634929
5.0,72.81720747,65.87057355994253,6.946633910057471
4.0,80.83682069,65.03319357122388,15.80362711877612
3.0,82.25306188,64.19581358250524,18.057248297494766
5.0,46.75078327,65.87057355994253,-19.11979028994253
8.0,43.36390952,68.38271352609847,-25.01880400609847
4.0,74.57239196,65.03319357122388,9.539198388776128
6.0,76.22882474,66.70795354866118,9.520871191338813
4.0,82.9590179,65.03319357122388,17.92582432877613
0.5,93.77870978,62.102363610708615,31.676346169291385
3.0,25.87739237,64.19581358250524,-38.31842121250524
1.5,14.13953985,62.93974359942726,-48.80020374942726
1.0,76.3857129,62.521053605067934,13.864659294932068
0.5,62.64948057,62.102363610708615,0.5471169592913867
2.5,79.93438595,63.77712358814591,16.157262361854094
5.5,99.04348497,66.28926355430185,32.75422141569814
8.0,91.89342822,68.38271352609847,23.510714693901534
8.0,50.87045271,68.38271352609847,-17.51226081609847
5.0,96.59814222,65.87057355994253,30.72756866005747
6.0,79.65116681,66.70795354866118,12.943213261338826
4.0,70.90474907,65.03319357122388,5.871555498776118
5.0,97.9495474,65.87057355994253,32.07897384005747
4.0,61.98778257,65.03319357122388,-3.0454110012238758
10.0,62.03042194,70.05747350353577,-8.027051563535778
1.0,94.65708955,62.521053605067934,32.13603594493206
4.0,1.880128952,65.03319357122388,-63.153064619223876
1.0,94.71903906,62.521053605067934,32.197985454932066
4.0,66.95017509,65.03319357122388,1.9169815187761259
2.5,75.23984427,63.77712358814591,11.462720681854094
2.0,90.27142777,63.358433593786586,26.912994176213417
8.0,54.76825471,68.38271352609847,-13.61445881609847
0.0,76.30122422,61.68367361634929,14.617550603650706
5.0,89.23253452,65.87057355994253,23.361960960057473
7.0,99.56880333,67.54533353737983,32.02346979262016
5.5,50.9578953,66.28926355430185,-15.331368254301857
0.0,97.9696822,61.68367361634929,36.286008583650705
3.5,40.5504485,64.61450357686456,-24.064055076864562
8.0,64.26150224,68.38271352609847,-4.121211286098472
7.0,75.27125781,67.54533353737983,7.725924272620162
2.5,42.35560365,63.77712358814591,-21.421519938145913
0.0,92.80961955,61.68367361634929,31.125945933650705
2.0,98.26889208,63.358433593786586,34.910458486213415
1.0,88.43534523,62.521053605067934,25.914291624932062
6.0,60.9709885,66.70795354866118,-5.736965048661183
2.5,32.35454194,63.77712358814591,-31.422581648145915
2.5,94.30345823,63.77712358814591,30.526334641854092
8.0,42.63682854,68.38271352609847,-25.745884986098467
9.0,38.76504839,69.22009351481712,-30.455045124817126
4.0,42.53225571,65.03319357122388,-22.500937861223875
1.5,91.66538347,62.93974359942726,28.725639870572735
2.5,96.23617059,63.77712358814591,32.45904700185409
5.0,96.59366997,65.87057355994253,30.723096410057465
8.0,91.34279969,68.38271352609847,22.960086163901536
9.0,32.49797332,69.22009351481712,-36.72212019481712
4.0,83.84809589,65.03319357122388,18.81490231877612
5.0,89.59808958,65.87057355994253,23.72751602005748
6.0,75.56967464,66.70795354866118,8.861721091338822
7.0,82.1545869,67.54533353737983,14.609253362620166
9.0,71.24184164,69.22009351481712,2.0217481251828815
6.0,96.9011252,66.70795354866118,30.193171651338815
8.0,20.10002435,68.38271352609847,-48.28268917609847
3.0,56.78007284,64.19581358250524,-7.4157407425052355
3.0,35.07000003,64.19581358250524,-29.125813552505235
2.0,83.95952719,63.358433593786586,20.601093596213417
3.0,71.40661886,64.19581358250524,7.210805277494757
1.0,99.07953216,62.521053605067934,36.558478554932066
3.5,57.42808938,64.61450357686456,-7.186414196864561
10.0,56.10159588,70.05747350353577,-13.955877623535777
3.0,85.86746891,64.19581358250524,21.67165532749476
10.0,75.39423481,70.05747350353577,5.336761306464226
5.0,70.24766118,65.87057355994253,4.377087620057466
7.0,94.23905608,67.54533353737983,26.693722542620165
5.0,93.57527412,65.87057355994253,27.704700560057475
6.0,69.13113635,66.70795354866118,2.4231828013388252
10.0,71.62164751,70.05747350353577,1.5641740064642278
10.0,95.15545676,70.05747350353577,25.097983256464232
4.0,58.96570164,65.03319357122388,-6.067491931223877
5.0,88.65871597,65.87057355994253,22.788142410057475
5.0,23.64375283,65.87057355994253,-42.22682072994253
7.0,61.17255793,67.54533353737983,-6.372775607379829
5.0,76.08348266,65.87057355994253,10.212909100057473
7.0,76.10324407,67.54533353737983,8.55791053262017
7.0,97.64370481,67.54533353737983,30.09837127262017
4.0,96.78605651,65.03319357122388,31.75286293877612
4.0,65.03168045,65.03319357122388,-0.0015131212238799208
5.0,74.41919519,65.87057355994253,8.548621630057468
1.5,92.94610432,62.93974359942726,30.006360720572744
1.0,27.25450767,62.521053605067934,-35.26654593506794
5.0,99.89300393,65.87057355994253,34.02243037005748
5.0,92.18672887,65.87057355994253,26.316155310057468
3.0,89.5116963,64.19581358250524,25.31588271749476
5.5,89.23519997,66.28926355430185,22.945936415698142
6.0,91.20270534,66.70795354866118,24.494751791338814
3.0,82.19258456,64.19581358250524,17.996770977494762
0.0,59.20569812,61.68367361634929,-2.4779754963492877
2.5,95.56634428,63.77712358814591,31.789220691854084
1.5,80.83682069,62.93974359942726,17.897077090572736
2.5,95.42186206,63.77712358814591,31.644738471854083
5.0,71.6376304,65.87057355994253,5.767056840057478
5.5,97.9086358,66.28926355430185,31.619372245698145
10.0,78.07407908,70.05747350353577,8.01660557646423
3.0,74.42424318,64.19581358250524,10.228429597494767
2.0,97.91594395,63.358433593786586,34.55751035621341
8.0,83.4914366,68.38271352609847,15.10872307390153
6.0,16.07384529,66.70795354866118,-50.63410825866118
0.5,94.11943839,62.102363610708615,32.017074779291384
6.0,65.84221705,66.70795354866118,-0.8657364986611782
4.0,82.21719131,65.03319357122388,17.183997738776128
7.0,95.56878315,67.54533353737983,28.02344961262017
5.5,53.20245682,66.28926355430185,-13.086806734301852
5.0,90.83906742,65.87057355994253,24.968493860057478
3.5,28.62242966,64.61450357686456,-35.99207391686456
6.0,95.77015302,66.70795354866118,29.062199471338815
4.5,72.22436715,65.4518835655832,6.772483584416804
10.0,5.386067358,70.05747350353577,-64.67140614553577
6.0,71.24031837,66.70795354866118,4.532364821338817
2.5,92.54301116,63.77712358814591,28.765887571854094
5.0,61.73415715,65.87057355994253,-4.136416409942527
6.0,98.054357,66.70795354866118,31.346403451338816
9.0,82.31303268,69.22009351481712,13.092939165182884
6.0,94.46094876,66.70795354866118,27.752995211338813
5.0,95.34311212,65.87057355994253,29.472538560057473
5.0,88.86798665,65.87057355994253,22.997413090057478
8.0,62.71201935,68.38271352609847,-5.670694176098472
8.0,40.74620124,68.38271352609847,-27.636512286098473
6.0,97.26543733,66.70795354866118,30.557483781338817
9.0,82.96083327,69.22009351481712,13.740739755182872
4.5,81.62895753,65.4518835655832,16.177073964416792
4.0,81.16568453,65.03319357122388,16.132490958776117
5.0,86.99550206,65.87057355994253,21.12492850005748
2.5,64.50937136,63.77712358814591,0.732247771854091
3.0,20.30640586,64.19581358250524,-43.88940772250524
2.0,73.99784099,63.358433593786586,10.639407396213414
5.0,83.59949632,65.87057355994253,17.728922760057472
6.0,30.82641153,66.70795354866118,-35.88154201866118
7.0,69.17629728,67.54533353737983,1.6309637426201675
3.5,81.53114812,64.61450357686456,16.916644543135433
1.0,58.09322257,62.521053605067934,-4.427831035067932
10.0,78.13156862,70.05747350353577,8.074095116464221
8.0,25.42919289,68.38271352609847,-42.953520636098474
8.0,47.57670396,68.38271352609847,-20.806009566098467
3.0,76.48331705,64.19581358250524,12.287503467494759
5.5,96.94902892,66.28926355430185,30.65976536569815
6.0,91.21895864,66.70795354866118,24.511005091338816
2.5,46.07997675,63.77712358814591,-17.697146838145912
1.5,93.87619898,62.93974359942726,30.93645538057274
1.0,33.58796716,62.521053605067934,-28.933086445067936
5.0,65.88575167,65.87057355994253,0.015178110057476601
10.0,45.84835334,70.05747350353577,-24.209120163535772
6.0,79.26538475,66.70795354866118,12.557431201338815
6.0,74.34578782,66.70795354866118,7.637834271338818
4.0,42.1484795,65.03319357122388,-22.884714071223875
5.0,43.67278106,65.87057355994253,-22.19779249994253
1.0,25.47680879,62.521053605067934,-37.044244815067934
2.5,56.12875598,63.77712358814591,-7.648367608145911
1.0,80.59668985,62.521053605067934,18.07563624493207
2.0,61.62522673,63.358433593786586,-1.7332068637865845
8.0,94.34347293,68.38271352609847,25.960759403901534
4.0,17.21244391,65.03319357122388,-47.82074966122387
5.0,96.10197605,65.87057355994253,30.231402490057476
7.0,84.90617063,67.54533353737983,17.360837092620173
3.5,64.31389023,64.61450357686456,-0.30061334686456576
10.0,71.29218349,70.05747350353577,1.2347099864642246
0.5,92.90410867,62.102363610708615,30.801745059291385
0.0,98.07642499,61.68367361634929,36.39275137365072
2.0,98.74553389,63.358433593786586,35.38710029621342
4.5,88.10799552,65.4518835655832,22.6561119544168
3.0,79.94321014,64.19581358250524,15.747396557494767
3.5,97.83039649,64.61450357686456,33.215892913135434
2.0,97.10109186,63.358433593786586,33.74265826621341
1.0,48.42401661,62.521053605067934,-14.097036995067931
4.0,33.68104796,65.03319357122388,-31.352145611223875
5.0,37.55228267,65.87057355994253,-28.31829088994253
5.0,98.50335879,65.87057355994253,32.632785230057465
1.0,97.62072301,62.521053605067934,35.09966940493207
5.0,60.69733048,65.87057355994253,-5.17324307994253
4.0,45.52610311,65.03319357122388,-19.507090461223875
5.0,73.78343944,65.87057355994253,7.912865880057467
4.0,44.91365764,65.03319357122388,-20.11953593122388
4.5,58.18521241,65.4518835655832,-7.266671155583204
1.0,99.45866117,62.521053605067934,36.937607564932065
5.0,91.9506401,65.87057355994253,26.080066540057473
1.5,45.29941242,62.93974359942726,-17.640331179427257
0.5,41.98150796,62.102363610708615,-20.120855650708613
3.5,65.84221705,64.61450357686456,1.227713473135438
5.0,99.52050181,65.87057355994253,33.64992825005747
3.0,74.60880949,64.19581358250524,10.41299590749476
5.0,52.22408981,65.87057355994253,-13.646483749942526
2.0,79.456875,63.358433593786586,16.09844140621341
1.0,72.81720747,62.521053605067934,10.296153864932066
5.0,33.66779009,65.87057355994253,-32.20278346994253
2.0,57.62712177,63.358433593786586,-5.731311823786584
1.5,49.86074291,62.93974359942726,-13.07900068942726
1.0,99.04930357,62.521053605067934,36.52824996493207
8.0,99.6818217,68.38271352609847,31.29910817390153
5.0,96.20990788,65.87057355994253,30.339334320057475
0.5,98.68605395,62.102363610708615,36.58369033929139
4.0,23.10048656,65.03319357122388,-41.932707011223876
7.0,89.26269177,67.54533353737983,21.71735823262017
2.5,97.0635008,63.77712358814591,33.28637721185409
5.0,51.32765319,65.87057355994253,-14.542920369942529
0.5,35.23653034,62.102363610708615,-26.865833270708613
9.0,57.95910476,69.22009351481712,-11.26098875481712
1.0,28.62242966,62.521053605067934,-33.89862394506793
2.5,96.62543678,63.77712358814591,32.84831319185409
2.0,77.69452247,63.358433593786586,14.33608887621341
6.0,74.43648056,66.70795354866118,7.7285270113388265
7.0,95.75792652,67.54533353737983,28.212592982620166
1.5,77.57745314,62.93974359942726,14.637709540572743
10.0,50.2032122,70.05747350353577,-19.854261303535772
4.0,61.04994431,65.03319357122388,-3.9832492612238752
5.0,98.24871822,65.87057355994253,32.37814466005747
8.0,29.2031064,68.38271352609847,-39.179607126098475
4.0,98.14567295,65.03319357122388,33.11247937877613
3.0,98.08190029,64.19581358250524,33.886086707494755
2.0,47.13837771,63.358433593786586,-16.220055883786586
10.0,84.69869562,70.05747350353577,14.64122211646422
7.0,99.56771058,67.54533353737983,32.022377042620164
8.0,80.36346566,68.38271352609847,11.980752133901532
6.0,73.74393215,66.70795354866118,7.035978601338826
1.0,18.12467121,62.521053605067934,-44.39638239506793
0.0,63.70622574,61.68367361634929,2.022552123650712
4.0,47.24873407,65.03319357122388,-17.78445950122388
3.0,9.644098976,64.19581358250524,-54.551714606505236
1.0,64.18227413,62.521053605067934,1.6612205249320624
1.0,82.7114493,62.521053605067934,20.190395694932064
0.5,63.18796467,62.102363610708615,1.0856010592913847
4.0,92.84085921,65.03319357122388,27.80766563877613
4.0,39.39239835,65.03319357122388,-25.640795221223875
6.0,40.43646118,66.70795354866118,-26.27149236866118
2.5,19.12902502,63.77712358814591,-44.64809856814591
8.0,78.13156862,68.38271352609847,9.748855093901525
1.0,89.23352868,62.521053605067934,26.712475074932073
10.0,92.37266985,70.05747350353577,22.31519634646422
2.0,81.64099246,63.358433593786586,18.28255886621342
5.0,90.59028078,65.87057355994253,24.719707220057472
5.5,69.13113635,66.28926355430185,2.8418727956981513
10.0,92.66928372,70.05747350353577,22.61181021646422
5.0,90.06979532,65.87057355994253,24.19922176005747
6.0,97.64342897,66.70795354866118,30.935475421338822
7.0,68.21013236,67.54533353737983,0.6647988226201704
5.5,82.47988607,66.28926355430185,16.190622515698152
7.0,92.59985649,67.54533353737983,25.05452295262016
3.5,76.17136869,64.61450357686456,11.55686511313543
8.0,88.29675017,68.38271352609847,19.914036643901525
6.0,87.01278959,66.70795354866118,20.304836041338817
1.5,51.28932037,62.93974359942726,-11.650423229427261
2.0,76.50762039,63.358433593786586,13.149186796213414
7.0,98.89731609,67.54533353737983,31.35198255262017
9.0,10.85557428,69.22009351481712,-58.364519234817124
2.0,87.32960669,63.358433593786586,23.97117309621342
4.5,49.2944574,65.4518835655832,-16.157426165583203
8.0,76.31024948,68.38271352609847,7.9275359539015255
7.0,47.52350758,67.54533353737983,-20.021825957379832
9.0,93.28665536,69.22009351481712,24.066561845182875
10.0,30.29728583,70.05747350353577,-39.760187673535775
5.0,73.85705027,65.87057355994253,7.986476710057474
6.0,85.86746891,66.70795354866118,19.15951536133882
3.5,76.95374922,64.61450357686456,12.339245643135442
9.0,60.75872902,69.22009351481712,-8.461364494817126
4.0,90.83698104,65.03319357122388,25.80378746877612
4.5,56.42256534,65.4518835655832,-9.029318225583204
5.5,36.97561899,66.28926355430185,-29.313644564301853
3.5,92.40519305,64.61450357686456,27.79068947313543
3.0,78.81888198,64.19581358250524,14.623068397494762
7.0,98.58357724,67.54533353737983,31.038243702620164
5.0,71.40661886,65.87057355994253,5.5360453000574665
4.0,99.49778004,65.03319357122388,34.46458646877612
10.0,93.23027092,70.05747350353577,23.17279741646422
8.0,96.23617059,68.38271352609847,27.85345706390153
10.0,63.26037697,70.05747350353577,-6.797096533535772
5.0,70.8375548,65.87057355994253,4.966981240057478
5.0,74.94920676,65.87057355994253,9.078633200057467
10.0,95.71269842,70.05747350353577,25.65522491646422
7.0,70.79270495,67.54533353737983,3.2473714126201685
7.0,31.315611,67.54533353737983,-36.22972253737983
2.0,97.66670803,63.358433593786586,34.30827443621341
4.5,77.74149951,65.4518835655832,12.289615944416795
10.0,98.80550568,70.05747350353577,28.74803217646422
8.0,95.58328573,68.38271352609847,27.20057220390153
4.0,89.74375782,65.03319357122388,24.710564248776123
5.5,97.18069276,66.28926355430185,30.891429205698145
5.0,95.528208,65.87057355994253,29.65763444005748
8.0,68.33176627,68.38271352609847,-0.05094725609846762
7.0,41.91044944,67.54533353737983,-25.63488409737983
4.0,60.51658607,65.03319357122388,-4.5166075012238736
2.5,89.5844322,63.77712358814591,25.807308611854083
1.0,32.35454194,62.521053605067934,-30.166511665067937
1.5,26.04781219,62.93974359942726,-36.89193140942726
3.5,22.50350526,64.61450357686456,-42.11099831686457
5.0,90.51467987,65.87057355994253,24.644106310057467
8.0,33.80962297,68.38271352609847,-34.57309055609847
1.0,98.05748314,62.521053605067934,35.53642953493207
0.5,89.72043421,62.102363610708615,27.61807059929138
8.0,73.49549106,68.38271352609847,5.112777533901536
0.5,90.4885396,62.102363610708615,28.38617598929138
0.0,98.88142176,61.68367361634929,37.197748143650706
1.5,44.63690682,62.93974359942726,-18.30283677942726
1.0,50.71153397,62.521053605067934,-11.809519635067936
4.0,87.58322745,65.03319357122388,22.55003387877612
0.5,65.33623547,62.102363610708615,3.2338718592913906
5.0,71.04047181,65.87057355994253,5.1698982500574715
1.5,17.54872121,62.93974359942726,-45.39102238942726
3.0,5.205666433,64.19581358250524,-58.99014714950524
7.0,40.5504485,67.54533353737983,-26.99488503737983
5.0,63.43400792,65.87057355994253,-2.436565639942529
4.0,65.46843271,65.03319357122388,0.43523913877612586
2.5,43.08896674,63.77712358814591,-20.688156848145915
0.5,61.78523973,62.102363610708615,-0.3171238807086141
2.0,99.18029423,63.358433593786586,35.821860636213415
2.5,81.10224079,63.77712358814591,17.325117201854084
0.5,93.06385095,62.102363610708615,30.961487339291388
0.0,79.66153065,61.68367361634929,17.977857033650714
1.0,61.69382467,62.521053605067934,-0.8272289350679358
7.0,46.60251916,67.54533353737983,-20.942814377379833
0.5,75.83754765,62.102363610708615,13.73518403929139
2.5,68.28334828,63.77712358814591,4.5062246918540865
7.0,96.0844907,67.54533353737983,28.53915716262017
5.0,66.84791246,65.87057355994253,0.9773389000574753
0.5,99.72725748,62.102363610708615,37.62489386929139
0.0,40.25351177,61.68367361634929,-21.430161846349286
3.5,9.166422739,64.61450357686456,-55.448080837864566
1.0,99.32902534,62.521053605067934,36.80797173493207
0.0,51.20493499,61.68367361634929,-10.47873862634929
7.0,39.55289509,67.54533353737983,-27.992438447379833
0.0,52.22408981,61.68367361634929,-9.459583806349286
3.5,57.31734359,64.61450357686456,-7.297159986864564
0.5,46.60251916,62.102363610708615,-15.499844450708615
2.0,83.07923933,63.358433593786586,19.720805736213407
7.0,97.69218081,67.54533353737983,30.146847272620164
2.0,63.79127104,63.358433593786586,0.43283744621341214
7.0,42.55781123,67.54533353737983,-24.987522307379834
2.0,80.08049978,63.358433593786586,16.72206618621341
1.0,58.2330153,62.521053605067934,-4.288038305067936
4.0,24.92124987,65.03319357122388,-40.11194370122388
2.5,85.78892033,63.77712358814591,22.011796741854084
5.0,83.78124349,65.87057355994253,17.910669930057466
7.0,64.190758,67.54533353737983,-3.35457553737983
3.5,94.01746926,64.61450357686456,29.402965683135434
2.5,93.8107995,63.77712358814591,30.03367591185409
1.5,87.95841164,62.93974359942726,25.018668040572734
5.5,52.85458427,66.28926355430185,-13.434679284301858
4.0,80.46197592,65.03319357122388,15.428782348776124
5.0,73.45571784,65.87057355994253,7.585144280057477
0.5,91.76755794,62.102363610708615,29.66519432929139
1.0,65.33623547,62.521053605067934,2.8151818649320717
4.5,75.2628239,65.4518835655832,9.810940334416799
0.0,6.476856891,61.68367361634929,-55.20681672534929
1.0,90.63414561,62.521053605067934,28.11309200493207
2.5,80.08049978,63.77712358814591,16.303376191854085
3.5,87.8987,64.61450357686456,23.28419642313544
6.0,59.25050738,66.70795354866118,-7.457446168661178
3.5,90.51467987,64.61450357686456,25.90017629313543
8.0,99.33768585,68.38271352609847,30.95497232390153
3.0,58.18521241,64.19581358250524,-6.01060117250524
10.0,35.90122522,70.05747350353577,-34.156248283535774
3.0,52.22408981,64.19581358250524,-11.971723772505236
0.5,78.85919128,62.102363610708615,16.75682766929139
2.0,92.09238408,63.358433593786586,28.733950486213416
7.0,20.16159882,67.54533353737983,-47.38373471737984
3.5,83.09080929,64.61450357686456,18.47630571313543
2.5,26.57716607,63.77712358814591,-37.19995751814591
5.0,85.24525752,65.87057355994253,19.374683960057467
4.0,68.8468178,65.03319357122388,3.8136242287761206
0.5,63.97414542,62.102363610708615,1.8717818092913845
5.0,77.65469287,65.87057355994253,11.784119310057477
4.0,28.08611963,65.03319357122388,-36.94707394122388
4.5,20.85281344,65.4518835655832,-44.599070125583204
3.0,99.20423143,64.19581358250524,35.008417847494755
3.5,63.62101723,64.61450357686456,-0.9934863468645645
6.0,38.01943648,66.70795354866118,-28.688517068661177
5.0,73.70776837,65.87057355994253,7.837194810057468
4.5,91.76883047,65.4518835655832,26.316946904416795
5.0,69.30817653,65.87057355994253,3.437602970057469
3.0,72.77371208,64.19581358250524,8.577898497494758
4.0,21.96843719,65.03319357122388,-43.06475638122387
9.0,42.54722762,69.22009351481712,-26.67286589481712
5.0,86.28807602,65.87057355994253,20.417502460057477
3.5,98.74550672,64.61450357686456,34.13100314313543
0.5,54.63077194,62.102363610708615,-7.471591670708612
3.5,84.36156807,64.61450357686456,19.74706449313544
5.0,33.36035288,65.87057355994253,-32.51022067994253
5.0,58.07262747,65.87057355994253,-7.797946089942528
9.0,53.35115646,69.22009351481712,-15.868937054817124
8.0,79.33060522,68.38271352609847,10.947891693901525
5.0,91.89342822,65.87057355994253,26.022854660057476
6.0,76.41994264,66.70795354866118,9.711989091338822
3.0,69.69082794,64.19581358250524,5.495014357494767
4.5,80.47617765,65.4518835655832,15.024294084416795
4.0,87.36289335,65.03319357122388,22.329699778776117
5.5,13.01581057,66.28926355430185,-53.273452984301855
8.0,93.86680804,68.38271352609847,25.484094513901525
1.5,36.41834536,62.93974359942726,-26.521398239427256
9.0,84.39085329,69.22009351481712,15.170759775182873
5.0,15.83870002,65.87057355994253,-50.03187353994253
4.5,50.50283383,65.4518835655832,-14.949049735583202
3.5,13.05895813,64.61450357686456,-51.55554544686456
10.0,78.80453031,70.05747350353577,8.74705680646423
4.0,53.04799701,65.03319357122388,-11.985196561223873
2.0,62.0953589,63.358433593786586,-1.263074693786585
4.0,75.19253869,65.03319357122388,10.15934511877613
4.0,57.95910476,65.03319357122388,-7.074088811223874
2.5,16.31431911,63.77712358814591,-47.46280447814591
0.5,63.97414542,62.102363610708615,1.8717818092913845
4.0,67.52847944,65.03319357122388,2.495285868776122
2.0,16.96162003,63.358433593786586,-46.39681356378659
3.0,43.38387385,64.19581358250524,-20.811939732505238
7.0,86.26024733,67.54533353737983,18.714913792620166
5.5,93.79543511,66.28926355430185,27.506171555698145
2.0,80.06893476,63.358433593786586,16.71050116621342
7.0,28.91092809,67.54533353737983,-38.634405447379834
5.5,95.2156624,66.28926355430185,28.926398845698145
8.0,88.53323553,68.38271352609847,20.15052200390153
9.0,35.64567677,69.22009351481712,-33.57441674481712
7.0,16.69715629,67.54533353737983,-50.84817724737984
1.0,76.49832024,62.521053605067934,13.977266634932064
4.0,71.8600337,65.03319357122388,6.8268401287761264
7.0,87.27836214,67.54533353737983,19.733028602620166
4.5,71.06228764,65.4518835655832,5.610404074416792
6.0,99.3197669,66.70795354866118,32.611813351338824
0.0,9.600920043,61.68367361634929,-52.08275357334929
5.0,79.27701275,65.87057355994253,13.406439190057469
8.0,62.95970228,68.38271352609847,-5.4230112460984685
2.5,7.402370058,63.77712358814591,-56.37475353014591
10.0,35.04876286,70.05747350353577,-35.00871064353578
4.5,81.09258337,65.4518835655832,15.640699804416798
5.0,97.65130761,65.87057355994253,31.780734050057475
2.0,37.60087813,63.358433593786586,-25.757555463786588
1.0,60.51961267,62.521053605067934,-2.001440935067933
1.0,43.19281437,62.521053605067934,-19.328239235067933
2.5,61.69875147,63.77712358814591,-2.0783721181459143
1.5,73.46231707,62.93974359942726,10.522573470572738
3.5,6.785446236,64.61450357686456,-57.829057340864566
4.0,96.73184309,65.03319357122388,31.698649518776122
5.0,91.38580789,65.87057355994253,25.515234330057467
1.5,42.90615422,62.93974359942726,-20.033589379427262
1.0,79.36575134,62.521053605067934,16.84469773493207
0.0,83.70656699,61.68367361634929,22.02289337365071
6.0,73.05961868,66.70795354866118,6.3516651313388195
2.5,27.25450767,63.77712358814591,-36.52261591814592
3.0,86.43786444,64.19581358250524,22.24205085749476
5.0,57.71859003,65.87057355994253,-8.151983529942527
4.0,53.70643103,65.03319357122388,-11.326762541223879
1.0,82.31303268,62.521053605067934,19.791979074932073
4.0,63.48927185,65.03319357122388,-1.5439217212238745
4.0,32.35454194,65.03319357122388,-32.67865163122388
1.5,98.29715789,62.93974359942726,35.357414290572734
3.0,15.52368583,64.19581358250524,-48.67212775250524
2.5,46.57601987,63.77712358814591,-17.20110371814591
4.0,35.68385606,65.03319357122388,-29.34933751122388
5.5,4.313275925,66.28926355430185,-61.975987629301855
8.0,52.85458427,68.38271352609847,-15.528129256098474
7.0,87.02647953,67.54533353737983,19.48114599262017
9.0,30.70445124,69.22009351481712,-38.515642274817125
7.0,57.00752646,67.54533353737983,-10.537807077379831
4.0,38.13156894,65.03319357122388,-26.901624631223875
5.0,77.55710461,65.87057355994253,11.686531050057468
3.0,89.8946131,64.19581358250524,25.698799517494763
1.5,2.097375139,62.93974359942726,-60.84236846042726
4.5,25.9046623,65.4518835655832,-39.547221265583204
5.0,73.99784099,65.87057355994253,8.127267430057472
3.0,87.87850996,64.19581358250524,23.682696377494764
5.0,61.78523973,65.87057355994253,-4.0853338299425275
1.5,19.12650374,62.93974359942726,-43.813239859427256
2.0,38.60495566,63.358433593786586,-24.753477933786584
2.5,29.93458107,63.77712358814591,-33.84254251814591
2.0,61.78523973,63.358433593786586,-1.5731938637865852
8.0,54.29146197,68.38271352609847,-14.09125155609847
2.5,47.25298589,63.77712358814591,-16.524137698145914
0.5,51.7091278,62.102363610708615,-10.393235810708617
2.5,3.922063822,63.77712358814591,-59.855059766145914
5.0,92.46823785,65.87057355994253,26.597664290057466
0.5,61.12521977,62.102363610708615,-0.9771438407086137
5.5,76.7529281,66.28926355430185,10.463664545698151
4.0,72.13833601,65.03319357122388,7.105142438776127
5.5,99.29188367,66.28926355430185,33.00262011569815
1.0,51.99882236,62.521053605067934,-10.522231245067935
5.0,91.72258711,65.87057355994253,25.852013550057478
3.5,23.68951218,64.61450357686456,-40.92499139686456
7.0,97.65709632,67.54533353737983,30.11176278262016
6.0,88.95708645,66.70795354866118,22.249132901338825
2.0,64.93109847,63.358433593786586,1.572664876213409
3.5,98.59515446,64.61450357686456,33.98065088313544
3.0,82.69918268,64.19581358250524,18.50336909749477
2.5,26.04781219,63.77712358814591,-37.72931139814591
6.0,57.63778505,66.70795354866118,-9.070168498661182
7.0,54.04791735,67.54533353737983,-13.497416187379834
2.5,30.14155853,63.77712358814591,-33.635565058145914
4.0,84.74921393,65.03319357122388,19.71602035877612
1.5,62.64228578,62.93974359942726,-0.29745781942725813
1.0,37.97610596,62.521053605067934,-24.544947645067936
1.5,61.96169613,62.93974359942726,-0.9780474694272598
0.5,46.07997675,62.102363610708615,-16.022386860708615
4.0,69.90936567,65.03319357122388,4.876172098776124
8.0,56.12271161,68.38271352609847,-12.260001916098467
1.0,47.57670396,62.521053605067934,-14.94434964506793
5.0,66.95017509,65.87057355994253,1.0796015300574737
3.0,52.12369341,64.19581358250524,-12.072120172505237
3.0,16.73773192,64.19581358250524,-47.458081662505236
8.0,51.7428672,68.38271352609847,-16.63984632609847
1.5,67.38519263,62.93974359942726,4.445449030572746
1.5,38.53470375,62.93974359942726,-24.40503984942726
6.0,17.21244391,66.70795354866118,-49.495509638661176
1.5,61.12521977,62.93974359942726,-1.8145238294272588
3.0,82.18037473,64.19581358250524,17.98456114749476
3.0,64.41690823,64.19581358250524,0.22109464749476615
3.0,72.16135334,64.19581358250524,7.965539757494767
2.5,57.14891771,63.77712358814591,-6.628205878145913
3.0,93.32660355,64.19581358250524,29.130789967494763
4.0,65.88575167,65.03319357122388,0.8525580987761288
10.0,76.16361312,70.05747350353577,6.106139616464219
2.5,28.43977705,63.77712358814591,-35.33734653814591
3.0,39.76467297,64.19581358250524,-24.43114061250524
0.5,30.28405624,62.102363610708615,-31.818307370708613
1.5,52.85458427,62.93974359942726,-10.085159329427263
3.0,19.71790565,64.19581358250524,-44.47790793250524
1.5,81.10224079,62.93974359942726,18.162497190572736
2.0,57.0210877,63.358433593786586,-6.337345893786583
4.5,94.73922869,65.4518835655832,29.287345124416802
3.0,48.88769982,64.19581358250524,-15.308113762505236
1.5,86.02675338,62.93974359942726,23.087009780572743
3.0,74.0489888,64.19581358250524,9.853175217494766
1.5,99.29030394,62.93974359942726,36.35056034057274
5.0,35.70830555,65.87057355994253,-30.16226800994253
6.0,84.29940203,66.70795354866118,17.591448481338816
1.0,52.96298965,62.521053605067934,-9.558063955067936
1.5,88.51068606,62.93974359942726,25.570942460572738
1.5,95.17472805,62.93974359942726,32.23498445057274
3.0,46.74549705,64.19581358250524,-17.45031653250524
4.5,63.00335407,65.4518835655832,-2.4485294955832018
8.0,30.75861295,68.38271352609847,-37.62410057609847
8.0,98.75114001,68.38271352609847,30.36842648390153
2.5,2.129004354,63.77712358814591,-61.64811923414591
1.0,0.32296931,62.521053605067934,-62.198084295067936
3.0,10.51649662,64.19581358250524,-53.67931696250524
3.0,97.20991552,64.19581358250524,33.01410193749476
1.5,66.08825915,62.93974359942726,3.148515550572739
3.0,74.34578782,64.19581358250524,10.14997423749476
1.0,78.01416162,62.521053605067934,15.493108014932062
1.5,30.70445124,62.93974359942726,-32.23529235942726
0.0,54.15385884,61.68367361634929,-7.529814776349291
5.0,58.06394871,65.87057355994253,-7.80662484994253
1.0,19.42938001,62.521053605067934,-43.09167359506793
4.0,98.91161728,65.03319357122388,33.878423708776126
3.0,69.86952348,64.19581358250524,5.67370989749476
3.5,72.13833601,64.61450357686456,7.523832433135439
2.5,94.29934348,63.77712358814591,30.522219891854093
3.5,73.71563971,64.61450357686456,9.10113613313544
3.0,87.68662103,64.19581358250524,23.49080744749476
5.0,60.66321529,65.87057355994253,-5.207358269942532
3.5,91.75202934,64.61450357686456,27.137525763135443
4.0,80.59668985,65.03319357122388,15.563496278776128
2.5,94.71903906,63.77712358814591,30.941915471854088
6.0,2.087615414,66.70795354866118,-64.62033813466118
3.0,2.072123519,64.19581358250524,-62.12369006350524
3.0,27.90530303,64.19581358250524,-36.29051055250524
3.0,47.9840088,64.19581358250524,-16.21180478250524
2.0,75.69056427,63.358433593786586,12.33213067621341
5.0,83.59949632,65.87057355994253,17.728922760057472
3.0,15.90455258,64.19581358250524,-48.29126100250524
1.5,58.10402513,62.93974359942726,-4.835718469427263
4.0,38.97407692,65.03319357122388,-26.059116651223874
2.0,30.14155853,63.358433593786586,-33.21687506378659
4.0,36.8619196,65.03319357122388,-28.171273971223876
5.0,84.59094128,65.87057355994253,18.720367720057467
6.0,87.12890032,66.70795354866118,20.42094677133882
1.5,38.18531901,62.93974359942726,-24.75442458942726
2.5,48.60810523,63.77712358814591,-15.169018358145912
4.5,82.389679,65.4518835655832,16.9377954344168
0.5,89.17048644,62.102363610708615,27.06812282929139
5.0,44.3547711,65.87057355994253,-21.515802459942527
3.0,54.55855666,64.19581358250524,-9.637256922505237
0.5,79.68910751,62.102363610708615,17.586743899291385
3.0,54.08133068,64.19581358250524,-10.114482902505237
0.5,20.30640586,62.102363610708615,-41.79595775070861
5.0,59.6972449,65.87057355994253,-6.173328659942527
3.0,90.2360766,64.19581358250524,26.040263017494766
4.0,69.91124718,65.03319357122388,4.878053608776128
2.5,19.66638439,63.77712358814591,-44.11073919814591
3.0,40.55138048,64.19581358250524,-23.64443310250524
0.5,30.29781056,62.102363610708615,-31.804553050708616
3.0,55.0222034,64.19581358250524,-9.173610182505236
1.5,45.48786311,62.93974359942726,-17.45188048942726
1.5,7.166941,62.93974359942726,-55.77280259942726
2.5,83.07923933,63.77712358814591,19.30211574185408
6.0,8.776643466,66.70795354866118,-57.931310082661184
3.0,22.66659312,64.19581358250524,-41.529220462505236
3.5,94.7785657,64.61450357686456,30.164062123135437
3.5,32.89198615,64.61450357686456,-31.722517426864563
4.0,2.473229467,65.03319357122388,-62.55996410422387
7.0,38.28337982,67.54533353737983,-29.261953717379832
0.5,23.3173045,62.102363610708615,-38.785059110708616
4.0,41.49272193,65.03319357122388,-23.540471641223874
0.5,16.73999365,62.102363610708615,-45.36236996070862
2.0,48.66934789,63.358433593786586,-14.689085703786589
2.5,71.35696399,63.77712358814591,7.579840401854085
7.0,98.75114001,67.54533353737983,31.205806472620168
7.0,98.04470152,67.54533353737983,30.49936798262017
8.0,36.51864466,68.38271352609847,-31.86406886609847
5.5,91.81628753,66.28926355430185,25.527023975698143
5.0,67.38519263,65.87057355994253,1.5146190700574778
3.0,36.41347014,64.19581358250524,-27.782343442505237
4.0,84.70109568,65.03319357122388,19.66790210877612
1.5,90.71004354,62.93974359942726,27.77029994057274
2.0,59.36187206,63.358433593786586,-3.9965615337865827
4.0,74.0489888,65.03319357122388,9.015795228776128
3.0,83.90474553,64.19581358250524,19.70893194749476
5.0,72.48972176,65.87057355994253,6.619148200057467
2.0,67.33594521,63.358433593786586,3.9775116162134196
5.0,29.36620695,65.87057355994253,-36.50436660994253
5.0,2.425271505,65.87057355994253,-63.44530205494253
3.0,83.07135381,64.19581358250524,18.875540227494767
3.0,95.33647035,64.19581358250524,31.14065676749476
4.0,23.82271591,65.03319357122388,-41.21047766122388
3.0,52.12369341,64.19581358250524,-12.072120172505237
4.5,68.13816439,65.4518835655832,2.686280824416798
5.0,99.49307092,65.87057355994253,33.622497360057466
6.0,60.20010436,66.70795354866118,-6.507849188661183
3.0,81.63658484,64.19581358250524,17.44077125749476
2.0,65.69062216,63.358433593786586,2.332188566213418
5.0,47.47794212,65.87057355994253,-18.392631439942527
7.0,7.402370058,67.54533353737983,-60.14296347937983
5.0,91.65684753,65.87057355994253,25.786273970057465
3.0,25.70763057,64.19581358250524,-38.48818301250524
4.0,91.49215597,65.03319357122388,26.458962398776123
3.5,17.03187264,64.61450357686456,-47.58263093686456
1.0,63.97414542,62.521053605067934,1.4530918149320655
1.0,19.05524328,62.521053605067934,-43.465810325067935
2.5,79.92192149,63.77712358814591,16.14479790185409
2.5,79.80843534,63.77712358814591,16.03131175185409
7.0,96.57697985,67.54533353737983,29.03164631262017
8.0,27.19555899,68.38271352609847,-41.187154536098475
7.0,89.1085597,67.54533353737983,21.56322616262017
8.0,0.958894008,68.38271352609847,-67.42381951809847
1.5,92.46823785,62.93974359942726,29.528494250572734
2.5,48.98596485,63.77712358814591,-14.79115873814591
5.0,9.162769583,65.87057355994253,-56.70780397694253
3.0,92.26251615,64.19581358250524,28.066702567494758
7.0,99.72070793,67.54533353737983,32.17537439262017
0.0,70.25599183,61.68367361634929,8.57231821365071
5.0,99.17877015,65.87057355994253,33.30819659005748
4.0,42.76975019,65.03319357122388,-22.263443381223873
2.0,23.38379549,63.358433593786586,-39.97463810378659
1.0,62.8727162,62.521053605067934,0.35166259493206553
5.0,44.3547711,65.87057355994253,-21.515802459942527
3.5,52.85458427,64.61450357686456,-11.759919306864568
6.0,62.71457269,66.70795354866118,-3.993380858661183
0.5,47.57670396,62.102363610708615,-14.525659650708612
5.0,63.70622574,65.87057355994253,-2.1643478199425275
2.5,57.45496513,63.77712358814591,-6.322158458145914
2.0,11.44234222,63.358433593786586,-51.916091373786585
2.5,30.02862565,63.77712358814591,-33.74849793814592
5.0,8.799607158,65.87057355994253,-57.07096640194253
0.5,46.60251916,62.102363610708615,-15.499844450708615
5.0,53.01344219,65.87057355994253,-12.857131369942529
2.5,58.2330153,63.77712358814591,-5.544108288145914
1.0,46.7792279,62.521053605067934,-15.741825705067932
2.0,43.67278106,63.358433593786586,-19.685652533786588
1.5,48.80118201,62.93974359942726,-14.138561589427262
1.5,76.31024948,62.93974359942726,13.370505880572736
3.0,83.32303085,64.19581358250524,19.127217267494757
2.5,35.25725233,63.77712358814591,-28.519871258145912
2.5,40.85194501,63.77712358814591,-22.92517857814591
3.0,11.44234222,64.19581358250524,-52.75347136250524
2.0,45.29329976,63.358433593786586,-18.06513383378659
1.0,1.019099183,62.521053605067934,-61.50195442206793
2.5,46.48345897,63.77712358814591,-17.29366461814591
0.5,36.8619196,62.102363610708615,-25.240444010708615
2.5,55.7534678,63.77712358814591,-8.02365578814591
1.5,16.73999365,62.93974359942726,-46.19974994942726
4.5,15.32023961,65.4518835655832,-50.1316439555832
1.5,81.07748804,62.93974359942726,18.137744440572746
2.5,35.32804427,63.77712358814591,-28.449079318145913
0.5,94.79049664,62.102363610708615,32.688133029291386
2.0,67.38519263,63.358433593786586,4.02675903621342
5.0,79.35288718,65.87057355994253,13.482313620057468
2.0,38.78979209,63.358433593786586,-24.568641503786587
1.5,10.19423063,62.93974359942726,-52.74551296942726
1.5,55.68597478,62.93974359942726,-7.253768819427258
5.0,17.54872121,65.87057355994253,-48.32185234994253
0.5,12.4630202,62.102363610708615,-49.63934341070861
0.5,26.55284221,62.102363610708615,-35.54952140070861
3.0,22.13344692,64.19581358250524,-42.06236666250524
0.0,45.61137179,61.68367361634929,-16.07230182634929
0.5,22.68701278,62.102363610708615,-39.41535083070862
4.0,36.82995568,65.03319357122388,-28.20323789122388
0.5,25.66566891,62.102363610708615,-36.436694700708614
1.5,40.55138048,62.93974359942726,-22.38836311942726
0.5,54.82320838,62.102363610708615,-7.279155230708618
4.0,43.38387385,65.03319357122388,-21.649319721223875
1.5,13.40735768,62.93974359942726,-49.532385919427256
3.0,65.18427112,64.19581358250524,0.9884575374947673
2.0,0.00281491,63.358433593786586,-63.35561868378659
2.5,50.11612649,63.77712358814591,-13.660997098145913
3.5,48.1587082,64.61450357686456,-16.455795376864565
5.0,68.83070878,65.87057355994253,2.9601352200574667
3.5,74.45590053,64.61450357686456,9.84139695313543
4.0,83.83716201,65.03319357122388,18.803968438776124
3.0,94.17375608,64.19581358250524,29.977942497494766
4.0,92.59198524,65.03319357122388,27.558791668776124
6.0,62.71354329,66.70795354866118,-3.9944102586611834
0.0,35.04876286,61.68367361634929,-26.634910756349292
4.0,38.53470375,65.03319357122388,-26.498489821223878
4.0,23.32766848,65.03319357122388,-41.705525091223876
0.0,87.32139369,61.68367361634929,25.637720073650705
4.0,74.88770856,65.03319357122388,9.854514988776117
1.5,83.83716201,62.93974359942726,20.89741841057274
6.0,31.95457566,66.70795354866118,-34.75337788866118
3.5,61.12521977,64.61450357686456,-3.489283806864563
6.0,32.04763915,66.70795354866118,-34.66031439866118
2.0,7.097946712,63.358433593786586,-56.26048688178658
2.5,10.30443836,63.77712358814591,-53.47268522814591
1.0,71.26431623,62.521053605067934,8.743262624932072
0.5,45.68833421,62.102363610708615,-16.414029400708614
0.5,3.633935617,62.102363610708615,-58.468427993708616
6.0,10.1969851,66.70795354866118,-56.51096844866118
2.5,13.0561132,63.77712358814591,-50.72101038814591
1.5,31.05604841,62.93974359942726,-31.88369518942726
5.5,58.2330153,66.28926355430185,-8.056248254301856
1.0,80.06893476,62.521053605067934,17.54788115493207
3.0,3.096387942,64.19581358250524,-61.09942564050524
1.5,33.35561071,62.93974359942726,-29.58413288942726
5.0,61.78523973,65.87057355994253,-4.0853338299425275
1.5,78.10688836,62.93974359942726,15.16714476057274
1.5,37.20642533,62.93974359942726,-25.733318269427258
4.0,83.91520023,65.03319357122388,18.88200665877612
0.0,47.27609887,61.68367361634929,-14.40757474634929
2.0,67.16680562,63.358433593786586,3.8083720262134193
1.0,6.655533385,62.521053605067934,-55.865520220067935
2.5,39.1170399,63.77712358814591,-24.66008368814591
0.0,69.15980796,61.68367361634929,7.476134343650706
1.0,74.10960037,62.521053605067934,11.588546764932062
2.0,55.18146429,63.358433593786586,-8.176969303786585
0.0,19.64801236,61.68367361634929,-42.035661256349286
2.0,24.92124987,63.358433593786586,-38.43718372378659
2.0,83.90660452,63.358433593786586,20.548170926213416
10.0,9.08596213,70.05747350353577,-60.971511373535776
10.0,92.92469311,70.05747350353577,22.867219606464232
9.0,1.450233423,69.22009351481712,-67.76986009181712
10.0,19.12650374,70.05747350353577,-50.93096976353577
5.0,54.15385884,65.87057355994253,-11.71671471994253
1.0,95.62738798,62.521053605067934,33.10633437493206
4.0,91.12468797,65.03319357122388,26.09149439877612
6.0,92.1853654,66.70795354866118,25.477411851338815
5.0,25.61355879,65.87057355994253,-40.25701476994253
10.0,65.2420533,70.05747350353577,-4.81542020353578
2.0,93.2851331,63.358433593786586,29.92669950621341
3.5,33.25918052,64.61450357686456,-31.355323056864563
6.0,47.9840088,66.70795354866118,-18.723944748661182
5.0,91.6583303,65.87057355994253,25.787756740057475
7.0,59.11401161,67.54533353737983,-8.431321927379834
0.5,1.066973601,62.102363610708615,-61.035390009708614
2.0,95.95115193,63.358433593786586,32.59271833621341
3.0,32.84276294,64.19581358250524,-31.353050642505238
2.0,40.43646118,63.358433593786586,-22.921972413786584
3.5,87.95841164,64.61450357686456,23.34390806313543
5.0,25.09923397,65.87057355994253,-40.77133958994253
7.0,69.49743828,67.54533353737983,1.9521047426201648
1.5,99.09061555,62.93974359942726,36.150871950572736
1.0,63.34833593,62.521053605067934,0.8272823249320638
3.0,37.57997923,64.19581358250524,-26.61583435250524
3.5,85.72036702,64.61450357686456,21.105863443135433
4.0,61.10964712,65.03319357122388,-3.923546451223878
4.0,98.88587583,65.03319357122388,33.85268225877613
4.0,74.42424318,65.03319357122388,9.391049608776129
7.0,95.82934907,67.54533353737983,28.284015532620174
1.0,91.40966418,62.521053605067934,28.88861057493206
3.0,95.46208919,64.19581358250524,31.266275607494762
4.5,54.236927,65.4518835655832,-11.2149565655832
2.5,87.94414803,63.77712358814591,24.167024441854082
2.0,35.07000003,63.358433593786586,-28.288433563786583
10.0,67.73802914,70.05747350353577,-2.31944436353578
6.0,87.87854754,66.70795354866118,21.17059399133882
10.0,39.55289509,70.05747350353577,-30.504578413535775
4.0,95.12999881,65.03319357122388,30.096805238776128
1.0,89.04143096,62.521053605067934,26.520377354932066
6.0,45.71292164,66.70795354866118,-20.995031908661183
7.0,21.16741012,67.54533353737983,-46.37792341737983
5.0,89.90649736,65.87057355994253,24.035923800057475
10.0,48.66934789,70.05747350353577,-21.388125613535777
2.5,76.25826995,63.77712358814591,12.481146361854087
1.5,85.18017523,62.93974359942726,22.240431630572743
2.0,40.92584592,63.358433593786586,-22.432587673786585
3.0,49.0050896,64.19581358250524,-15.19072398250524
3.5,43.08896674,64.61450357686456,-21.525536836864568
0.0,99.93921341,61.68367361634929,38.255539793650705
1.5,62.20949468,62.93974359942726,-0.730248919427261
4.0,97.08385468,65.03319357122388,32.050661108776126
5.0,92.56422299,65.87057355994253,26.693649430057476
2.0,31.25098585,63.358433593786586,-32.10744774378659
10.0,97.11968904,70.05747350353577,27.062215536464223
2.0,93.60197238,63.358433593786586,30.24353878621342
7.0,47.65563766,67.54533353737983,-19.889695877379836
2.0,0.045809101,63.358433593786586,-63.31262449278658
0.0,86.52052376,61.68367361634929,24.836850143650715
1.0,81.30024456,62.521053605067934,18.779190954932062
3.0,76.4894434,64.19581358250524,12.293629817494761
3.5,83.47021958,64.61450357686456,18.85571600313544
3.5,72.36104809,64.61450357686456,7.746544513135433
2.0,97.83064921,63.358433593786586,34.47221561621342
1.5,44.92105057,62.93974359942726,-18.01869302942726
2.0,97.93339255,63.358433593786586,34.57495895621341
2.0,91.37213064,63.358433593786586,28.01369704621341
0.5,96.42850179,62.102363610708615,34.326138179291384
0.5,59.37978028,62.102363610708615,-2.7225833307086162
2.5,94.07864967,63.77712358814591,30.301526081854092
1.0,38.66815976,62.521053605067934,-23.852893845067932
0.5,97.01115441,62.102363610708615,34.90879079929139
0.5,52.00817272,62.102363610708615,-10.094190890708617
2.5,15.52806328,63.77712358814591,-48.249060308145914
4.0,77.7669271,65.03319357122388,12.733733528776128
1.0,93.01938838,62.521053605067934,30.49833477493206
3.0,93.99215342,64.19581358250524,29.796339837494756
4.0,78.75181773,65.03319357122388,13.718624158776123
3.0,93.42294073,64.19581358250524,29.227127147494755
4.0,53.24794021,65.03319357122388,-11.785253361223873
1.5,30.67625774,62.93974359942726,-32.26348585942726
1.5,20.45465726,62.93974359942726,-42.485086339427255
1.0,51.50184448,62.521053605067934,-11.019209125067931
1.0,2.64e-06,62.521053605067934,-62.521050965067936
7.0,87.87850996,67.54533353737983,20.33317642262017
6.0,32.3855029,66.70795354866118,-34.32245064866118
1.5,77.26309932,62.93974359942726,14.323355720572735
2.5,62.34594798,63.77712358814591,-1.4311756081459137
2.0,62.50822186,63.358433593786586,-0.8502117337865869
7.0,84.50209709,67.54533353737983,16.956763552620174
4.5,25.01115187,65.4518835655832,-40.4407316955832
3.0,98.63084154,64.19581358250524,34.43502795749477
2.0,88.74763127,63.358433593786586,25.389197676213414
3.0,94.79049664,64.19581358250524,30.594683057494763
1.0,87.65979453,62.521053605067934,25.138740924932065
4.5,44.68713456,65.4518835655832,-20.764749005583205
7.0,74.45590053,67.54533353737983,6.910566992620161
1.5,48.1587082,62.93974359942726,-14.78103539942726
5.5,83.57086706,66.28926355430185,17.281603505698143
5.0,58.54997123,65.87057355994253,-7.320602329942531
1.5,40.06845332,62.93974359942726,-22.871290279427257
4.0,99.45075432,65.03319357122388,34.417560748776125
2.5,0.051134784,63.77712358814591,-63.72598880414591
3.0,13.56097159,64.19581358250524,-50.63484199250524
10.0,87.94414803,70.05747350353577,17.88667452646422
5.0,90.37299157,65.87057355994253,24.502418010057468
8.0,92.04692796,68.38271352609847,23.664214433901535
2.5,91.6123508,63.77712358814591,27.83522721185409
5.5,47.52350758,66.28926355430185,-18.765755974301854
2.5,17.6022081,63.77712358814591,-46.17491548814591
2.0,75.4379744,63.358433593786586,12.079540806213416
1.5,2.379544203,62.93974359942726,-60.56019939642726
1.0,50.11612649,62.521053605067934,-12.404927115067935
2.0,67.85584641,63.358433593786586,4.497412816213412
6.0,2.881978557,66.70795354866118,-63.825974991661184
3.0,68.85938054,64.19581358250524,4.663566957494766
3.5,26.03375107,64.61450357686456,-38.58075250686456
4.0,85.2749939,65.03319357122388,20.241800328776122
3.0,76.13757745,64.19581358250524,11.941763867494757
7.0,82.18267485,67.54533353737983,14.637341312620165
5.0,86.45744949,65.87057355994253,20.586875930057474
4.0,68.38112974,65.03319357122388,3.3479361687761298
10.0,61.71262234,70.05747350353577,-8.344851163535772
3.5,92.21898657,64.61450357686456,27.604482993135434
0.5,47.66003889,62.102363610708615,-14.442324720708612
10.0,23.38379549,70.05747350353577,-46.67367801353578
2.0,96.91761075,63.358433593786586,33.55917715621341
4.0,8.666578632,65.03319357122388,-56.36661493922388
1.5,32.8095433,62.93974359942726,-30.13020029942726
4.5,75.83754765,65.4518835655832,10.385664084416803
0.5,74.57239196,62.102363610708615,12.47002834929139
4.5,12.03046883,65.4518835655832,-53.4214147355832
3.0,72.96409087,64.19581358250524,8.768277287494769
0.5,84.35424182,62.102363610708615,22.251878209291384
0.0,47.47794212,61.68367361634929,-14.205731496349287
1.0,75.39750092,62.521053605067934,12.876447314932065
2.5,68.80099284,63.77712358814591,5.023869251854094
2.0,63.10741439,63.358433593786586,-0.2510192037865835
1.5,74.88770856,62.93974359942726,11.947964960572733
2.0,16.47156773,63.358433593786586,-46.88686586378658
2.5,64.9623322,63.77712358814591,1.1852086118540939
3.0,40.05564445,64.19581358250524,-24.140169132505235
2.5,75.86208809,63.77712358814591,12.084964501854088
4.0,31.37223778,65.03319357122388,-33.66095579122388
0.5,1.77122352,62.102363610708615,-60.331140090708615
2.5,50.50283383,63.77712358814591,-13.274289758145912
5.0,99.03682205,65.87057355994253,33.16624849005747
5.0,70.10644454,65.87057355994253,4.23587098005747
9.0,88.51684125,69.22009351481712,19.296747735182876
4.5,95.77660898,65.4518835655832,30.324725414416804
5.5,98.94172373,66.28926355430185,32.65246017569815
1.5,50.14851643,62.93974359942726,-12.791227169427259
4.0,90.49868957,65.03319357122388,25.46549599877612
4.0,71.8600337,65.03319357122388,6.8268401287761264
3.5,92.9182893,64.61450357686456,28.303785723135434
7.0,51.74396482,67.54533353737983,-15.80136871737983
9.0,15.23273302,69.22009351481712,-53.987360494817125
5.0,38.18531901,65.87057355994253,-27.685254549942528
10.0,99.45994655,70.05747350353577,29.402473046464223
1.5,29.08833714,62.93974359942726,-33.85140645942726
6.0,46.1848097,66.70795354866118,-20.523143848661178
4.0,82.64167996,65.03319357122388,17.60848638877613
1.0,29.45626432,62.521053605067934,-33.06478928506793
4.0,82.96083327,65.03319357122388,17.92763969877612
4.0,11.24714098,65.03319357122388,-53.78605259122388
4.0,98.26218648,65.03319357122388,33.22899290877612
6.0,93.04784671,66.70795354866118,26.33989316133882
1.5,85.24525752,62.93974359942726,22.305513920572736
1.5,81.10224079,62.93974359942726,18.162497190572736
3.0,85.31467903,64.19581358250524,21.118865447494755
8.0,90.14101997,68.38271352609847,21.75830644390153
1.5,93.5108241,62.93974359942726,30.571080500572734
1.0,95.75824133,62.521053605067934,33.23718772493207
3.0,71.06228764,64.19581358250524,6.866474057494756
0.0,53.9997225,61.68367361634929,-7.6839511163492915
9.0,44.68713456,69.22009351481712,-24.532958954817126
7.0,83.60595681,67.54533353737983,16.060623272620163
7.0,73.02521942,67.54533353737983,5.479885882620167
1.5,82.389679,62.93974359942726,19.44993540057274
1.0,74.71972579,62.521053605067934,12.198672184932065
3.5,37.59623858,64.61450357686456,-27.018264996864566
5.0,96.42850179,65.87057355994253,30.55792823005747
5.0,94.50047965,65.87057355994253,28.629906090057474
2.5,61.11298954,63.77712358814591,-2.664134048145911
3.0,88.60664761,64.19581358250524,24.410834027494758
3.0,61.81583233,64.19581358250524,-2.379981252505239
2.5,61.65712192,63.77712358814591,-2.1200016681459104
5.0,92.84632248,65.87057355994253,26.97574892005747
2.5,27.90530303,63.77712358814591,-35.87182055814591
6.0,87.18889527,66.70795354866118,20.480941721338823
1.5,98.59570855,62.93974359942726,35.65596495057274
3.0,87.94414803,64.19581358250524,23.748334447494756
1.0,79.49010291,62.521053605067934,16.96904930493207
3.0,96.10989199,64.19581358250524,31.914078407494756
5.0,72.81720747,65.87057355994253,6.946633910057471
1.5,78.42521141,62.93974359942726,15.485467810572743
5.0,77.31751279,65.87057355994253,11.446939230057467
10.0,84.25378028,70.05747350353577,14.196306776464226
5.0,74.57239196,65.87057355994253,8.701818400057476
5.0,1.040692149,65.87057355994253,-64.82988141094253
2.5,30.75290843,63.77712358814591,-33.02421515814591
5.0,84.79922772,65.87057355994253,18.928654160057476
5.0,56.72044489,65.87057355994253,-9.150128669942525
3.0,67.52847944,64.19581358250524,3.33266585749476
2.5,96.607808,63.77712358814591,32.830684411854094
3.5,21.5848941,64.61450357686456,-43.029609476864564
7.0,82.77165616,67.54533353737983,15.226322622620174
2.0,98.75115036,63.358433593786586,35.39271676621341
3.0,35.66865835,64.19581358250524,-28.527155232505237
8.0,73.26786003,68.38271352609847,4.885146503901524
8.0,40.12824976,68.38271352609847,-28.254463766098468
4.0,61.88431836,65.03319357122388,-3.1488752112238743
2.5,94.10081274,63.77712358814591,30.323689151854083
4.0,26.68936925,65.03319357122388,-38.34382432122388
4.0,28.71252147,65.03319357122388,-36.32067210122388
8.0,32.35454194,68.38271352609847,-36.02817158609847
3.0,71.78970487,64.19581358250524,7.593891287494756
5.5,90.58080359,66.28926355430185,24.291540035698148
4.5,77.16543562,65.4518835655832,11.713552054416795
4.0,56.80243165,65.03319357122388,-8.230761921223873
1.0,71.24031837,62.521053605067934,8.719264764932063
2.5,41.67982919,63.77712358814591,-22.097294398145912
5.0,90.71396088,65.87057355994253,24.843387320057474
4.5,59.68386646,65.4518835655832,-5.768017105583205
0.5,41.49272193,62.102363610708615,-20.609641680708613
1.0,75.34330559,62.521053605067934,12.822251984932066
4.0,84.98193234,65.03319357122388,19.948738768776124
4.0,71.40661886,65.03319357122388,6.373425288776119
6.0,97.68724399,66.70795354866118,30.97929044133882
2.0,81.05074651,63.358433593786586,17.69231291621341
5.5,21.63321504,66.28926355430185,-44.65604851430186
7.0,94.70532232,67.54533353737983,27.15998878262016
7.0,4.426436027,67.54533353737983,-63.11889751037983
1.5,52.41155379,62.93974359942726,-10.52818980942726
3.5,96.9162776,64.61450357686456,32.30177402313544
5.0,72.35308828,65.87057355994253,6.482514720057466
0.0,6.456082686,61.68367361634929,-55.22759093034929
7.0,77.26466634,67.54533353737983,9.719332802620173
2.0,36.56155956,63.358433593786586,-26.796874033786587
4.0,38.60495566,65.03319357122388,-26.428237911223874
3.0,71.57822345,64.19581358250524,7.382409867494758
3.0,37.9713165,64.19581358250524,-26.224497082505238
3.0,76.1728684,64.19581358250524,11.97705481749476
4.0,18.09721231,65.03319357122388,-46.93598126122387
1.0,56.89389424,62.521053605067934,-5.627159365067932
7.0,99.11515354,67.54533353737983,31.569820002620162
1.0,56.29565269,62.521053605067934,-6.225400915067937
3.0,37.60087813,64.19581358250524,-26.59493545250524
1.0,95.58149175,62.521053605067934,33.060438144932064
5.0,81.09258337,65.87057355994253,15.222009810057472
3.5,97.3850416,64.61450357686456,32.77053802313543
3.0,93.8974971,64.19581358250524,29.701683517494757
0.5,92.00747278,62.102363610708615,29.905109169291386
5.5,38.11680761,66.28926355430185,-28.172455944301852
6.0,84.60145534,66.70795354866118,17.89350179133882
1.0,79.52427005,62.521053605067934,17.003216444932065
3.0,74.81401065,64.19581358250524,10.618197067494762
1.5,7.959041694,62.93974359942726,-54.98070190542726
6.0,90.445849,66.70795354866118,23.737895451338815
7.0,24.7571985,67.54533353737983,-42.78813503737983
3.0,8.447500337,64.19581358250524,-55.74831324550524
3.0,40.85216047,64.19581358250524,-23.343653112505237
5.0,91.865233,65.87057355994253,25.994659440057475
1.0,80.3927078,62.521053605067934,17.871654194932063
1.0,11.92806296,62.521053605067934,-50.592990645067935
3.0,89.7600136,64.19581358250524,25.564200017494755
2.0,99.4736041,63.358433593786586,36.11517050621342
2.5,56.4762692,63.77712358814591,-7.300854388145915
1.5,99.60157868,62.93974359942726,36.66183508057274
2.5,47.27609887,63.77712358814591,-16.501024718145914
1.5,72.8620188,62.93974359942726,9.922275200572741
0.0,90.56283741,61.68367361634929,28.87916379365071
4.0,30.70445124,65.03319357122388,-34.32874233122388
6.0,79.16293108,66.70795354866118,12.454977531338827
2.0,95.23595706,63.358433593786586,31.877523466213418
3.0,1.69182758,64.19581358250524,-62.503986002505236
4.5,73.74393215,65.4518835655832,8.292048584416804
2.0,96.77869686,63.358433593786586,33.42026326621341
7.0,11.47562175,67.54533353737983,-56.06971178737983
1.5,58.76108734,62.93974359942726,-4.178656259427257
1.5,78.44672535,62.93974359942726,15.506981750572734
2.0,36.51881463,63.358433593786586,-26.839618963786585
2.5,7.786362929,63.77712358814591,-55.99076065914591
3.5,66.01686883,64.61450357686456,1.402365253135443
1.5,41.29710255,62.93974359942726,-21.64264104942726
1.0,71.8600337,62.521053605067934,9.338980094932069
7.0,99.05158154,67.54533353737983,31.50624800262017
7.0,99.42416011,67.54533353737983,31.87882657262017
3.0,74.10960037,64.19581358250524,9.913786787494757
7.0,96.90622653,67.54533353737983,29.360892992620165
1.0,97.34382183,62.521053605067934,34.82276822493206
4.0,92.31852205,65.03319357122388,27.285328478776123
5.0,38.28337982,65.87057355994253,-27.587193739942528
4.0,71.78970487,65.03319357122388,6.756511298776118
1.0,37.28554371,62.521053605067934,-25.235509895067935
3.0,65.30556353,64.19581358250524,1.1097499474947625
1.0,35.66711146,62.521053605067934,-26.853942145067933
3.5,78.01416162,64.61450357686456,13.399658043135432
1.5,98.13069663,62.93974359942726,35.19095303057274
2.0,42.35560365,63.358433593786586,-21.002829943786587
2.5,87.92794661,63.77712358814591,24.150823021854094
8.0,65.18427112,68.38271352609847,-3.198442406098465
8.0,90.13633248,68.38271352609847,21.753618953901523
8.0,97.66670803,68.38271352609847,29.283994503901525
7.0,66.25080662,67.54533353737983,-1.2945269173798266
0.0,47.57670396,61.68367361634929,-14.106969656349285
7.0,98.05858402,67.54533353737983,30.513250482620165
8.0,33.25918052,68.38271352609847,-35.12353300609847
4.5,72.83796204,65.4518835655832,7.3860784744167916
3.0,83.87324627,64.19581358250524,19.677432687494758
0.5,90.74861503,62.102363610708615,28.64625141929138
3.0,25.09923397,64.19581358250524,-39.09657961250524
1.5,36.04892235,62.93974359942726,-26.890821249427262
2.0,77.20364961,63.358433593786586,13.845216016213413
0.5,28.08611963,62.102363610708615,-34.016243980708616
2.0,53.20245682,63.358433593786586,-10.155976773786584
0.5,85.29469889,62.102363610708615,23.19233527929139
5.0,83.55913032,65.87057355994253,17.688556760057466
5.0,58.167767,65.87057355994253,-7.70280655994253
1.5,92.24738058,62.93974359942726,29.307636980572738
4.0,54.64792215,65.03319357122388,-10.385271421223877
6.0,7.795843149,66.70795354866118,-58.91211039966118
4.0,83.86652792,65.03319357122388,18.83333434877612
3.0,74.42424318,64.19581358250524,10.228429597494767
1.0,25.57495635,62.521053605067934,-36.94609725506793
3.5,58.167767,64.61450357686456,-6.446736576864566
1.0,99.39611272,62.521053605067934,36.87505911493207
2.5,87.51636498,63.77712358814591,23.739241391854094
3.0,96.79156391,64.19581358250524,32.595750327494756
1.5,94.84567408,62.93974359942726,31.905930480572735
3.0,97.02512876,64.19581358250524,32.82931517749476
10.0,90.70856779,70.05747350353577,20.65109428646423
2.5,30.96658817,63.77712358814591,-32.81053541814591
3.0,83.59949632,64.19581358250524,19.403682737494762
2.0,35.23948373,63.358433593786586,-28.118949863786582
5.0,91.61110991,65.87057355994253,25.740536350057468
5.0,98.46195333,65.87057355994253,32.59137977005747
10.0,82.10290629,70.05747350353577,12.045432786464232
2.0,72.58968062,63.358433593786586,9.23124702621341
4.0,69.32665792,65.03319357122388,4.293464348776126
5.5,72.98083347,66.28926355430185,6.691569915698139
8.0,94.89062216,68.38271352609847,26.507908633901536
0.5,93.5524051,62.102363610708615,31.450041489291387
4.0,23.38379549,65.03319357122388,-41.64939808122388
2.0,93.85224358,63.358433593786586,30.49380998621342
10.0,53.20245682,70.05747350353577,-16.855016683535773
6.0,89.4782601,66.70795354866118,22.77030655133882
7.0,70.57774417,67.54533353737983,3.03241063262017
3.0,95.88664025,64.19581358250524,31.69082666749476
10.0,50.0155871,70.05747350353577,-20.041886403535777
6.0,69.17629728,66.70795354866118,2.4683437313388197
6.0,84.41178425,66.70795354866118,17.703830701338816
3.5,99.17363722,64.61450357686456,34.55913364313544
2.5,92.22349826,63.77712358814591,28.446374671854088
0.5,36.17262129,62.102363610708615,-25.929742320708613
4.0,85.45094495,65.03319357122388,20.417751378776117
8.0,55.79291405,68.38271352609847,-12.58979947609847
6.0,23.32766848,66.70795354866118,-43.38028506866118
10.0,65.99443629,70.05747350353577,-4.063037213535779
5.0,33.42547597,65.87057355994253,-32.44509758994253
8.0,99.45075432,68.38271352609847,31.06804079390153
0.0,15.10735958,61.68367361634929,-46.57631403634929
3.0,22.65031825,64.19581358250524,-41.54549533250524
6.0,53.6985542,66.70795354866118,-13.009399348661184
6.0,52.96298965,66.70795354866118,-13.744963898661183
7.0,65.59480184,67.54533353737983,-1.9505316973798301
4.0,74.60880949,65.03319357122388,9.575615918776123
3.0,48.05850021,64.19581358250524,-16.13731337250524
6.0,70.67451976,66.70795354866118,3.966566211338815
6.0,34.21869952,66.70795354866118,-32.48925402866118
5.0,98.07642499,65.87057355994253,32.20585143005748
4.0,58.53747904,65.03319357122388,-6.495714531223875
7.0,77.93264216,67.54533353737983,10.387308622620168
6.0,96.72195144,66.70795354866118,30.013997891338818
1.0,87.28304242,62.521053605067934,24.761988814932067
3.5,77.77567,64.61450357686456,13.161166423135441
1.0,37.60087813,62.521053605067934,-24.920175475067936
4.5,16.31431911,65.4518835655832,-49.1375644555832
2.0,59.01721944,63.358433593786586,-4.341214153786588
8.0,99.79839388,68.38271352609847,31.415680353901536
5.0,80.05711002,65.87057355994253,14.186536460057468
4.5,71.04047181,65.4518835655832,5.588588244416798
3.0,67.61599886,64.19581358250524,3.4201852774947668
6.0,74.60880949,66.70795354866118,7.900855941338818
5.0,94.17856735,65.87057355994253,28.307993790057466
2.5,85.05950283,63.77712358814591,21.282379241854088
1.5,59.20569812,62.93974359942726,-3.734045479427259
2.5,72.08322728,63.77712358814591,8.30610369185409
3.0,97.18182517,64.19581358250524,32.98601158749476
0.0,90.83906742,61.68367361634929,29.155393803650718
4.0,71.891691,65.03319357122388,6.8584974287761185
6.0,78.54932814,66.70795354866118,11.84137459133882
3.0,86.3768893,64.19581358250524,22.181075717494764
5.0,66.03556499,65.87057355994253,0.1649914300574693
6.0,96.43469449,66.70795354866118,29.726740941338818
0.5,99.5295077,62.102363610708615,37.42714408929138
1.0,95.75133647,62.521053605067934,33.230282864932065
7.0,99.24955767,67.54533353737983,31.70422413262017
2.0,83.09080929,63.358433593786586,19.73237569621341
9.0,10.99453961,69.22009351481712,-58.22555390481712
7.0,62.95970228,67.54533353737983,-4.585631257379831
3.0,67.73802914,64.19581358250524,3.5422155574947567
1.0,80.99144164,62.521053605067934,18.47038803493207
8.0,90.69443219,68.38271352609847,22.31171866390153
6.0,99.26162772,66.70795354866118,32.55367417133883
6.0,76.13757745,66.70795354866118,9.429623901338815
1.5,21.62261333,62.93974359942726,-41.31713026942726
3.5,57.7634963,64.61450357686456,-6.851007276864564
4.0,97.68096171,65.03319357122388,32.64776813877613
7.0,98.65323853,67.54533353737983,31.107904992620163
0.0,72.35863492,61.68367361634929,10.674961303650711
5.5,36.05467439,66.28926355430185,-30.234589164301852
0.5,21.96843719,62.102363610708615,-40.13392642070862
1.0,69.50376509,62.521053605067934,6.982711484932068
1.0,10.11079213,62.521053605067934,-52.410261475067934
2.5,85.9657027,63.77712358814591,22.188579111854082
4.5,90.63697435,65.4518835655832,25.1850907844168
3.5,78.58439332,64.61450357686456,13.96988974313544
1.0,83.32808854,62.521053605067934,20.807034934932062
2.5,7.45461601,63.77712358814591,-56.32250757814591
4.0,92.64639674,65.03319357122388,27.613203168776124
4.0,68.81281941,65.03319357122388,3.779625838776127
2.5,33.95960578,63.77712358814591,-29.817517808145915
3.0,64.48479627,64.19581358250524,0.28898268749476586
4.5,62.95970228,65.4518835655832,-2.4921812855832
1.5,5.526833422,62.93974359942726,-57.41291017742726
4.0,67.85584641,65.03319357122388,2.822652838776122
2.0,58.79389889,63.358433593786586,-4.564534703786585
2.0,58.8744133,63.358433593786586,-4.484020293786585
1.5,65.18427112,62.93974359942726,2.2445275205727455
1.0,83.95631584,62.521053605067934,21.43526223493207
2.5,68.81281941,63.77712358814591,5.035695821854091
5.5,79.68910751,66.28926355430185,13.399843955698145
1.5,83.91520023,62.93974359942726,20.975456630572737
5.0,62.95970228,65.87057355994253,-2.9108712799425263
1.0,12.53651587,62.521053605067934,-49.98453773506793
5.0,90.69075623,65.87057355994253,24.820182670057477
5.5,58.18062198,66.28926355430185,-8.108641574301856
3.0,66.15077327,64.19581358250524,1.954959687494764
2.5,67.48018081,63.77712358814591,3.703057221854081
2.0,63.80149613,63.358433593786586,0.44306253621341085
2.0,93.27221205,63.358433593786586,29.913778456213407
3.0,56.10159588,64.19581358250524,-8.09421770250524
6.0,58.09322257,66.70795354866118,-8.614730978661179
1.5,54.17655037,62.93974359942726,-8.763193229427259
4.0,35.48942561,65.03319357122388,-29.543767961223878
4.0,69.9574235,65.03319357122388,4.924229928776128
3.5,66.08825915,64.61450357686456,1.4737555731354348
0.5,49.20619657,62.102363610708615,-12.896167040708612
4.0,87.02647953,65.03319357122388,21.993285958776127
2.5,78.74951784,63.77712358814591,14.972394251854084
1.0,70.01718134,62.521053605067934,7.49612773493206
1.0,4.566712221,62.521053605067934,-57.95434138406793
4.0,26.01707526,65.03319357122388,-39.01611831122388
4.5,42.35560365,65.4518835655832,-23.096279915583203
4.0,84.96007198,65.03319357122388,19.92687840877612
4.0,70.84066228,65.03319357122388,5.807468708776128
2.0,39.1338294,63.358433593786586,-24.224604193786583
6.0,84.18387078,66.70795354866118,17.475917231338826
3.5,14.34002364,64.61450357686456,-50.274479936864566
2.5,47.57670396,63.77712358814591,-16.20041962814591
1.5,69.91124718,62.93974359942726,6.971503580572744
4.0,30.70445124,65.03319357122388,-34.32874233122388
5.5,93.98672032,66.28926355430185,27.69745676569815
4.0,80.06893476,65.03319357122388,15.035741188776129
5.0,67.16680562,65.87057355994253,1.296232060057477
1.0,40.43646118,62.521053605067934,-22.08459242506793
5.0,48.05850021,65.87057355994253,-17.81207334994253
0.5,42.28388655,62.102363610708615,-19.818477060708616
3.0,16.96162003,64.19581358250524,-47.23419355250524
6.0,96.81183336,66.70795354866118,30.103879811338814
4.0,25.53707289,65.03319357122388,-39.49612068122387
2.0,43.67278106,63.358433593786586,-19.685652533786588
0.5,77.04936127,62.102363610708615,14.946997659291391
3.0,70.40604141,64.19581358250524,6.210227827494762
2.5,57.45496513,63.77712358814591,-6.322158458145914
1.0,47.47794212,62.521053605067934,-15.043111485067932
1.0,49.07165942,62.521053605067934,-13.44939418506793
1.0,41.01256196,62.521053605067934,-21.508491645067934
1.0,53.20245682,62.521053605067934,-9.318596785067932
1.0,64.33096732,62.521053605067934,1.8099137149320654
2.0,94.89062216,63.358433593786586,31.53218856621342
5.0,95.58149175,65.87057355994253,29.71091819005747
4.0,18.46382222,65.03319357122388,-46.56937135122388
6.0,68.28334828,66.70795354866118,1.5753947313388181
4.5,25.09923397,65.4518835655832,-40.3526495955832
2.0,28.36503577,63.358433593786586,-34.99339782378659
3.0,57.0210877,64.19581358250524,-7.174725882505236
6.0,43.75638371,66.70795354866118,-22.95156983866118
7.0,72.98083347,67.54533353737983,5.435499932620161
2.0,86.29008291,63.358433593786586,22.93164931621341
5.5,84.99544367,66.28926355430185,18.706180115698146
1.5,25.70763057,62.93974359942726,-37.23211302942726
0.5,57.95910476,62.102363610708615,-4.143258850708612
1.5,67.65550199,62.93974359942726,4.715758390572745
2.0,62.35877188,63.358433593786586,-0.9996617137865869
4.0,65.84221705,65.03319357122388,0.8090234787761261
7.0,25.09923397,67.54533353737983,-42.44609956737983
8.0,83.32303085,68.38271352609847,14.940317323901525
0.5,43.13219212,62.102363610708615,-18.970171490708616
0.0,48.86370739,61.68367361634929,-12.819966226349287
3.0,69.87171391,64.19581358250524,5.675900327494759
3.5,33.24297302,64.61450357686456,-31.371530556864563
0.5,80.85855022,62.102363610708615,18.756186609291383
0.5,92.09238408,62.102363610708615,29.990020469291387
1.0,30.28405624,62.521053605067934,-32.236997365067936
2.5,77.20364961,63.77712358814591,13.426526021854087
1.5,47.24873407,62.93974359942726,-15.691009529427262
2.0,47.24873407,63.358433593786586,-16.10969952378659
3.0,69.91124718,64.19581358250524,5.715433597494766
2.0,30.70445124,63.358433593786586,-32.65398235378659
6.0,51.28932037,66.70795354866118,-15.418633178661182
3.0,69.91124718,64.19581358250524,5.715433597494766
0.0,96.79054098,61.68367361634929,35.106867363650714
4.0,33.86369686,65.03319357122388,-31.16949671122388
0.5,66.08825915,62.102363610708615,3.985895539291384
3.5,67.3913645,64.61450357686456,2.7768609231354304
1.5,30.70445124,62.93974359942726,-32.23529235942726
2.0,88.38128572,63.358433593786586,25.022852126213408
3.5,62.8727162,64.61450357686456,-1.7417873768645649
2.0,80.35879541,63.358433593786586,17.000361816213413
3.5,69.87171391,64.61450357686456,5.257210333135433
4.0,53.01344219,65.03319357122388,-12.019751381223877
2.5,65.34979392,63.77712358814591,1.5726703318540842
1.5,64.9623322,62.93974359942726,2.022588600572746
3.0,90.37921469,64.19581358250524,26.18340110749476
3.0,98.0925937,64.19581358250524,33.89678011749476
1.5,68.33176627,62.93974359942726,5.392022670572743
2.0,52.2254525,63.358433593786586,-11.132981093786583
2.0,80.22345378,63.358433593786586,16.865020186213414
1.5,25.62543853,62.93974359942726,-37.31430506942726
0.5,61.69382467,62.102363610708615,-0.40853894070861685
2.5,13.05895813,63.77712358814591,-50.71816545814591
1.0,13.08187583,62.521053605067934,-49.43917777506793
4.0,68.83070878,65.03319357122388,3.797515208776119
1.0,30.75861295,62.521053605067934,-31.762440655067934
1.0,28.90519034,62.521053605067934,-33.61586326506793
3.0,66.2563695,64.19581358250524,2.060555917494767
2.5,3.128253034,63.77712358814591,-60.648870554145915
1.0,70.79270495,62.521053605067934,8.271651344932067
1.0,47.66003889,62.521053605067934,-14.861014715067931
5.5,48.78013478,66.28926355430185,-17.509128774301857
0.0,56.12393568,61.68367361634929,-5.559737936349286
1.0,79.94321014,62.521053605067934,17.42215653493207
1.5,14.41009254,62.93974359942726,-48.52965105942726
3.0,51.66244191,64.19581358250524,-12.53337167250524
6.0,35.7668954,66.70795354866118,-30.941058148661178
5.0,65.99443629,65.87057355994253,0.12386273005746773
6.0,83.08553229,66.70795354866118,16.377578741338823
2.0,78.8391597,63.358433593786586,15.48072610621341
1.0,22.22112875,62.521053605067934,-40.299924855067935
1.5,11.03574531,62.93974359942726,-51.903998289427264
5.0,68.17556258,65.87057355994253,2.3049890200574765
2.0,69.03579973,63.358433593786586,5.677366136213408
4.0,62.4051345,65.03319357122388,-2.6280590712238734
2.5,45.66375002,63.77712358814591,-18.11337356814591
1.0,46.70869378,62.521053605067934,-15.812359825067936
2.5,88.07814594,63.77712358814591,24.301022351854087
4.0,42.03799573,65.03319357122388,-22.995197841223877
4.0,21.29836523,65.03319357122388,-43.734828341223874
2.5,3.482496475,63.77712358814591,-60.294627113145914
1.0,46.22440078,62.521053605067934,-16.29665282506793
1.5,47.18050149,62.93974359942726,-15.759242109427262
3.5,41.88017444,64.61450357686456,-22.734329136864567
1.5,42.90615422,62.93974359942726,-20.033589379427262
2.5,68.84387879,63.77712358814591,5.066755201854093
5.0,84.25378028,65.87057355994253,18.383206720057473
2.0,16.83873014,63.358433593786586,-46.51970345378659
2.0,85.0778139,63.358433593786586,21.71938030621341
3.0,41.98150796,64.19581358250524,-22.214305622505236
7.0,81.94224698,67.54533353737983,14.39691344262016
4.0,68.28334828,65.03319357122388,3.2501547087761224
2.5,82.1659813,63.77712358814591,18.388857711854087
6.0,91.40637186,66.70795354866118,24.698418311338813
2.5,32.49797332,63.77712358814591,-31.279150268145912
7.0,74.97339737,67.54533353737983,7.428063832620168
5.0,72.66703407,65.87057355994253,6.7964605100574715
0.0,22.66659312,61.68367361634929,-39.01708049634929
6.0,46.66948125,66.70795354866118,-20.038472298661183
4.5,98.866067,65.4518835655832,33.4141834344168
0.5,45.33714908,62.102363610708615,-16.76521453070861
3.0,80.73897731,64.19581358250524,16.543163727494758
1.5,33.0342922,62.93974359942726,-29.905451399427257
2.0,44.95264333,63.358433593786586,-18.405790263786585
2.5,63.79127104,63.77712358814591,0.014147451854086057
5.5,68.33176627,66.28926355430185,2.0425027156981486
1.5,79.92043653,62.93974359942726,16.980692930572744
2.0,31.08786145,63.358433593786586,-32.27057214378659
1.0,69.77678882,62.521053605067934,7.255735214932059
10.0,22.68701278,70.05747350353577,-47.37046072353577
1.0,66.76021312,62.521053605067934,4.239159514932069
1.0,43.08896674,62.521053605067934,-19.432086865067937
1.5,97.83665559,62.93974359942726,34.89691199057275
2.5,69.13113635,63.77712358814591,5.354012761854094
1.5,84.69244832,62.93974359942726,21.752704720572737
3.5,98.73640282,64.61450357686456,34.12189924313543
5.0,71.06344628,65.87057355994253,5.192872720057466
1.5,9.60866394,62.93974359942726,-53.33107965942726
1.0,84.74197212,62.521053605067934,22.220918514932066
5.0,94.78186851,65.87057355994253,28.911294950057467
5.0,76.61594979,65.87057355994253,10.745376230057474
3.0,92.62027788,64.19581358250524,28.424464297494765
2.0,38.29380716,63.358433593786586,-25.064626433786586
0.5,85.72136293,62.102363610708615,23.618999319291383
1.0,47.57670396,62.521053605067934,-14.94434964506793
5.0,81.10224079,65.87057355994253,15.231667230057468
2.0,81.07986622,63.358433593786586,17.721432626213414
3.0,16.01481832,64.19581358250524,-48.180995262505235
1.0,71.44508093,62.521053605067934,8.92402732493207
0.0,8.776643466,61.68367361634929,-52.907030150349286
1.0,78.74951784,62.521053605067934,16.228464234932062
1.5,87.28187463,62.93974359942726,24.342131030572745
5.5,58.54997123,66.28926355430185,-7.739292324301857
2.0,96.02199137,63.358433593786586,32.66355777621341
2.5,33.32195557,63.77712358814591,-30.455168018145912
1.5,29.00140843,62.93974359942726,-33.93833516942726
2.5,29.00140843,63.77712358814591,-34.775715158145914
2.5,55.79291405,63.77712358814591,-7.984209538145912
10.0,58.167767,70.05747350353577,-11.889706503535777
3.0,74.79862377,64.19581358250524,10.602810187494768
2.5,77.99562031,63.77712358814591,14.218496721854095
1.5,59.96662845,62.93974359942726,-2.973115149427258
3.0,86.79031424,64.19581358250524,22.594500657494763
1.5,71.44508093,62.93974359942726,8.505337330572743
1.0,78.35309341,62.521053605067934,15.832039804932066
2.5,53.01344219,63.77712358814591,-10.763681398145913
3.0,60.51961267,64.19581358250524,-3.6762009125052373
0.5,4.324742377,62.102363610708615,-57.777621233708615
1.5,5.76145587,62.93974359942726,-57.17828772942726
1.5,40.43646118,62.93974359942726,-22.503282419427258
5.0,71.79758191,65.87057355994253,5.927008350057477
1.0,24.92124987,62.521053605067934,-37.59980373506794
2.0,78.03174669,63.358433593786586,14.67331309621342
1.0,32.49797332,62.521053605067934,-30.023080285067934
3.0,53.96737126,64.19581358250524,-10.228442322505238
1.0,82.96083327,62.521053605067934,20.43977966493206
1.0,0.070359897,62.521053605067934,-62.45069370806793
1.5,6.85423202,62.93974359942726,-56.08551157942726
6.0,76.12920997,66.70795354866118,9.421256421338825
2.0,39.22259532,63.358433593786586,-24.135838273786582
5.0,22.13344692,65.87057355994253,-43.73712663994253
0.5,39.1338294,62.102363610708615,-22.96853421070861
4.0,97.4004263,65.03319357122388,32.36723272877613
3.5,75.69056427,64.61450357686456,11.076060693135432
2.0,92.20562076,63.358433593786586,28.847187166213416
2.0,18.58008295,63.358433593786586,-44.77835064378658
5.0,0.006768612,65.87057355994253,-65.86380494794253
2.5,36.89716191,63.77712358814591,-26.87996167814591
4.0,99.30596391,65.03319357122388,34.27277033877613
1.5,84.50209709,62.93974359942726,21.562353490572747
4.0,52.97646557,65.03319357122388,-12.056728001223874
5.0,63.80149613,65.87057355994253,-2.0690774299425314
0.0,36.68936176,61.68367361634929,-24.99431185634929
1.5,78.9594291,62.93974359942726,16.019685500572734
1.5,42.05103451,62.93974359942726,-20.88870908942726
2.0,50.83565947,63.358433593786586,-12.522774123786583
1.0,17.74504799,62.521053605067934,-44.77600561506793
3.5,46.07997675,64.61450357686456,-18.534526826864564
2.5,74.26220694,63.77712358814591,10.485083351854087
2.0,74.34578782,63.358433593786586,10.987354226213412
0.5,77.86602504,62.102363610708615,15.763661429291382
2.5,76.25276108,63.77712358814591,12.475637491854087
1.0,26.68936925,62.521053605067934,-35.831684355067935
1.5,87.98815832,62.93974359942726,25.048414720572737
2.0,66.76021312,63.358433593786586,3.401779526213417
3.5,84.21561074,64.61450357686456,19.60110716313544
2.5,80.0028944,63.77712358814591,16.22577081185409
3.0,96.33551746,64.19581358250524,32.13970387749477
10.0,42.63849961,70.05747350353577,-27.418973893535778
4.5,40.07525181,65.4518835655832,-25.376631755583205
3.0,69.13085778,64.19581358250524,4.935044197494761
4.0,58.87622836,65.03319357122388,-6.156965211223877
1.0,44.17451831,62.521053605067934,-18.34653529506793
1.0,93.03240074,62.521053605067934,30.511347134932066
3.5,90.53013351,64.61450357686456,25.915629933135435
4.0,68.17556258,65.03319357122388,3.1423690087761287
2.0,95.72836219,63.358433593786586,32.36992859621341
1.5,89.6840555,62.93974359942726,26.74431190057274
10.0,92.38177404,70.05747350353577,22.32430053646422
2.5,97.67997894,63.77712358814591,33.902855351854086
3.0,84.95448835,64.19581358250524,20.758674767494767
2.5,95.36191231,63.77712358814591,31.584788721854082
7.0,65.84221705,67.54533353737983,-1.7031164873798303
2.5,31.12614491,63.77712358814591,-32.65097867814591
2.0,98.5063014,63.358433593786586,35.14786780621341
2.0,65.84221705,63.358433593786586,2.4837834562134162
10.0,93.60197238,70.05747350353577,23.544498876464232
3.5,96.91369875,64.61450357686456,32.29919517313543
4.0,89.23253452,65.03319357122388,24.199340948776126
2.5,71.91187626,63.77712358814591,8.134752671854088
0.5,96.62415739,62.102363610708615,34.52179377929138
2.5,50.87045271,63.77712358814591,-12.90667087814591
6.0,98.37089358,66.70795354866118,31.66294003133882
2.5,17.6022081,63.77712358814591,-46.17491548814591
4.0,85.06633791,65.03319357122388,20.033144338776125
6.0,74.23946269,66.70795354866118,7.531509141338816
2.0,63.18671378,63.358433593786586,-0.17171981378658785
5.0,67.02228158,65.87057355994253,1.1517080200574696
3.0,15.98973041,64.19581358250524,-48.20608317250524
3.0,61.78523973,64.19581358250524,-2.4105738525052374
0.0,93.79543511,61.68367361634929,32.11176149365071
0.0,84.67610222,61.68367361634929,22.992428603650716
5.0,92.41452555,65.87057355994253,26.543951990057465
6.0,54.04791735,66.70795354866118,-12.660036198661182
2.0,51.77995186,63.358433593786586,-11.578481733786589
8.0,86.07223918,68.38271352609847,17.689525653901526
8.0,89.94730421,68.38271352609847,21.564590683901528
1.5,63.35195197,62.93974359942726,0.41220837057274196
8.0,99.80992116,68.38271352609847,31.42720763390153
10.0,76.13913858,70.05747350353577,6.081665076464219
5.0,66.01686883,65.87057355994253,0.1462952700574789
3.0,92.18630697,64.19581358250524,27.990493387494766
2.5,92.67341005,63.77712358814591,28.89628646185409
1.5,46.63367372,62.93974359942726,-16.306069879427262
8.0,16.31431911,68.38271352609847,-52.06839441609847
9.0,67.02228158,69.22009351481712,-2.197811934817125
5.5,49.28651193,66.28926355430185,-17.00275162430185
1.5,92.23530338,62.93974359942726,29.295559780572745
1.5,66.72581086,62.93974359942726,3.786067260572736
3.5,23.08528326,64.61450357686456,-41.52922031686457
4.0,79.94321014,65.03319357122388,14.910016568776129
1.0,50.83565947,62.521053605067934,-11.68539413506793
2.5,97.82337051,63.77712358814591,34.04624692185409
1.0,25.62543853,62.521053605067934,-36.89561507506794
10.0,87.0393965,70.05747350353577,16.98192299646422
1.0,2.702715023,62.521053605067934,-59.81833858206793
10.0,84.25460359,70.05747350353577,14.197130086464227
7.0,99.30645185,67.54533353737983,31.76111831262017
1.0,74.45590053,62.521053605067934,11.93484692493206
1.0,98.27574094,62.521053605067934,35.75468733493207
1.5,87.89933447,62.93974359942726,24.95959087057274
0.0,84.41178425,61.68367361634929,22.728110633650708
5.0,86.94086538,65.87057355994253,21.070291820057477
1.0,61.62211135,62.521053605067934,-0.8989422550679365
5.0,51.7428672,65.87057355994253,-14.127706359942529
9.0,7.43365761,69.22009351481712,-61.786435904817125
5.0,56.8165505,65.87057355994253,-9.05402305994253
3.0,91.42596371,64.19581358250524,27.230150127494767
4.0,79.76241959,65.03319357122388,14.729226018776117
2.0,42.06321618,63.358433593786586,-21.295217413786588
5.5,95.36191231,66.28926355430185,29.07264875569814
1.0,96.35684269,62.521053605067934,33.83578908493206
0.0,27.90530303,61.68367361634929,-33.77837058634929
8.0,56.18208753,68.38271352609847,-12.200625996098474
10.0,84.52270324,70.05747350353577,14.465229736464224
10.0,26.55798646,70.05747350353577,-43.49948704353578
9.0,61.12521977,69.22009351481712,-8.094873744817122
7.0,90.3259285,67.54533353737983,22.78059496262017
2.0,44.87060316,63.358433593786586,-18.487830433786584
3.0,95.37626702,64.19581358250524,31.180453437494762
1.0,75.2628239,62.521053605067934,12.741770294932067
1.5,20.03706101,62.93974359942726,-42.90268258942726
1.0,1.427180351,62.521053605067934,-61.09387325406794
1.5,52.55947074,62.93974359942726,-10.380272859427258
3.0,96.25618095,64.19581358250524,32.06036736749476
9.0,0.071055622,69.22009351481712,-69.14903789281712
1.5,80.51016783,62.93974359942726,17.57042423057274
6.0,70.75265862,66.70795354866118,4.044705071338825
7.0,98.76991154,67.54533353737983,31.224578002620163
2.5,92.39504425,63.77712358814591,28.617920661854086
7.0,94.70832232,67.54533353737983,27.16298878262016
5.5,1.126496772,66.28926355430185,-65.16276678230186
8.0,52.16728949,68.38271352609847,-16.21542403609847
10.0,82.7581041,70.05747350353577,12.700630596464222
6.0,26.04781219,66.70795354866118,-40.66014135866118
1.0,82.9105435,62.521053605067934,20.38948989493207
3.0,77.31131058,64.19581358250524,13.115496997494759
6.0,65.01123559,66.70795354866118,-1.696717958661182
1.0,48.38799949,62.521053605067934,-14.133054115067935
7.0,37.57997923,67.54533353737983,-29.965354307379833
5.0,70.84066228,65.87057355994253,4.9700887200574755
4.0,21.9624896,65.03319357122388,-43.07070397122388
4.0,53.96737126,65.03319357122388,-11.065822311223876
2.5,79.94743674,63.77712358814591,16.17031315185409
6.0,6.480710021,66.70795354866118,-60.22724352766118
3.0,11.71844697,64.19581358250524,-52.477366612505236
6.0,14.02708141,66.70795354866118,-52.68087213866118
4.0,76.4894434,65.03319357122388,11.456249828776123
2.0,99.3207331,63.358433593786586,35.96229950621341
5.0,34.55230954,65.87057355994253,-31.318264019942525
0.0,57.71859003,61.68367361634929,-3.9650835863492873
5.5,98.74117445,66.28926355430185,32.45191089569815
5.0,84.34610709,65.87057355994253,18.475533530057476
6.0,47.58022949,66.70795354866118,-19.12772405866118
6.0,98.57458319,66.70795354866118,31.866629641338818
2.5,98.72363287,63.77712358814591,34.94650928185409
8.0,94.79049664,68.38271352609847,26.40778311390153
3.0,7.309878943,64.19581358250524,-56.88593463950524
4.5,91.40877185,65.4518835655832,25.95688828441679
3.0,13.16010488,64.19581358250524,-51.03570870250524
1.0,65.43024833,62.521053605067934,2.909194724932064
1.0,0.520765122,62.521053605067934,-62.00028848306793
2.0,95.39469153,63.358433593786586,32.03625793621342
2.5,90.75765214,63.77712358814591,26.980528551854093
2.5,84.10842539,63.77712358814591,20.33130180185408
1.0,45.76251448,62.521053605067934,-16.758539125067934
4.5,25.21110536,65.4518835655832,-40.2407782055832
2.0,94.29536872,63.358433593786586,30.936935126213413
6.0,35.04876286,66.70795354866118,-31.659190688661184
3.5,36.41834536,64.61450357686456,-28.19615821686456
2.5,60.51961267,63.77712358814591,-3.257510918145911
0.5,72.44971173,62.102363610708615,10.34734811929139
4.0,73.70743646,65.03319357122388,8.67424288877612
7.0,96.94902892,67.54533353737983,29.40369538262017
1.5,50.11612649,62.93974359942726,-12.82361710942726
2.5,77.42100631,63.77712358814591,13.643882721854084
1.0,88.2640755,62.521053605067934,25.74302189493207
4.0,85.29469889,65.03319357122388,20.26150531877613
7.0,44.42268346,67.54533353737983,-23.12265007737983
4.0,73.44604344,65.03319357122388,8.41284986877612
2.5,43.53539984,63.77712358814591,-20.241723748145915
5.5,61.87259156,66.28926355430185,-4.416671994301858
5.5,62.47075585,66.28926355430185,-3.818507704301851
5.0,54.38998582,65.87057355994253,-11.480587739942528
3.5,96.12554764,64.61450357686456,31.51104406313543
4.0,86.71569586,65.03319357122388,21.68250228877612
5.0,99.59722635,65.87057355994253,33.72665279005747
6.0,97.55335966,66.70795354866118,30.845406111338818
2.0,2.286363367,63.358433593786586,-61.072070226786586
3.0,94.6470681,64.19581358250524,30.45125451749476
7.0,26.14331104,67.54533353737983,-41.40202249737983
4.0,63.50973543,65.03319357122388,-1.5234581412238768
4.0,95.76721077,65.03319357122388,30.73401719877613
6.0,99.84386039,66.70795354866118,33.13590684133882
2.0,84.10727673,63.358433593786586,20.74884313621341
4.0,53.6985542,65.03319357122388,-11.33463937122388
6.0,96.93235216,66.70795354866118,30.224398611338813
8.0,99.02321608,68.38271352609847,30.640502553901527
7.0,27.90530303,67.54533353737983,-39.640030507379834
5.0,89.82378786,65.87057355994253,23.953214300057468
5.5,79.16293108,66.28926355430185,12.873667525698153
0.5,65.23127763,62.102363610708615,3.128914019291379
2.5,74.34578782,63.77712358814591,10.568664231854086
7.0,1.354683366,67.54533353737983,-66.19065017137983
1.0,2.19153782,62.521053605067934,-60.32951578506793
6.0,19.12650374,66.70795354866118,-47.581449808661176
5.0,94.89706786,65.87057355994253,29.02649430005748
3.0,85.24612213,64.19581358250524,21.050308547494765
2.5,21.02306116,63.77712358814591,-42.754062428145915
3.5,52.22408981,64.61450357686456,-12.390413766864562
2.0,97.83497723,63.358433593786586,34.47654363621342
5.0,75.19253869,65.87057355994253,9.321965130057478
2.0,25.09923397,63.358433593786586,-38.259199623786586
3.5,97.61424168,64.61450357686456,32.99973810313544
4.0,52.74582649,65.03319357122388,-12.287367081223877
8.0,97.5371005,68.38271352609847,29.154386973901524
1.5,79.67120611,62.93974359942726,16.73146251057274
4.0,58.167767,65.03319357122388,-6.865426571223878
3.5,62.29315889,64.61450357686456,-2.3213446868645633
3.0,61.44648834,64.19581358250524,-2.749325242505236
1.0,96.57697985,62.521053605067934,34.05592624493207
8.0,93.67424598,68.38271352609847,25.291532453901524
0.5,80.50659742,62.102363610708615,18.40423380929139
3.0,51.7428672,64.19581358250524,-12.452946382505239
1.0,66.16040353,62.521053605067934,3.6393499249320627
3.0,21.293857,64.19581358250524,-42.901956582505235
3.0,81.97672505,64.19581358250524,17.78091146749476
5.0,92.84085921,65.87057355994253,26.970285650057477
0.5,57.0210877,62.102363610708615,-5.081275910708612
2.5,70.67451976,63.77712358814591,6.8973961718540835
5.0,75.01704032,65.87057355994253,9.146466760057478
3.0,99.21076424,64.19581358250524,35.014950657494765
1.5,37.60087813,62.93974359942726,-25.33886546942726
0.5,71.86076545,62.102363610708615,9.758401839291388
5.5,97.08533916,66.28926355430185,30.79607560569815
4.0,92.83424307,65.03319357122388,27.801049498776123
1.5,74.60880949,62.93974359942726,11.669065890572739
6.0,98.57848685,66.70795354866118,31.870533301338824
4.0,82.19258456,65.03319357122388,17.159390988776124
2.0,37.60087813,63.358433593786586,-25.757555463786588
3.0,42.90615422,64.19581358250524,-21.28965936250524
8.0,67.38519263,68.38271352609847,-0.9975208960984645
3.0,61.62522673,64.19581358250524,-2.5705868525052367
6.0,99.18115262,66.70795354866118,32.473199071338826
8.0,54.64792215,68.38271352609847,-13.734791376098471
2.0,58.87622836,63.358433593786586,-4.482205233786587
4.0,84.62919716,65.03319357122388,19.596003588776128
0.5,56.18208753,62.102363610708615,-5.920276080708618
3.0,57.23154694,64.19581358250524,-6.964266642505237
3.0,7.43365761,64.19581358250524,-56.76215597250524
3.0,27.92771638,64.19581358250524,-36.26809720250524
3.5,39.37452899,64.61450357686456,-25.239974586864562
6.0,78.44672535,66.70795354866118,11.738771801338814
7.0,63.48927185,67.54533353737983,-4.056061687379831
7.0,56.67898027,67.54533353737983,-10.866353267379836
3.0,97.49494147,64.19581358250524,33.29912788749476
6.0,43.94501206,66.70795354866118,-22.762941488661177
2.0,68.33176627,63.358433593786586,4.973332676213417
2.5,58.18521241,63.77712358814591,-5.591911178145914
10.0,63.26262945,70.05747350353577,-6.794844053535776
8.0,75.92719998,68.38271352609847,7.544486453901527
2.0,50.41309274,63.358433593786586,-12.945340853786583
6.0,61.87259156,66.70795354866118,-4.835361988661184
2.0,70.67451976,63.358433593786586,7.31608616621341
10.0,28.63552609,70.05747350353577,-41.421947413535776
6.0,99.65169103,66.70795354866118,32.943737481338815
3.5,37.57997923,64.61450357686456,-27.034524346864565
1.0,25.29993613,62.521053605067934,-37.221117475067935
7.0,83.06926617,67.54533353737983,15.523932632620173
3.5,90.14101997,64.61450357686456,25.526516393135438
1.5,95.9856148,62.93974359942726,33.04587120057273
4.5,93.79543511,65.4518835655832,28.343551544416798
2.5,82.57589609,63.77712358814591,18.79877250185409
1.5,88.01784697,62.93974359942726,25.078103370572734
0.0,98.01728332,61.68367361634929,36.333609703650716
5.5,17.93580699,66.28926355430185,-48.35345656430185
2.5,11.72368213,63.77712358814591,-52.05344145814591
5.0,79.73361306,65.87057355994253,13.863039500057468
4.0,26.94682817,65.03319357122388,-38.08636540122387
4.0,76.13757745,65.03319357122388,11.104383878776119
4.5,98.3757666,65.4518835655832,32.923883034416804
3.0,11.98787945,64.19581358250524,-52.20793413250524
9.0,99.23716232,69.22009351481712,30.017068805182873
1.0,72.66703407,62.521053605067934,10.145980464932066
4.0,86.45744949,65.03319357122388,21.424255918776126
3.0,42.79220671,64.19581358250524,-21.403606872505236
5.5,4.86964072,66.28926355430185,-61.419622834301855
3.0,0.983247028,64.19581358250524,-63.21256655450524
4.0,93.87468769,65.03319357122388,28.841494118776126
0.5,75.69056427,62.102363610708615,13.588200659291381
6.0,25.66497134,66.70795354866118,-41.04298220866118
6.0,92.23355665,66.70795354866118,25.525603101338817
10.0,17.54872121,70.05747350353577,-52.50875229353578
2.5,72.97464678,63.77712358814591,9.197523191854089
1.0,19.43625279,62.521053605067934,-43.084800815067936
4.0,90.19374415,65.03319357122388,25.160550578776125
5.0,40.8934694,65.87057355994253,-24.977104159942527
0.5,7.004844233,62.102363610708615,-55.097519377708615
4.0,68.80335871,65.03319357122388,3.7701651387761217
7.0,95.79402088,67.54533353737983,28.248687342620173
1.5,53.01344219,62.93974359942726,-9.92630140942726
5.5,76.31024948,66.28926355430185,10.020985925698142
4.5,95.03683894,65.4518835655832,29.584955374416793
6.0,98.78491689,66.70795354866118,32.076963341338825
7.0,84.2338361,67.54533353737983,16.688502562620172
3.0,99.39712288,64.19581358250524,35.20130929749476
1.0,76.16361312,62.521053605067934,13.64255951493206
5.0,77.55710461,65.87057355994253,11.686531050057468
2.0,43.94501206,63.358433593786586,-19.413421533786583
8.0,44.24834399,68.38271352609847,-24.13436953609847
1.5,93.79838032,62.93974359942726,30.858636720572747
2.5,87.25071452,63.77712358814591,23.47359093185409
2.5,96.87222741,63.77712358814591,33.09510382185408
10.0,97.43979933,70.05747350353577,27.382325826464225
5.0,89.45512899,65.87057355994253,23.584555430057478
9.0,48.48588362,69.22009351481712,-20.73420989481712
3.0,94.35712574,64.19581358250524,30.161312157494763
6.0,90.74566924,66.70795354866118,24.037715691338818
8.0,99.73495036,68.38271352609847,31.35223683390153
7.0,83.60669867,67.54533353737983,16.061365132620168
10.0,86.78281777,70.05747350353577,16.72534426646422
5.0,74.47952441,65.87057355994253,8.608950850057468
7.0,90.70856779,67.54533353737983,23.16323425262017
10.0,15.54898951,70.05747350353577,-54.508483993535776
5.0,99.4807266,65.87057355994253,33.61015304005747
5.0,42.10114543,65.87057355994253,-23.769428129942526
10.0,47.13837771,70.05747350353577,-22.919095793535774
4.0,45.1520129,65.03319357122388,-19.881180671223873
3.5,98.70411202,64.61450357686456,34.08960844313543
4.0,44.02474329,65.03319357122388,-21.008450281223872
3.0,96.99582359,64.19581358250524,32.80001000749476
5.0,92.80500857,65.87057355994253,26.93443501005747
1.5,56.52032716,62.93974359942726,-6.419416439427259
2.5,83.93878579,63.77712358814591,20.161662201854085
3.0,59.03829979,64.19581358250524,-5.157513792505235
10.0,56.95703982,70.05747350353577,-13.100433683535776
2.0,86.95492749,63.358433593786586,23.596493896213417
1.5,65.56463771,62.93974359942726,2.6248941105727397
3.5,81.91225318,64.61450357686456,17.29774960313543
1.5,79.456875,62.93974359942726,16.517131400572737
6.0,29.00140843,66.70795354866118,-37.70654511866118
3.0,29.00140843,64.19581358250524,-35.19440515250524
8.0,75.35975743,68.38271352609847,6.9770439039015315
5.0,75.2628239,65.87057355994253,9.392250340057473
0.5,1.626257173,62.102363610708615,-60.476106437708616
3.0,8.924870102,64.19581358250524,-55.27094348050524
4.0,98.44322633,65.03319357122388,33.410032758776126
1.0,34.21992462,62.521053605067934,-28.301128985067933
10.0,96.77602067,70.05747350353577,26.71854716646422
1.5,18.46382222,62.93974359942726,-44.47592137942726
1.5,67.37412662,62.93974359942726,4.434383020572739
3.0,53.28931968,64.19581358250524,-10.90649390250524
1.0,97.57939704,62.521053605067934,35.05834343493207
1.0,95.19034603,62.521053605067934,32.66929242493207
6.0,49.0050896,66.70795354866118,-17.702863948661182
0.5,97.16639571,62.102363610708615,35.06403209929139
3.5,85.84986532,64.61450357686456,21.235361743135442
1.5,87.29843376,62.93974359942726,24.358690160572735
2.0,37.6095217,63.358433593786586,-25.748911893786584
5.5,69.17629728,66.28926355430185,2.8870337256981458
0.5,88.10799552,62.102363610708615,26.005631909291388
4.0,65.04131108,65.03319357122388,0.008117508776123827
8.0,92.63103874,68.38271352609847,24.248325213901524
2.0,70.24766118,63.358433593786586,6.8892275862134085
2.0,42.9070731,63.358433593786586,-20.451360493786588
1.0,68.83869584,62.521053605067934,6.317642234932066
1.5,68.725309,62.93974359942726,5.785565400572736
5.0,5.526833422,65.87057355994253,-60.343740137942525
1.0,47.57670396,62.521053605067934,-14.94434964506793
1.0,76.28817411,62.521053605067934,13.767120504932066
0.5,47.25298589,62.102363610708615,-14.849377720708617
2.5,34.78983709,63.77712358814591,-28.987286498145913
5.5,78.74951784,66.28926355430185,12.460254285698142
2.5,95.41000401,63.77712358814591,31.632880421854082
0.5,47.57670396,62.102363610708615,-14.525659650708612
2.0,56.12875598,63.358433593786586,-7.229677613786585
1.0,81.86351046,62.521053605067934,19.342456854932067
10.0,42.1484795,70.05747350353577,-27.908994003535774
4.0,75.35975743,65.03319357122388,10.326563858776126
7.0,91.89342822,67.54533353737983,24.34809468262017
3.0,11.9858923,64.19581358250524,-52.209921282505235
6.0,87.46561902,66.70795354866118,20.757665471338825
5.0,94.52660879,65.87057355994253,28.65603523005747
8.0,50.27447135,68.38271352609847,-18.10824217609847
5.0,86.77246275,65.87057355994253,20.901889190057474
3.0,58.18521241,64.19581358250524,-6.01060117250524
3.0,98.96889227,64.19581358250524,34.77307868749476
3.0,72.86170979,64.19581358250524,8.665896207494768
1.5,60.19581026,62.93974359942726,-2.743933339427258
2.0,73.82749997,63.358433593786586,10.46906637621342
5.5,41.07328925,66.28926355430185,-25.215974304301852
1.5,70.79270495,62.93974359942726,7.852961350572741
3.5,97.12160963,64.61450357686456,32.50710605313543
1.5,88.99530649,62.93974359942726,26.055562890572745
3.0,92.16826247,64.19581358250524,27.972448887494764
3.5,98.5202237,64.61450357686456,33.90572012313544
4.5,90.71004354,65.4518835655832,25.2581599744168
6.0,35.93437682,66.70795354866118,-30.773576728661183
1.5,84.29940203,62.93974359942726,21.359658430572736
2.5,79.93438595,63.77712358814591,16.157262361854094
7.0,98.55640316,67.54533353737983,31.01106962262017
1.5,9.785228042,62.93974359942726,-53.15451555742726
5.0,56.89389424,65.87057355994253,-8.976679319942527
1.5,31.63999593,62.93974359942726,-31.29974766942726
9.0,92.76041295,69.22009351481712,23.54031943518288
1.0,25.53707289,62.521053605067934,-36.98398071506793
0.0,46.60251916,61.68367361634929,-15.081154456349289
0.5,64.96446681,62.102363610708615,2.86210319929139
1.0,16.94993769,62.521053605067934,-45.571115915067935
3.0,71.89758579,64.19581358250524,7.701772207494756
0.5,55.15612985,62.102363610708615,-6.9462337607086155
2.0,45.17144028,63.358433593786586,-18.186993313786587
2.5,39.76467297,63.77712358814591,-24.012450618145913
2.0,79.92192149,63.358433593786586,16.563487896213417
3.0,71.19957299,64.19581358250524,7.003759407494755
9.0,95.06181133,69.22009351481712,25.841717815182875
4.0,85.2749939,65.03319357122388,20.241800328776122
4.0,53.35115646,65.03319357122388,-11.682037111223877
2.5,87.02647953,63.77712358814591,23.24935594185409
6.0,75.68396476,66.70795354866118,8.976011211338815
1.5,85.48936906,62.93974359942726,22.54962546057274
2.5,29.22517342,63.77712358814591,-34.55195016814591
6.0,12.44537975,66.70795354866118,-54.26257379866118
3.0,91.3566731,64.19581358250524,27.160859517494757
1.0,92.68103481,62.521053605067934,30.159981204932066
4.5,92.61218964,65.4518835655832,27.160306074416795
4.0,71.8600337,65.03319357122388,6.8268401287761264
2.5,93.90236056,63.77712358814591,30.125236971854093
1.5,79.57774669,62.93974359942726,16.638003090572738
4.0,25.54426508,65.03319357122388,-39.488928491223874
3.0,78.31747374,64.19581358250524,14.121660157494759
2.0,82.18267485,63.358433593786586,18.824241256213412
0.0,63.48927185,61.68367361634929,1.8055982336507128
7.0,35.63692335,67.54533353737983,-31.90841018737983
3.0,62.87405109,64.19581358250524,-1.3217624925052363
0.0,30.29781056,61.68367361634929,-31.38586305634929
6.0,65.18427112,66.70795354866118,-1.523682428661175
3.0,92.76804997,64.19581358250524,28.57223638749477
1.0,88.88067089,62.521053605067934,26.35961728493207
5.5,94.97024784,66.28926355430185,28.680984285698145
5.0,80.10061405,65.87057355994253,14.230040490057476
5.5,29.64029012,66.28926355430185,-36.64897343430185
7.0,64.15249188,67.54533353737983,-3.392841657379833
1.0,71.77163239,62.521053605067934,9.25057878493206
3.0,60.76861032,64.19581358250524,-3.4272032625052375
6.0,34.10784442,66.70795354866118,-32.60010912866118
0.5,83.09109665,62.102363610708615,20.988733039291382
0.0,47.66003889,61.68367361634929,-14.023634726349286
6.0,81.44859765,66.70795354866118,14.740644101338816
4.0,94.89062216,65.03319357122388,29.85742858877613
1.0,98.01443612,62.521053605067934,35.493382514932065
7.0,76.10665948,67.54533353737983,8.561325942620172
0.0,98.11499022,61.68367361634929,36.43131660365071
5.0,97.10273335,65.87057355994253,31.232159790057466
0.5,92.37168878,62.102363610708615,30.269325169291385
7.0,66.08825915,67.54533353737983,-1.4570743873798335
2.5,86.63687838,63.77712358814591,22.859754791854087
7.0,52.00817272,67.54533353737983,-15.537160817379835
5.5,58.53747904,66.28926355430185,-7.751784514301853
6.0,97.23423628,66.70795354866118,30.526282731338824
1.5,83.30380638,62.93974359942726,20.364062780572738
0.5,29.93458107,62.102363610708615,-32.167782540708615
10.0,46.07997675,70.05747350353577,-23.977496753535775
1.0,98.93885532,62.521053605067934,36.41780171493207
10.0,64.26150224,70.05747350353577,-5.795971263535776
5.0,86.84669781,65.87057355994253,20.976124250057467
1.0,87.8322351,62.521053605067934,25.31118149493207
2.0,72.98083347,63.358433593786586,9.622399876213407
10.0,66.08825915,70.05747350353577,-3.969214353535776
2.5,27.98383826,63.77712358814591,-35.79328532814591
1.5,69.91124718,62.93974359942726,6.971503580572744
3.0,98.44222424,64.19581358250524,34.24641065749476
5.0,85.24612213,65.87057355994253,19.375548570057475
8.0,0.0018984,68.38271352609847,-68.38081512609847
3.0,71.24517665,64.19581358250524,7.049363067494767
7.0,82.96083327,67.54533353737983,15.415499732620162
3.0,45.04484265,64.19581358250524,-19.15097093250524
5.0,37.02509607,65.87057355994253,-28.84547748994253
10.0,15.1210439,70.05747350353577,-54.93642960353577
1.5,97.07114887,62.93974359942726,34.13140527057274
3.0,95.53715522,64.19581358250524,31.341341637494764
1.5,41.76200357,62.93974359942726,-21.177740029427262
5.0,92.09238408,65.87057355994253,26.221810520057474
6.0,97.53817429,66.70795354866118,30.83022074133882
1.0,46.07997675,62.521053605067934,-16.441076855067934
0.0,73.05961868,61.68367361634929,11.375945063650711
3.0,98.85440043,64.19581358250524,34.65858684749476
2.0,99.34359086,63.358433593786586,35.98515726621342
3.0,49.81064554,64.19581358250524,-14.385168042505235
6.0,98.81895714,66.70795354866118,32.111003591338815
4.0,41.76200357,65.03319357122388,-23.27119000122388
5.0,45.71292164,65.87057355994253,-20.15765191994253
10.0,95.27339032,70.05747350353577,25.21591681646423
3.0,98.19385553,64.19581358250524,33.998041947494755
7.0,60.75872902,67.54533353737983,-6.7866045173798355
1.0,98.28093456,62.521053605067934,35.75988095493207
7.0,32.79325237,67.54533353737983,-34.752081167379835
5.5,81.7100925,66.28926355430185,15.420828945698148
5.5,97.64685354,66.28926355430185,31.35758998569814
8.0,87.50167897,68.38271352609847,19.11896544390153
5.0,41.85248576,65.87057355994253,-24.018087799942528
7.0,99.0371832,67.54533353737983,31.49184966262017
0.0,42.90537454,61.68367361634929,-18.778299076349292
3.5,92.93582705,64.61450357686456,28.321323473135436
2.5,27.70125092,63.77712358814591,-36.07587266814591
5.5,83.76843903,66.28926355430185,17.479175475698142
8.0,18.29423013,68.38271352609847,-50.08848339609847
0.5,47.7153177,62.102363610708615,-14.387045910708615
2.5,93.35076384,63.77712358814591,29.573640251854087
4.0,51.7091278,65.03319357122388,-13.324065771223879
5.0,93.85510667,65.87057355994253,27.98453311005747
10.0,60.11766537,70.05747350353577,-9.939808133535777
0.0,97.50458425,61.68367361634929,35.820910633650705
6.0,87.51636498,66.70795354866118,20.808411431338826
3.0,90.64452032,64.19581358250524,26.44870673749476
5.5,95.26327504,66.28926355430185,28.974011485698142
4.0,98.34883963,65.03319357122388,33.315646058776125
7.0,29.7578994,67.54533353737983,-37.78743413737983
2.5,83.09080929,63.77712358814591,19.313685701854084
5.0,91.20842656,65.87057355994253,25.33785300005748
1.5,65.88575167,62.93974359942726,2.946008070572745
7.0,98.57045855,67.54533353737983,31.025125012620165
5.5,70.40604141,66.28926355430185,4.116777855698146
4.0,95.77294492,65.03319357122388,30.739751348776124
7.0,88.66110606,67.54533353737983,21.115772522620162
0.0,55.79291405,61.68367361634929,-5.890759566349288
3.5,83.87324627,64.61450357686456,19.25874269313543
10.0,99.70588629,70.05747350353577,29.64841278646422
2.5,82.83795056,63.77712358814591,19.060826971854084
10.0,68.17556258,70.05747350353577,-1.88191092353577
4.5,87.0393965,65.4518835655832,21.587512934416793
4.0,99.30743244,65.03319357122388,34.27423886877612
0.5,96.8934735,62.102363610708615,34.791109889291384
5.0,99.15805755,65.87057355994253,33.28748399005747
3.0,77.20364961,64.19581358250524,13.007836027494761
9.0,98.46195333,69.22009351481712,29.241859815182877
2.0,40.43646118,63.358433593786586,-22.921972413786584
0.5,89.23253452,62.102363610708615,27.130170909291387
5.0,55.49638039,65.87057355994253,-10.37419316994253
2.5,99.2871846,63.77712358814591,35.51006101185409
6.0,98.76439264,66.70795354866118,32.05643909133882
3.0,77.17514356,64.19581358250524,12.979329977494757
6.0,97.17528834,66.70795354866118,30.467334791338814
0.0,56.26811413,61.68367361634929,-5.415559486349288
2.5,42.12549278,63.77712358814591,-21.65163080814591
5.0,99.83862188,65.87057355994253,33.96804832005748
8.0,96.1397811,68.38271352609847,27.757067573901523
6.0,45.1520129,66.70795354866118,-21.555940648661178
2.0,83.38004367,63.358433593786586,20.02161007621342
8.0,62.462601,68.38271352609847,-5.920112526098471
7.0,48.61492211,67.54533353737983,-18.93041142737983
4.0,52.08583923,65.03319357122388,-12.947354341223878
5.0,96.60048022,65.87057355994253,30.729906660057466
2.0,74.71972579,63.358433593786586,11.361292196213412
6.0,93.60197238,66.70795354866118,26.894018831338826
6.0,52.00817272,66.70795354866118,-14.699780828661183
2.5,80.9826523,63.77712358814591,17.205528711854086
3.5,57.95910476,64.61450357686456,-6.655398816864562
2.0,65.01459821,63.358433593786586,1.6561646162134167
0.0,23.38379549,61.68367361634929,-38.299878126349284
4.0,85.18921007,65.03319357122388,20.156016498776125
8.0,69.15980796,68.38271352609847,0.7770944339015244
2.0,98.83621451,63.358433593786586,35.47778091621342
5.0,93.47137179,65.87057355994253,27.600798230057478
4.0,39.18963322,65.03319357122388,-25.84356035122388
3.0,63.79345154,64.19581358250524,-0.40236204250523855
8.0,54.04791735,68.38271352609847,-14.334796176098472
2.5,99.274628,63.77712358814591,35.497504411854095
10.0,40.92763228,70.05747350353577,-29.129841223535777
5.0,80.98353667,65.87057355994253,15.112963110057478
5.5,97.56644906,66.28926355430185,31.277185505698142
3.0,98.59100421,64.19581358250524,34.395190627494756
5.0,99.22377246,65.87057355994253,33.35319890005748
4.0,90.88792987,65.03319357122388,25.854736298776118
5.0,0.000597842,65.87057355994253,-65.86997571794252
9.0,54.36682368,69.22009351481712,-14.85326983481712
6.0,89.87845808,66.70795354866118,23.17050453133882
7.0,78.01416162,67.54533353737983,10.468828082620163
2.0,52.55947074,63.358433593786586,-10.798962853786584
4.0,52.55947074,65.03319357122388,-12.473722831223874
2.5,96.72407738,63.77712358814591,32.946953791854085
9.0,58.8744133,69.22009351481712,-10.345680214817122
3.0,80.27785531,64.19581358250524,16.08204172749477
2.5,26.68936925,63.77712358814591,-37.08775433814591
9.0,19.64801236,69.22009351481712,-49.57208115481713
6.0,83.33327778,66.70795354866118,16.625324231338823
7.0,99.29199864,67.54533353737983,31.74666510262017
7.0,90.37184496,67.54533353737983,22.82651142262017
2.5,63.45405946,63.77712358814591,-0.32306412814590857
0.5,52.16728949,62.102363610708615,-9.935074120708613
0.0,49.47476425,61.68367361634929,-12.208909366349289
4.0,55.79291405,65.03319357122388,-9.240279521223876
2.5,71.04906399,63.77712358814591,7.271940401854081
8.0,94.25583977,68.38271352609847,25.873126243901524
5.5,92.49213082,66.28926355430185,26.202867265698146
9.0,93.41713527,69.22009351481712,24.19704175518288
5.0,98.39556937,65.87057355994253,32.524995810057476
1.5,61.46573111,62.93974359942726,-1.4740124894272597
5.0,67.33594521,65.87057355994253,1.4653716500574774
1.5,70.8375548,62.93974359942726,7.897811200572747
3.0,83.86652792,64.19581358250524,19.670714337494758
3.0,92.16052833,64.19581358250524,27.964714747494767
1.5,75.01704032,62.93974359942726,12.077296720572747
2.0,53.1816954,63.358433593786586,-10.176738193786584
0.5,63.97414542,62.102363610708615,1.8717818092913845
2.0,62.39033084,63.358433593786586,-0.9681027537865887
1.0,47.66003889,62.521053605067934,-14.861014715067931
0.5,75.01704032,62.102363610708615,12.914676709291392
1.0,92.95131637,62.521053605067934,30.430262764932067
4.0,56.72430248,65.03319357122388,-8.308891091223877
10.0,99.27839101,70.05747350353577,29.220917506464232
1.0,60.9709885,62.521053605067934,-1.5500651050679366
6.0,53.9997225,66.70795354866118,-12.708231048661183
0.5,87.37254389,62.102363610708615,25.270180279291388
3.0,1.914454336,64.19581358250524,-62.28135924650524
5.0,21.32932322,65.87057355994253,-44.54125033994253
7.0,84.28101485,67.54533353737983,16.735681312620173
2.5,10.99453961,63.77712358814591,-52.78258397814591
7.0,25.01115187,67.54533353737983,-42.53418166737983
5.0,88.46785749,65.87057355994253,22.597283930057472
4.0,91.6123508,65.03319357122388,26.579157228776126
1.0,68.7308965,62.521053605067934,6.209842894932066
3.0,47.57670396,64.19581358250524,-16.619109622505235
7.0,71.24517665,67.54533353737983,3.6998431126201723
7.0,28.91092809,67.54533353737983,-38.634405447379834
1.5,94.91944326,62.93974359942726,31.979699660572734
0.5,66.08825915,62.102363610708615,3.985895539291384
3.0,56.22159575,64.19581358250524,-7.974217832505239
1.5,42.90615422,62.93974359942726,-20.033589379427262
2.5,5.692348991,63.77712358814591,-58.08477459714591
5.5,52.08583923,66.28926355430185,-14.203424324301857
6.0,0.017492418,66.70795354866118,-66.69046113066118
6.0,56.04225389,66.70795354866118,-10.665699658661183
3.5,57.60270767,64.61450357686456,-7.011795906864563
1.0,40.85194501,62.521053605067934,-21.669108595067932
2.0,91.41864156,63.358433593786586,28.06020796621341
1.5,48.21839695,62.93974359942726,-14.721346649427261
2.5,62.47075585,63.77712358814591,-1.3063677381459087
3.0,34.83617385,64.19581358250524,-29.359639732505237
7.0,86.06465377,67.54533353737983,18.519320232620174
6.0,74.51763205,66.70795354866118,7.809678501338823
3.0,85.9657027,64.19581358250524,21.769889117494756
10.0,64.16336237,70.05747350353577,-5.894111133535773
5.0,86.69036798,65.87057355994253,20.819794420057477
3.5,96.71354806,64.61450357686456,32.09904448313543
1.0,30.54443285,62.521053605067934,-31.976620755067934
8.0,91.61110991,68.38271352609847,23.228396383901526
4.0,7.696411684,65.03319357122388,-57.33678188722388
6.0,58.07262747,66.70795354866118,-8.63532607866118
5.0,94.4214738,65.87057355994253,28.550900240057473
5.0,68.74672134,65.87057355994253,2.8761477800574653
7.0,98.35856893,67.54533353737983,30.81323539262017
3.5,81.80727095,64.61450357686456,17.19276737313544
10.0,94.08124471,70.05747350353577,24.023771206464232
5.5,81.07986622,66.28926355430185,14.790602665698145
1.5,54.82320838,62.93974359942726,-8.116535219427263
1.0,72.79132938,62.521053605067934,10.27027577493206
2.0,31.4150184,63.358433593786586,-31.943415193786585
2.5,63.5095513,63.77712358814591,-0.2675722881459137
1.0,60.06952126,62.521053605067934,-2.451532345067932
5.5,26.61563241,66.28926355430185,-39.67363114430185
6.0,67.85584641,66.70795354866118,1.1478928613388177
3.5,67.35761931,64.61450357686456,2.74311573313544
7.0,53.96737126,67.54533353737983,-13.577962277379832
10.0,49.99841183,70.05747350353577,-20.059061673535773
5.0,58.13000792,65.87057355994253,-7.740565639942531
10.0,15.79592418,70.05747350353577,-54.261549323535775
3.0,98.2651427,64.19581358250524,34.06932911749476
5.0,88.86798665,65.87057355994253,22.997413090057478
4.0,49.0050896,65.03319357122388,-16.028103971223878
10.0,90.51467987,70.05747350353577,20.45720636646422
10.0,35.93437682,70.05747350353577,-34.12309668353578
10.0,77.00916842,70.05747350353577,6.95169491646422
6.0,54.15385884,66.70795354866118,-12.554094708661182
0.5,94.82910931,62.102363610708615,32.72674569929139
5.0,96.4516332,65.87057355994253,30.581059640057475
1.0,78.10688836,62.521053605067934,15.585834754932065
10.0,93.83224704,70.05747350353577,23.774773536464224
4.5,0.727335305,65.4518835655832,-64.7245482605832
3.0,76.16361312,64.19581358250524,11.967799537494756
1.5,61.79232599,62.93974359942726,-1.147417609427258
1.0,61.78523973,62.521053605067934,-0.735813875067933
3.5,63.9371367,64.61450357686456,-0.6773668768645607
8.0,61.12521977,68.38271352609847,-7.257493756098469
0.0,55.62821787,61.68367361634929,-6.055455746349288
5.0,28.71252147,65.87057355994253,-37.15805208994253
10.0,4.047351474,70.05747350353577,-66.01012202953578
2.0,99.56965707,63.358433593786586,36.21122347621342
2.5,95.82738211,63.77712358814591,32.05025852185409
5.0,93.65518174,65.87057355994253,27.784608180057475
1.0,56.82844588,62.521053605067934,-5.692607725067937
4.5,99.62507924,65.4518835655832,34.1731956744168
0.5,94.96238433,62.102363610708615,32.86002071929139
1.5,98.93270684,62.93974359942726,35.992963240572735
5.0,95.74178272,65.87057355994253,29.871209160057475
5.0,98.60721745,65.87057355994253,32.736643890057465
5.0,65.59859256,65.87057355994253,-0.271980999942528
5.5,87.00265796,66.28926355430185,20.71339440569814
5.0,41.98150796,65.87057355994253,-23.889065599942526
3.0,96.13778319,64.19581358250524,31.941969607494755
4.0,90.49868957,65.03319357122388,25.46549599877612
5.5,94.25302614,66.28926355430185,27.96376258569815
0.5,90.30676878,62.102363610708615,28.204405169291384
10.0,80.06893476,70.05747350353577,10.01146125646423
1.0,57.17098739,62.521053605067934,-5.350066215067933
2.5,79.81817498,63.77712358814591,16.041051391854083
5.0,28.59861823,65.87057355994253,-37.27195532994253
0.5,93.19041908,62.102363610708615,31.088055469291383
5.5,94.85754834,66.28926355430185,28.56828478569814
5.0,53.65661966,65.87057355994253,-12.213953899942531
9.0,50.9578953,69.22009351481712,-18.262198214817126
8.0,98.49023109,68.38271352609847,30.107517563901524
1.5,92.62027788,62.93974359942726,29.680534280572743
5.5,99.25443347,66.28926355430185,32.96516991569814
10.0,47.5215336,70.05747350353577,-22.535939903535777
9.0,25.04857867,69.22009351481712,-44.171514844817125
8.0,97.76629197,68.38271352609847,29.383578443901527
2.5,30.15776039,63.77712358814591,-33.61936319814591
3.0,95.50889982,64.19581358250524,31.31308623749476
6.0,59.02079621,66.70795354866118,-7.68715733866118
0.5,96.65456993,62.102363610708615,34.55220631929138
5.0,45.29045811,65.87057355994253,-20.580115449942525
2.5,74.23946269,63.77712358814591,10.462339101854084
1.0,47.57875662,62.521053605067934,-14.942296985067934
0.5,35.75781836,62.102363610708615,-26.344545250708613
4.0,62.34594798,65.03319357122388,-2.6872455912238777
3.0,48.80118201,64.19581358250524,-15.39463157250524
1.0,92.10012007,62.521053605067934,29.57906646493207
4.0,97.39930133,65.03319357122388,32.366107758776124
5.0,77.71427667,65.87057355994253,11.843703110057476
4.0,90.45285503,65.03319357122388,25.41966145877612
2.5,79.36575134,63.77712358814591,15.58862775185409
2.5,66.5318241,63.77712358814591,2.7547005118540824
1.0,89.13675181,62.521053605067934,26.615698204932073
0.0,95.72836219,61.68367361634929,34.04468857365071
6.0,86.52052376,66.70795354866118,19.812570211338823
6.0,28.08611963,66.70795354866118,-38.62183391866118
5.0,86.29008291,65.87057355994253,20.419509350057467
1.5,84.55301022,62.93974359942726,21.613266620572745
0.5,57.95910476,62.102363610708615,-4.143258850708612
7.0,81.94224698,67.54533353737983,14.39691344262016
8.0,97.68971482,68.38271352609847,29.307001293901536
2.0,51.54647892,63.358433593786586,-11.811954673786587
3.0,38.18531901,64.19581358250524,-26.010494572505237
1.5,98.08572513,62.93974359942726,35.14598153057274
1.0,78.29032257,62.521053605067934,15.769268964932067
8.0,99.70626486,68.38271352609847,31.323551333901534
1.0,74.56135167,62.521053605067934,12.04029806493206
3.0,97.56644906,64.19581358250524,33.37063547749476
2.0,62.19393818,63.358433593786586,-1.1644954137865824
5.0,78.57310447,65.87057355994253,12.702530910057476
3.0,80.79828964,64.19581358250524,16.602476057494755
6.0,64.39459478,66.70795354866118,-2.3133587686611747
4.5,43.38387385,65.4518835655832,-22.0680097155832
3.0,11.98787945,64.19581358250524,-52.20793413250524
3.0,41.63382054,64.19581358250524,-22.561993042505236
6.0,99.68922487,66.70795354866118,32.981271321338824
4.0,29.22517342,65.03319357122388,-35.80802015122387
4.5,74.10960037,65.4518835655832,8.657716804416793
3.0,98.39245042,64.19581358250524,34.196636837494765
5.0,63.43400792,65.87057355994253,-2.436565639942529
8.0,57.85683861,68.38271352609847,-10.525874916098473
2.5,84.80186567,63.77712358814591,21.024742081854086
10.0,80.08049978,70.05747350353577,10.023026276464222
6.0,93.8107995,66.70795354866118,27.10284595133882
10.0,30.29781056,70.05747350353577,-39.75966294353577
4.5,89.17552609,65.4518835655832,23.723642524416803
1.5,42.90537454,62.93974359942726,-20.034369059427263
3.0,74.23946269,64.19581358250524,10.043649107494758
3.5,13.56097159,64.61450357686456,-51.05353198686456
3.5,78.31570259,64.61450357686456,13.701199013135437
5.0,62.41050615,65.87057355994253,-3.460067409942525
9.0,8.864303891,69.22009351481712,-60.355789623817124
0.0,77.79529438,61.68367361634929,16.111620763650713
3.0,60.66321529,64.19581358250524,-3.5325982925052415
1.5,71.06228764,62.93974359942726,8.122544040572734
6.0,80.57629926,66.70795354866118,13.868345711338819
3.0,87.80306641,64.19581358250524,23.60725282749476
10.0,92.76606871,70.05747350353577,22.708595206464224
3.0,53.24794021,64.19581358250524,-10.947873372505235
0.0,75.39423481,61.68367361634929,13.710561193650712
4.5,50.280802,65.4518835655832,-15.1710815655832
6.0,70.90474907,66.70795354866118,4.196795521338814
1.0,95.9856148,62.521053605067934,33.46456119493206
3.0,91.76883047,64.19581358250524,27.57301688749476
0.5,92.79596662,62.102363610708615,30.693603009291387
3.5,35.5309219,64.61450357686456,-29.08358167686456
0.0,87.39539654,61.68367361634929,25.711722923650704
3.5,9.226937862,64.61450357686456,-55.387565714864564
2.0,95.38126273,63.358433593786586,32.02282913621342
2.0,88.10799552,63.358433593786586,24.749561926213417
4.0,98.39388191,65.03319357122388,33.36068833877613
2.0,95.61447369,63.358433593786586,32.25604009621341
5.0,58.06394871,65.87057355994253,-7.80662484994253
2.0,56.25019224,63.358433593786586,-7.108241353786589
0.5,40.43646118,62.102363610708615,-21.665902430708613
5.0,70.40604141,65.87057355994253,4.535467850057472
0.0,38.13469566,61.68367361634929,-23.54897795634929
3.0,99.75861999,64.19581358250524,35.56280640749476
2.5,94.07873343,63.77712358814591,30.301609841854088
3.0,73.71563971,64.19581358250524,9.519826127494767
4.5,93.82384404,65.4518835655832,28.371960474416795
1.0,93.82384404,62.521053605067934,31.302790434932064
5.0,63.73246211,65.87057355994253,-2.138111449942528
0.5,43.05793445,62.102363610708615,-19.044429160708617
1.0,77.04936127,62.521053605067934,14.528307664932072
2.0,96.96756116,63.358433593786586,33.60912756621342
1.0,66.84791246,62.521053605067934,4.32685885493207
10.0,21.16741012,70.05747350353577,-48.890063383535775
1.0,11.02852702,62.521053605067934,-51.492526585067935
4.0,70.52490109,65.03319357122388,5.491707518776124
4.0,50.74874814,65.03319357122388,-14.28444543122388
2.5,95.86350969,63.77712358814591,32.08638610185409
7.0,76.45531451,67.54533353737983,8.909980972620161
5.5,97.17163093,66.28926355430185,30.882367375698152
3.0,48.91723068,64.19581358250524,-15.278582902505235
5.0,28.26930783,65.87057355994253,-37.601265729942526
2.0,84.21561074,63.358433593786586,20.857177146213417
3.5,53.70643103,64.61450357686456,-10.908072546864567
9.0,97.57939704,69.22009351481712,28.35930352518288
2.0,95.58384077,63.358433593786586,32.22540717621341
2.0,23.90166614,63.358433593786586,-39.45676745378658
2.0,92.56422299,63.358433593786586,29.20578939621342
3.5,79.08474787,64.61450357686456,14.470244293135437
7.0,57.7634963,67.54533353737983,-9.781837237379833
4.0,98.14047195,65.03319357122388,33.10727837877613
1.0,60.11766537,62.521053605067934,-2.4033882350679363
2.0,98.63342533,63.358433593786586,35.27499173621341
1.5,98.29282347,62.93974359942726,35.35307987057274
3.5,37.69752711,64.61450357686456,-26.91697646686456
2.0,31.68377923,63.358433593786586,-31.674654363786587
3.0,69.42430866,64.19581358250524,5.228495077494756
2.0,24.60515146,63.358433593786586,-38.753282133786584
1.0,93.12572961,62.521053605067934,30.60467600493206
7.0,94.86641154,67.54533353737983,27.32107800262017
3.0,66.95017509,64.19581358250524,2.754361507494764
4.0,47.9840088,65.03319357122388,-17.049184771223878
6.0,93.98925052,66.70795354866118,27.28129697133882
0.5,98.58554973,62.102363610708615,36.48318611929138
2.0,69.17629728,63.358433593786586,5.817863686213414
5.0,11.36765591,65.87057355994253,-54.50291764994253
1.0,93.83047221,62.521053605067934,31.309418604932063
7.0,77.26025341,67.54533353737983,9.714919872620172
1.5,92.6891161,62.93974359942726,29.749372500572747
2.5,71.87126497,63.77712358814591,8.094141381854087
5.0,50.9578953,65.87057355994253,-14.912678259942531
2.0,21.08701585,63.358433593786586,-42.271417743786586
6.0,55.49638039,66.70795354866118,-11.211573158661182
7.0,58.52441383,67.54533353737983,-9.020919707379832
3.5,83.65146996,64.61450357686456,19.036966383135436
1.5,40.97602766,62.93974359942726,-21.96371593942726
2.5,90.78885624,63.77712358814591,27.01173265185409
2.5,90.19387473,63.77712358814591,26.416751141854093
4.5,12.31976023,65.4518835655832,-53.1321233355832
4.0,89.98187058,65.03319357122388,24.94867700877613
3.5,4.313275925,64.61450357686456,-60.301227651864565
4.0,0.043414673,65.03319357122388,-64.98977889822388
2.0,93.13918876,63.358433593786586,29.78075516621341
3.0,96.04613312,64.19581358250524,31.850319537494755
3.0,41.76200357,64.19581358250524,-22.43381001250524
9.0,96.0698293,69.22009351481712,26.849735785182872
2.5,87.63003201,63.77712358814591,23.85290842185408
0.5,28.6085372,62.102363610708615,-33.493826410708614
6.0,67.38519263,66.70795354866118,0.6772390813388256
2.0,83.83716201,63.358433593786586,20.478728416213414
3.0,29.94956941,64.19581358250524,-34.24624417250524
4.0,84.65821042,65.03319357122388,19.625016848776127
0.0,28.26874176,61.68367361634929,-33.414931856349284
1.0,92.21898657,62.521053605067934,29.697932964932065
8.0,92.03306019,68.38271352609847,23.65034666390153
1.0,88.96262787,62.521053605067934,26.441574264932072
1.5,74.21644586,62.93974359942726,11.276702260572733
9.0,9.141686811,69.22009351481712,-60.07840670381712
10.0,97.68922962,70.05747350353577,27.63175611646423
1.5,81.62895753,62.93974359942726,18.689213930572734
1.0,45.33714908,62.521053605067934,-17.18390452506793
10.0,9.128909438,70.05747350353577,-60.928564065535774
8.0,71.8600337,68.38271352609847,3.477320173901532
3.0,44.4441058,64.19581358250524,-19.751707782505235
4.0,81.55152509,65.03319357122388,16.518331518776122
2.5,98.47112633,63.77712358814591,34.69400274185409
1.0,5.110339504,62.521053605067934,-57.41071410106793
5.0,97.96916252,65.87057355994253,32.09858896005747
2.5,51.43339993,63.77712358814591,-12.343723658145912
2.5,97.82177107,63.77712358814591,34.044647481854085
2.5,98.28941691,63.77712358814591,34.51229332185409
1.5,98.57684626,62.93974359942726,35.63710266057274
2.5,55.1022432,63.77712358814591,-8.674880388145915
2.0,47.22319469,63.358433593786586,-16.135238903786586
8.0,89.72830782,68.38271352609847,21.345594293901527
2.0,36.20974188,63.358433593786586,-27.148691713786583
4.0,90.27142777,65.03319357122388,25.238234198776127
1.5,94.73738662,62.93974359942726,31.797643020572735
10.0,99.49013517,70.05747350353577,29.432661666464227
5.0,97.73334111,65.87057355994253,31.86276755005747
2.5,88.26731787,63.77712358814591,24.490194281854087
5.0,82.35248516,65.87057355994253,16.481911600057472
2.0,90.05670299,63.358433593786586,26.69826939621342
6.0,88.03066825,66.70795354866118,21.322714701338825
2.5,72.08322728,63.77712358814591,8.30610369185409
2.0,74.81987587,63.358433593786586,11.461442276213418
8.0,91.6123508,68.38271352609847,23.22963727390153
5.0,57.62712177,65.87057355994253,-8.243451789942526
1.0,83.60595681,62.521053605067934,21.08490320493206
8.0,96.35496723,68.38271352609847,27.97225370390153
3.5,90.64350563,64.61450357686456,26.029002053135443
7.0,76.03563955,67.54533353737983,8.490306012620167
5.0,56.29565269,65.87057355994253,-9.574920869942531
7.0,91.81911184,67.54533353737983,24.273778302620173
1.5,43.30369499,62.93974359942726,-19.636048609427263
4.0,49.0050896,65.03319357122388,-16.028103971223878
4.5,93.68213603,65.4518835655832,28.230252464416793
5.0,29.39432739,65.87057355994253,-36.47624616994253
5.0,23.44435379,65.87057355994253,-42.42621976994253
1.0,56.33066315,62.521053605067934,-6.190390455067934
3.0,67.33594521,64.19581358250524,3.1401316274947675
5.0,55.79291405,65.87057355994253,-10.077659509942528
1.0,52.08583923,62.521053605067934,-10.435214375067936
2.0,89.6840555,63.358433593786586,26.325621906213414
7.0,94.98864216,67.54533353737983,27.443308622620165
0.5,93.80698139,62.102363610708615,31.70461777929139
1.5,70.11803045,62.93974359942726,7.178286850572746
7.0,97.79553173,67.54533353737983,30.25019819262016
2.0,56.12875598,63.358433593786586,-7.229677613786585
1.0,82.44167213,62.521053605067934,19.920618524932067
4.0,46.60251916,65.03319357122388,-18.430674411223876
5.0,73.92695074,65.87057355994253,8.056377180057467
6.0,94.67397253,66.70795354866118,27.96601898133882
3.0,62.69465422,64.19581358250524,-1.5011593625052413
3.0,98.92255184,64.19581358250524,34.72673825749476
0.5,21.08701585,62.102363610708615,-41.015347760708615
2.5,28.80115886,63.77712358814591,-34.97596472814591
5.0,31.17348693,65.87057355994253,-34.69708662994253
4.5,61.12521977,65.4518835655832,-4.326663795583201
6.0,52.08583923,66.70795354866118,-14.622114318661183
2.5,8.924870102,63.77712358814591,-54.85225348614591
2.5,99.04348497,63.77712358814591,35.26636138185408
3.5,60.66321529,64.61450357686456,-3.9512882868645676
2.5,98.35326325,63.77712358814591,34.576139661854086
5.0,69.20707098,65.87057355994253,3.3364974200574693
1.0,77.55710461,62.521053605067934,15.036051004932062
2.5,85.77710766,63.77712358814591,21.999984071854087
3.0,93.57527412,64.19581358250524,29.379460537494765
2.0,75.23984427,63.358433593786586,11.88141067621342
5.0,97.16639571,65.87057355994253,31.295822150057475
7.0,69.82409651,67.54533353737983,2.2787629726201715
2.5,94.34347293,63.77712358814591,30.566349341854092
9.0,98.8000269,69.22009351481712,29.579933385182883
0.0,17.88574091,61.68367361634929,-43.797932706349286
0.0,32.8547859,61.68367361634929,-28.828887716349286
0.5,35.19576612,62.102363610708615,-26.906597490708613
4.5,89.18013144,65.4518835655832,23.728247874416795
1.0,97.99422343,62.521053605067934,35.47316982493207
6.0,97.50170375,66.70795354866118,30.793750201338824
0.0,79.456875,61.68367361634929,17.773201383650708
6.0,47.57670396,66.70795354866118,-19.131249588661177
4.5,97.88877383,65.4518835655832,32.4368902644168
4.5,99.39631098,65.4518835655832,33.94442741441679
0.0,34.10784442,61.68367361634929,-27.57582919634929
1.0,40.5504485,62.521053605067934,-21.970605105067932
6.0,88.7776461,66.70795354866118,22.069692551338818
5.0,96.35800023,65.87057355994253,30.487426670057474
6.0,94.81601353,66.70795354866118,28.108059981338826
3.5,99.07215527,64.61450357686456,34.45765169313543
7.0,67.61599886,67.54533353737983,0.07066532262017233
6.0,96.87222741,66.70795354866118,30.164273861338813
6.0,97.80884941,66.70795354866118,31.100895861338813
5.0,74.94487901,65.87057355994253,9.074305450057466
2.0,32.35454194,63.358433593786586,-31.00389165378659
4.0,96.39064078,65.03319357122388,31.357447208776122
6.0,17.57936474,66.70795354866118,-49.12858880866118
2.5,92.18630697,63.77712358814591,28.409183381854092
2.0,57.45911163,63.358433593786586,-5.8993219637865835
2.0,78.93034949,63.358433593786586,15.571915896213412
0.0,49.81147084,61.68367361634929,-11.87220277634929
8.0,89.67996731,68.38271352609847,21.297253783901525
0.5,80.08049978,62.102363610708615,17.978136169291382
5.5,16.01481832,66.28926355430185,-50.27444523430185
2.5,67.16680562,63.77712358814591,3.3896820318540932
4.0,67.16680562,65.03319357122388,2.133612048776129
8.0,83.95952719,68.38271352609847,15.576813663901532
1.0,22.00897479,62.521053605067934,-40.51207881506794
4.5,40.85216047,65.4518835655832,-24.5997230955832
3.5,18.46382222,64.61450357686456,-46.15068135686457
8.0,54.0748055,68.38271352609847,-14.307908026098474
6.0,97.97256902,66.70795354866118,31.264615471338814
2.5,91.5333218,63.77712358814591,27.756198211854084
4.0,92.23530338,65.03319357122388,27.20210980877613
3.0,52.22408981,64.19581358250524,-11.971723772505236
1.0,77.19065117,62.521053605067934,14.669597564932062
3.0,24.58722165,64.19581358250524,-39.608591932505234
2.5,93.73930231,63.77712358814591,29.962178721854087
2.0,3.209661217,63.358433593786586,-60.14877237678659
3.5,93.07876798,64.61450357686456,28.46426440313543
1.5,47.9840088,62.93974359942726,-14.955734799427262
9.0,34.50957135,69.22009351481712,-34.71052216481712
5.0,80.59668985,65.87057355994253,14.726116290057476
2.5,95.52931923,63.77712358814591,31.752195641854087
2.0,92.48425568,63.358433593786586,29.125822086213418
10.0,80.22345378,70.05747350353577,10.165980276464225
8.0,97.63424086,68.38271352609847,29.251527333901535
1.0,96.43490286,62.521053605067934,33.91384925493206
4.0,52.25342381,65.03319357122388,-12.779769761223875
3.5,99.78517012,64.61450357686456,35.17066654313544
3.0,18.46382222,64.19581358250524,-45.73199136250524
1.0,80.60383865,62.521053605067934,18.082785044932066
7.0,92.23753937,67.54533353737983,24.69220583262016
2.5,87.00265796,63.77712358814591,23.22553437185408
0.5,56.72044489,62.102363610708615,-5.381918720708612
3.0,83.37695745,64.19581358250524,19.181143867494768
2.5,78.35309341,63.77712358814591,14.575969821854088
1.0,45.32659387,62.521053605067934,-17.19445973506793
5.0,89.49035517,65.87057355994253,23.619781610057473
4.0,82.97393233,65.03319357122388,17.94073875877612
2.5,76.1728684,63.77712358814591,12.395744811854087
2.5,50.9578953,63.77712358814591,-12.819228288145915
1.0,14.92817015,62.521053605067934,-47.592883455067934
5.0,27.97089061,65.87057355994253,-37.89968294994253
1.0,69.13085778,62.521053605067934,6.609804174932066
4.0,29.69965869,65.03319357122388,-35.333534881223876
4.5,66.5318241,65.4518835655832,1.0799405344167923
3.0,70.98914018,64.19581358250524,6.793326597494769
1.0,92.43894051,62.521053605067934,29.91788690493206
2.5,3.626714908,63.77712358814591,-60.150408680145915
2.5,98.72004865,63.77712358814591,34.94292506185408
4.0,25.53869483,65.03319357122388,-39.49449874122388
3.0,0.043236225,64.19581358250524,-64.15257735750524
0.5,98.39556937,62.102363610708615,36.29320575929139
5.0,83.07135381,65.87057355994253,17.200780250057477
5.5,1.371596144,66.28926355430185,-64.91766741030186
5.0,98.65088235,65.87057355994253,32.780308790057475
0.0,55.7534678,61.68367361634929,-5.930205816349286
5.5,98.72874156,66.28926355430185,32.43947800569815
1.0,52.96298965,62.521053605067934,-9.558063955067936
3.5,87.3464244,64.61450357686456,22.73192082313544
1.0,6.655533385,62.521053605067934,-55.865520220067935
5.0,82.36982392,65.87057355994253,16.499250360057474
4.0,23.10048656,65.03319357122388,-41.932707011223876
3.5,99.28857417,64.61450357686456,34.67407059313544
5.0,84.60145534,65.87057355994253,18.730881780057473
0.5,8.127031697,62.102363610708615,-53.975331913708615
2.0,86.78825633,63.358433593786586,23.42982273621341
2.5,97.95719303,63.77712358814591,34.18006944185409
0.5,98.28873106,62.102363610708615,36.18636744929139
4.0,9.826057182,65.03319357122388,-55.20713638922388
0.5,92.76671267,62.102363610708615,30.66434905929139
3.0,23.81912584,64.19581358250524,-40.37668774250524
3.5,43.13596229,64.61450357686456,-21.478541286864562
0.5,10.1969851,62.102363610708615,-51.905378510708616
3.5,6.915720496,64.61450357686456,-57.698783080864565
2.0,85.96131528,63.358433593786586,22.602881686213408
0.5,91.71791725,62.102363610708615,29.615553639291385
1.5,46.34039738,62.93974359942726,-16.59934621942726
3.5,69.5988229,64.61450357686456,4.984319323135438
2.5,93.03534234,63.77712358814591,29.258218751854088
10.0,45.44473003,70.05747350353577,-24.612743473535772
1.0,80.45814115,62.521053605067934,17.93708754493207
0.5,94.70832232,62.102363610708615,32.60595870929138
2.0,96.95328396,63.358433593786586,33.59485036621341
8.0,40.56457096,68.38271352609847,-27.818142566098473
3.0,58.8744133,64.19581358250524,-5.3214002825052376
3.0,77.43637316,64.19581358250524,13.240559577494764
2.5,64.39459478,63.77712358814591,0.6174711918540936
2.5,68.81281941,63.77712358814591,5.035695821854091
1.0,98.74065811,62.521053605067934,36.219604504932065
0.0,62.8321027,61.68367361634929,1.1484290836507114
9.0,66.74525704,69.22009351481712,-2.474836474817124
6.0,78.31747374,66.70795354866118,11.609520191338817
9.0,70.42286025,69.22009351481712,1.2027667351828768
0.5,51.74396482,62.102363610708615,-10.358398790708613
3.5,99.09283277,64.61450357686456,34.47832919313544
8.0,82.3894253,68.38271352609847,14.006711773901529
3.0,69.13113635,64.19581358250524,4.9353227674947675
6.0,78.31747374,66.70795354866118,11.609520191338817
5.5,95.20802859,66.28926355430185,28.918765035698144
6.0,83.32808854,66.70795354866118,16.620134991338816
0.5,78.97948646,62.102363610708615,16.87712284929139
2.0,87.50130417,63.358433593786586,24.14287057621341
4.0,89.95541728,65.03319357122388,24.92222370877613
3.0,55.25368069,64.19581358250524,-8.942132892505235
4.0,28.54864874,65.03319357122388,-36.48454483122387
6.0,89.95541728,66.70795354866118,23.247463731338826
2.5,98.20890062,63.77712358814591,34.43177703185408
2.5,61.87699019,63.77712358814591,-1.9001333981459112
5.0,70.84066228,65.87057355994253,4.9700887200574755
4.0,98.75115036,65.03319357122388,33.71795678877612
4.0,96.23617059,65.03319357122388,31.202977018776124
3.5,93.70814407,64.61450357686456,29.09364049313544
4.0,99.29852133,65.03319357122388,34.265327758776124
1.5,53.24794021,62.93974359942726,-9.691803389427257
5.0,93.60682849,65.87057355994253,27.73625493005747
5.0,94.70832232,65.87057355994253,28.837748760057465
1.0,91.03645792,62.521053605067934,28.51540431493207
3.0,77.68619969,64.19581358250524,13.490386107494757
5.5,96.91886451,66.28926355430185,30.62960095569815
5.0,67.92773224,65.87057355994253,2.0571586800574693
4.0,90.62652344,65.03319357122388,25.593329868776124
5.0,70.69643499,65.87057355994253,4.825861430057472
3.0,99.56393397,64.19581358250524,35.368120387494756
6.0,86.01482812,66.70795354866118,19.306874571338824
5.0,96.51246875,65.87057355994253,30.64189519005747
0.5,76.03563955,62.102363610708615,13.933275939291384
3.0,42.05103451,64.19581358250524,-22.144779072505237
3.0,38.42613501,64.19581358250524,-25.769678572505235
2.0,89.72661081,63.358433593786586,26.36817721621341
5.0,91.73522304,65.87057355994253,25.864649480057466
0.5,91.91843733,62.102363610708615,29.81607371929139
0.0,94.18563779,61.68367361634929,32.50196417365071
3.0,80.92561726,64.19581358250524,16.729803677494758
7.0,99.54353781,67.54533353737983,31.99820427262017
4.0,93.75348001,65.03319357122388,28.720286438776128
3.0,85.96959804,64.19581358250524,21.773784457494756
7.0,99.51056878,67.54533353737983,31.965235242620167
1.5,93.60779165,62.93974359942726,30.668048050572736
5.5,99.53302947,66.28926355430185,33.24376591569815
8.0,97.55106523,68.38271352609847,29.168351703901536
5.0,58.79143344,65.87057355994253,-7.0791401199425295
1.5,33.66779009,62.93974359942726,-29.271953509427263
1.0,48.40583313,62.521053605067934,-14.115220475067936
4.0,94.79064882,65.03319357122388,29.757455248776125
1.0,80.49896065,62.521053605067934,17.977907044932067
1.5,79.92192149,62.93974359942726,16.982177890572743
7.0,2.986385807,67.54533353737983,-64.55894773037983
3.5,77.90946043,64.61450357686456,13.294956853135432
3.5,58.96570164,64.61450357686456,-5.648801936864565
1.5,70.88675003,62.93974359942726,7.947006430572742
4.0,97.84845575,65.03319357122388,32.81526217877612
4.0,97.19040936,65.03319357122388,32.15721578877613
1.0,30.70445124,62.521053605067934,-31.816602365067933
4.0,57.42808938,65.03319357122388,-7.605104191223873
5.0,94.59678707,65.87057355994253,28.726213510057477
8.0,91.6123508,68.38271352609847,23.22963727390153
5.0,51.62074,65.87057355994253,-14.24983355994253
4.0,96.72407738,65.03319357122388,31.69088380877612
10.0,74.22155378,70.05747350353577,4.164080276464219
3.0,90.58080359,64.19581358250524,26.384990007494764
2.0,92.20626744,63.358433593786586,28.84783384621342
6.0,51.75407526,66.70795354866118,-14.95387828866118
10.0,25.54426508,70.05747350353577,-44.51320842353577
7.0,89.08334673,67.54533353737983,21.53801319262017
6.0,47.92411245,66.70795354866118,-18.783841098661178
3.5,73.87758954,64.61450357686456,9.263085963135438
10.0,94.14481522,70.05747350353577,24.087341716464223
5.0,93.65318808,65.87057355994253,27.78261452005748
9.0,98.47449685,69.22009351481712,29.25440333518287
1.5,53.50194471,62.93974359942726,-9.437798889427263
0.0,97.73477455,61.68367361634929,36.05110093365071
6.0,81.91225318,66.70795354866118,15.204299631338813
2.0,74.60880949,63.358433593786586,11.250375896213413
7.0,62.8727162,67.54533353737983,-4.672617337379833
6.0,53.2684037,66.70795354866118,-13.43954984866118
1.0,61.32168999,62.521053605067934,-1.1993636150679308
4.0,25.58313701,65.03319357122388,-39.450056561223874
5.0,60.60293794,65.87057355994253,-5.267635619942531
5.0,94.08941914,65.87057355994253,28.218845580057476
7.0,38.60495566,67.54533353737983,-28.94037787737983
3.5,91.63840562,64.61450357686456,27.023902043135436
5.0,96.57697985,65.87057355994253,30.706406290057473
1.5,87.31008509,62.93974359942726,24.37034149057274
8.0,40.07525181,68.38271352609847,-28.307461716098473
5.0,83.70656699,65.87057355994253,17.83599343005747
1.5,73.30661232,62.93974359942726,10.36686872057274
5.0,58.54997123,65.87057355994253,-7.320602329942531
8.0,3.482496475,68.38271352609847,-64.90021705109847
1.5,45.31791625,62.93974359942726,-17.621827349427257
4.0,94.30346421,65.03319357122388,29.270270638776125
9.0,29.15338495,69.22009351481712,-40.06670856481712
3.0,80.50659742,64.19581358250524,16.310783837494768
7.0,99.55259752,67.54533353737983,32.007263982620174
3.0,95.67864261,64.19581358250524,31.48282902749476
3.5,94.2759146,64.61450357686456,29.66141102313543
1.5,94.28594866,62.93974359942726,31.346205060572743
3.0,71.28169648,64.19581358250524,7.085882897494756
6.0,79.81648603,66.70795354866118,13.108532481338813
2.5,79.58428705,63.77712358814591,15.807163461854088
1.5,76.7529281,62.93974359942726,13.813184500572746
5.5,77.80336579,66.28926355430185,11.514102235698147
5.0,68.81281941,65.87057355994253,2.942245850057475
0.0,71.79758191,61.68367361634929,10.113908293650717
2.5,86.68831688,63.77712358814591,22.91119329185409
4.0,93.19114022,65.03319357122388,28.157946648776118
4.0,79.60759792,65.03319357122388,14.574404348776127
5.0,2.503724371,65.87057355994253,-63.36684918894253
2.0,95.24491892,63.358433593786586,31.886485326213418
6.0,83.72971442,66.70795354866118,17.021760871338813
4.0,85.59959479,65.03319357122388,20.56640121877612
6.0,87.30229116,66.70795354866118,20.594337611338815
2.5,87.9278736,63.77712358814591,24.150750011854086
1.0,48.67945209,62.521053605067934,-13.841601515067936
5.0,81.93007011,65.87057355994253,16.059496550057474
2.5,55.49169732,63.77712358814591,-8.285426268145912
0.5,62.81069922,62.102363610708615,0.7083356092913817
5.5,53.34483232,66.28926355430185,-12.944431234301852
6.0,74.97339737,66.70795354866118,8.26544382133882
10.0,40.55138048,70.05747350353577,-29.506093023535776
2.0,69.23037829,63.358433593786586,5.8719446962134185
7.0,59.11401161,67.54533353737983,-8.431321927379834
3.5,46.57601987,64.61450357686456,-18.03848370686456
3.5,61.11298954,64.61450357686456,-3.501514036864563
2.5,18.46336599,63.77712358814591,-45.31375759814591
0.0,3.637992075,61.68367361634929,-58.04568154134929
5.0,92.09238408,65.87057355994253,26.221810520057474
0.5,81.94224698,62.102363610708615,19.83988336929138
5.5,62.34594798,66.28926355430185,-3.943315574301856
3.0,85.44054833,64.19581358250524,21.24473474749476
9.0,86.02675338,69.22009351481712,16.80665986518288
4.0,95.41000401,65.03319357122388,30.37681043877612
3.0,96.75003092,64.19581358250524,32.55421733749476
4.0,70.57774417,65.03319357122388,5.5445505987761265
3.0,72.08322728,64.19581358250524,7.887413697494765
1.0,99.66678625,62.521053605067934,37.14573264493207
9.0,71.7892736,69.22009351481712,2.5691800851828788
4.0,98.09399692,65.03319357122388,33.06080334877612
6.0,74.45590053,66.70795354866118,7.7479469813388135
0.0,60.66321529,61.68367361634929,-1.0204583263492921
7.0,93.82384404,67.54533353737983,26.278510502620165
0.0,80.83682069,61.68367361634929,19.153147073650707
7.0,44.29519256,67.54533353737983,-23.250140977379836
4.0,90.86753501,65.03319357122388,25.83434143877612
6.0,56.10159588,66.70795354866118,-10.606357668661182
5.0,42.06368238,65.87057355994253,-23.806891179942525
1.0,80.06893476,62.521053605067934,17.54788115493207
3.0,97.32805378,64.19581358250524,33.13224019749477
3.0,14.41009254,64.19581358250524,-49.78572104250524
5.0,84.80186567,65.87057355994253,18.93129211005747
5.0,62.03042194,65.87057355994253,-3.8401516199425316
8.0,59.76694736,68.38271352609847,-8.615766166098467
2.0,88.10799552,63.358433593786586,24.749561926213417
3.0,56.63986085,64.19581358250524,-7.55595273250524
0.5,13.85179948,62.102363610708615,-48.25056413070861
2.0,36.68936176,63.358433593786586,-26.66907183378659
8.0,87.97784219,68.38271352609847,19.595128663901534
7.0,94.5410663,67.54533353737983,26.995732762620165
2.0,88.10799552,63.358433593786586,24.749561926213417
5.0,59.93830272,65.87057355994253,-5.932270839942525
5.0,98.04103299,65.87057355994253,32.17045943005748
7.0,71.15953,67.54533353737983,3.6141964626201712
9.0,45.71374899,69.22009351481712,-23.506344524817123
10.0,47.22319469,70.05747350353577,-22.834278813535775
7.0,94.9204042,67.54533353737983,27.37507066262016
7.0,99.33260638,67.54533353737983,31.78727284262017
5.5,87.0393965,66.28926355430185,20.75013294569814
3.0,76.32444601,64.19581358250524,12.128632427494765
2.5,86.74519316,63.77712358814591,22.968069571854087
7.0,74.65464156,67.54533353737983,7.109308022620169
8.0,68.73980755,68.38271352609847,0.35709402390152434
6.0,16.84718793,66.70795354866118,-49.860765618661176
5.0,43.7908813,65.87057355994253,-22.079692259942526
4.0,74.63209612,65.03319357122388,9.598902548776124
7.0,71.52922262,67.54533353737983,3.9838890826201663
0.0,97.65533802,61.68367361634929,35.97166440365071
4.0,98.48738358,65.03319357122388,33.45419000877612
4.0,68.71207628,65.03319357122388,3.678882708776129
1.0,98.95895127,62.521053605067934,36.437897664932066
1.5,86.202343,62.93974359942726,23.26259940057274
3.5,91.57529725,64.61450357686456,26.96079367313544
4.0,63.88776352,65.03319357122388,-1.145430051223876
0.0,67.85584641,61.68367361634929,6.172172793650709
5.0,85.03453453,65.87057355994253,19.163960970057474
8.0,95.40360784,68.38271352609847,27.020894313901536
0.5,83.07923933,62.102363610708615,20.976875719291378
4.5,17.53146859,65.4518835655832,-47.9204149755832
2.5,71.51246478,63.77712358814591,7.73534119185409
5.0,88.16756815,65.87057355994253,22.296994590057466
1.5,93.58318047,62.93974359942726,30.643436870572742
6.0,79.88256321,66.70795354866118,13.17460966133882
3.0,99.29030394,64.19581358250524,35.09449035749476
6.0,78.86564821,66.70795354866118,12.157694661338823
6.0,64.74907315,66.70795354866118,-1.9588803986611794
0.5,91.23362001,62.102363610708615,29.13125639929138
1.5,92.84085921,62.93974359942726,29.901115610572745
3.5,99.07598878,64.61450357686456,34.46148520313544
5.0,91.02982073,65.87057355994253,25.15924717005747
2.0,57.0210877,63.358433593786586,-6.337345893786583
4.5,89.17048644,65.4518835655832,23.718602874416803
5.5,91.45626301,66.28926355430185,25.166999455698146
7.0,99.10961911,67.54533353737983,31.564285572620165
3.0,62.45929785,64.19581358250524,-1.7365157325052394
3.5,94.1589128,64.61450357686456,29.544409223135432
3.0,67.33594521,64.19581358250524,3.1401316274947675
2.0,66.5318241,63.358433593786586,3.1733905062134085
1.5,34.47387616,62.93974359942726,-28.465867439427257
1.0,90.45285503,62.521053605067934,27.93180142493206
0.0,91.63970234,61.68367361634929,29.95602872365071
1.0,38.62086644,62.521053605067934,-23.900187165067933
0.0,23.10048656,61.68367361634929,-38.58318705634929
3.5,50.50283383,64.61450357686456,-14.111669746864564
2.0,43.75638371,63.358433593786586,-19.602049883786584
2.5,93.19045496,63.77712358814591,29.413331371854085
4.0,70.73919153,65.03319357122388,5.705997958776123
4.0,76.04241089,65.03319357122388,11.009217318776123
3.5,97.29153341,64.61450357686456,32.677029833135435
3.5,87.80684545,64.61450357686456,23.192341873135433
0.0,96.38472826,61.68367361634929,34.701054643650714
5.5,82.00000858,66.28926355430185,15.710745025698145
3.0,57.95910476,64.19581358250524,-6.236708822505236
7.0,57.62712177,67.54533353737983,-9.91821176737983
3.0,93.13918876,64.19581358250524,28.943375177494758
3.0,24.47152508,64.19581358250524,-39.72428850250524
6.0,99.04348497,66.70795354866118,32.335531421338814
3.5,97.9086358,64.61450357686456,33.294132223135435
3.5,55.7534678,64.61450357686456,-8.861035776864561
2.5,84.41178425,63.77712358814591,20.634660661854085
2.5,99.28284017,63.77712358814591,35.50571658185409
5.0,62.39033084,65.87057355994253,-3.480242719942531
3.0,87.16521278,64.19581358250524,22.969399197494766
7.0,53.02162601,67.54533353737983,-14.523707527379834
4.5,71.87126497,65.4518835655832,6.4193814044167965
4.0,66.16040353,65.03319357122388,1.1272099587761204
5.0,37.9713165,65.87057355994253,-27.899257059942528
3.5,85.02793323,64.61450357686456,20.413429653135438
7.0,30.30875579,67.54533353737983,-37.23657774737983
4.0,74.34578782,65.03319357122388,9.312594248776122
5.0,27.97089061,65.87057355994253,-37.89968294994253
2.5,79.16293108,63.77712358814591,15.385807491854095
7.0,67.16680562,67.54533353737983,-0.3785279173798273
0.5,94.68772468,62.102363610708615,32.58536106929139
1.5,31.95457566,62.93974359942726,-30.98516793942726
3.5,97.77125198,64.61450357686456,33.15674840313544
6.0,95.15545676,66.70795354866118,28.447503211338827
10.0,77.39416894,70.05747350353577,7.336695436464225
2.0,86.48349966,63.358433593786586,23.12506606621342
2.0,99.37568867,63.358433593786586,36.01725507621342
4.5,98.67150455,65.4518835655832,33.21962098441679
0.0,73.9888078,61.68367361634929,12.305134183650715
1.0,30.54443285,62.521053605067934,-31.976620755067934
2.0,84.15375532,63.358433593786586,20.795321726213416
1.0,36.8619196,62.521053605067934,-25.659134005067934
0.5,89.35020935,62.102363610708615,27.247845739291385
5.0,40.28123287,65.87057355994253,-25.58934068994253
0.5,63.67531538,62.102363610708615,1.572951769291386
1.5,99.39691176,62.93974359942726,36.457168160572735
6.0,1.438001467,66.70795354866118,-65.26995208166117
4.0,52.08583923,65.03319357122388,-12.947354341223878
2.0,95.52931923,63.358433593786586,32.17088563621341
0.5,62.76351399,62.102363610708615,0.6611503792913851
2.5,38.53470375,63.77712358814591,-25.242419838145914
5.0,39.11861889,65.87057355994253,-26.751954669942528
3.0,87.98815832,64.19581358250524,23.79234473749476
2.0,68.32942299,63.358433593786586,4.970989396213412
0.5,93.13918876,62.102363610708615,31.03682514929138
2.0,16.31431911,63.358433593786586,-47.044114483786586
6.0,98.88433472,66.70795354866118,32.17638117133882
4.0,56.79061795,65.03319357122388,-8.242575621223878
3.0,16.07018104,64.19581358250524,-48.12563254250524
3.5,63.18457667,64.61450357686456,-1.4299269068645657
3.0,85.86746891,64.19581358250524,21.67165532749476
3.0,67.50042545,64.19581358250524,3.3046118674947564
3.0,56.22159575,64.19581358250524,-7.974217832505239
3.0,93.80678317,64.19581358250524,29.610969587494765
5.0,15.53240804,65.87057355994253,-50.33816551994253
5.0,87.10333515,65.87057355994253,21.23276159005748
4.0,74.63209612,65.03319357122388,9.598902548776124
0.5,63.00335407,62.102363610708615,0.9009904592913855
3.0,45.71292164,64.19581358250524,-18.48289194250524
1.5,45.57785392,62.93974359942726,-17.361889679427257
0.0,96.13778319,61.68367361634929,34.454109573650705
2.0,95.94325967,63.358433593786586,32.58482607621342
5.0,71.4546828,65.87057355994253,5.584109240057472
5.0,72.13833601,65.87057355994253,6.267762450057475
5.0,60.9709885,65.87057355994253,-4.899585059942531
1.5,77.28691174,62.93974359942726,14.347168140572734
2.5,98.2720773,63.77712358814591,34.494953711854095
4.0,99.68296497,65.03319357122388,34.649771398776124
9.0,90.94397595,69.22009351481712,21.723882435182873
0.5,98.99548699,62.102363610708615,36.89312337929139
0.5,22.48260014,62.102363610708615,-39.61976347070862
7.0,98.35326325,67.54533353737983,30.807929712620165
7.0,56.26811413,67.54533353737983,-11.277219407379832
6.0,58.93820481,66.70795354866118,-7.769748738661178
3.5,98.53012868,64.61450357686456,33.91562510313544
2.0,98.98438473,63.358433593786586,35.625951136213416
5.0,97.44355561,65.87057355994253,31.572982050057476
8.0,85.8509833,68.38271352609847,17.468269773901525
5.5,99.12757979,66.28926355430185,32.838316235698144
3.0,87.25039898,64.19581358250524,23.054585397494762
3.0,81.39556377,64.19581358250524,17.199750187494757
6.0,70.67451976,66.70795354866118,3.966566211338815
5.0,95.74665373,65.87057355994253,29.876080170057477
1.5,8.956686291,62.93974359942726,-53.98305730842726
6.0,96.07162084,66.70795354866118,29.363667291338814
1.0,96.86925218,62.521053605067934,34.34819857493207
6.0,97.07114887,66.70795354866118,30.36319532133882
3.0,73.28198884,64.19581358250524,9.086175257494759
3.0,61.87699019,64.19581358250524,-2.3188233925052373
3.0,53.24794021,64.19581358250524,-10.947873372505235
5.0,98.94587359,65.87057355994253,33.07530003005748
5.0,97.07114887,65.87057355994253,31.200575310057474
2.5,87.50167897,63.77712358814591,23.72455538185409
5.0,98.04942886,65.87057355994253,32.17885530005748
4.0,78.01416162,65.03319357122388,12.98096804877612
2.0,54.93952038,63.358433593786586,-8.418913213786588
5.0,96.14136409,65.87057355994253,30.270790530057468
3.0,97.27674042,64.19581358250524,33.08092683749476
1.0,98.48506184,62.521053605067934,35.964008234932066
0.5,61.87699019,62.102363610708615,-0.225373420708614
3.0,84.2338361,64.19581358250524,20.038022517494767
0.0,90.23404612,61.68367361634929,28.550372503650713
5.5,30.29781056,66.28926355430185,-35.99145299430185
4.0,54.82320838,65.03319357122388,-10.209985191223879
0.5,51.62074,62.102363610708615,-10.481623610708617
3.0,72.79561651,64.19581358250524,8.599802927494764
4.0,95.63240476,65.03319357122388,30.599211188776124
2.0,90.05670299,63.358433593786586,26.69826939621342
4.0,94.34383228,65.03319357122388,29.310638708776125
8.0,21.293857,68.38271352609847,-47.08885652609847
2.0,47.25298589,63.358433593786586,-16.105447703786588
7.0,82.389679,67.54533353737983,14.844345462620169
3.0,76.08348266,64.19581358250524,11.887669077494763
8.0,55.79291405,68.38271352609847,-12.58979947609847
5.0,97.95302101,65.87057355994253,32.08244745005747
2.0,92.1853654,63.358433593786586,28.82693180621341
1.0,69.86952348,62.521053605067934,7.348469874932064
4.0,92.48425568,65.03319357122388,27.451062108776128
0.5,87.63003201,62.102363610708615,25.52766839929138
4.0,80.08049978,65.03319357122388,15.04730620877612
8.0,69.82409651,68.38271352609847,1.4413829839015335
1.5,68.17962468,62.93974359942726,5.239881080572744
1.5,76.51833401,62.93974359942726,13.578590410572744
4.0,94.62206272,65.03319357122388,29.588869148776126
4.0,89.08334673,65.03319357122388,24.050153158776126
10.0,96.61522754,70.05747350353577,26.55775403646423
3.0,53.80555731,64.19581358250524,-10.39025627250524
1.5,53.91201918,62.93974359942726,-9.027724419427258
10.0,82.389679,70.05747350353577,12.332205496464226
4.5,35.33010211,65.4518835655832,-30.121781455583204
0.0,37.18895874,61.68367361634929,-24.494714876349292
6.0,73.65945206,66.70795354866118,6.951498511338826
2.5,84.28101485,63.77712358814591,20.503891261854093
2.5,32.3855029,63.77712358814591,-31.391620688145913
3.0,67.15623216,64.19581358250524,2.960418577494764
4.0,62.8321027,65.03319357122388,-2.201090871223876
7.0,61.78523973,67.54533353737983,-5.760093807379832
3.0,99.42936535,64.19581358250524,35.23355176749476
0.5,83.06982867,62.102363610708615,20.967465059291392
2.0,23.7023249,63.358433593786586,-39.656108693786585
3.0,30.29781056,64.19581358250524,-33.898003022505236
4.0,78.97182509,65.03319357122388,13.93863151877612
6.0,96.78373453,66.70795354866118,30.075780981338823
9.0,97.25191593,69.22009351481712,28.031822415182873
1.5,94.81674506,62.93974359942726,31.877001460572743
2.0,73.79952113,63.358433593786586,10.441087536213416
5.0,19.43625279,65.87057355994253,-46.43432076994253
3.0,97.64942959,64.19581358250524,33.45361600749476
4.0,76.08348266,65.03319357122388,11.050289088776125
7.0,29.08833714,67.54533353737983,-38.45699639737983
1.0,99.74719971,62.521053605067934,37.22614610493207
5.5,56.04225389,66.28926355430185,-10.247009664301856
3.0,98.04103299,64.19581358250524,33.84521940749477
0.5,47.28464354,62.102363610708615,-14.817720070708617
3.0,96.4728734,64.19581358250524,32.27705981749476
4.0,95.23595706,65.03319357122388,30.202763488776128
0.5,83.68644276,62.102363610708615,21.58407914929139
5.0,94.14135345,65.87057355994253,28.27077989005747
4.0,79.94873312,65.03319357122388,14.915539548776124
3.0,43.90392845,64.19581358250524,-20.291885132505236
2.5,98.75455222,63.77712358814591,34.97742863185408
3.0,98.12733239,64.19581358250524,33.93151880749477
8.0,78.31747374,68.38271352609847,9.934760213901527
4.0,55.56148302,65.03319357122388,-9.471710551223879
6.0,31.07979211,66.70795354866118,-35.62816143866118
0.5,98.39202929,62.102363610708615,36.28966567929138
5.0,97.56644906,65.87057355994253,31.69587550005747
0.0,39.89788004,61.68367361634929,-21.785793576349292
4.0,91.20841611,65.03319357122388,26.175222538776126
3.0,93.80678317,64.19581358250524,29.610969587494765
4.0,95.73866916,65.03319357122388,30.705475588776125
0.5,24.29534301,62.102363610708615,-37.80702060070861
3.0,45.4519563,64.19581358250524,-18.74385728250524
8.0,95.53715522,68.38271352609847,27.154441693901532
5.0,3.432214456,65.87057355994253,-62.43835910394253
5.0,60.9709885,65.87057355994253,-4.899585059942531
3.0,94.18182268,64.19581358250524,29.986009097494758
8.0,25.66497134,68.38271352609847,-42.71774218609847
1.0,35.68385606,62.521053605067934,-26.837197545067937
1.0,87.98815832,62.521053605067934,25.467104714932063
1.5,77.27245919,62.93974359942726,14.332715590572747
2.5,68.17962468,63.77712358814591,4.402501091854091
2.5,87.27836214,63.77712358814591,23.501238551854087
4.0,94.89706786,65.03319357122388,29.86387428877613
2.5,87.19251087,63.77712358814591,23.415387281854095
1.5,94.10176513,62.93974359942726,31.162021530572744
5.5,62.69465422,66.28926355430185,-3.5946093343018575
2.5,38.18531901,63.77712358814591,-25.59180457814591
5.5,90.44273214,66.28926355430185,24.15346858569815
2.5,83.90474553,63.77712358814591,20.127621941854088
3.5,97.83663541,64.61450357686456,33.222131833135435
9.0,99.92076134,69.22009351481712,30.700667825182876
3.5,39.55289509,64.61450357686456,-25.061608486864564
1.0,97.84676339,62.521053605067934,35.32570978493207
6.0,65.99443629,66.70795354866118,-0.7135172586611844
4.0,99.71427827,65.03319357122388,34.68108469877612
3.0,94.37294768,64.19581358250524,30.177134097494758
1.0,75.83754765,62.521053605067934,13.316494044932071
2.0,71.14471031,63.358433593786586,7.786276716213408
0.0,81.02041569,61.68367361634929,19.336742073650704
3.0,97.8857456,64.19581358250524,33.68993201749477
0.5,49.63757589,62.102363610708615,-12.464787720708614
6.0,62.14066414,66.70795354866118,-4.567289408661182
5.5,64.9623322,66.28926355430185,-1.3269313543018484
4.0,42.05103451,65.03319357122388,-22.982159061223875
1.0,89.9964869,62.521053605067934,27.47543329493206
1.0,74.69115727,62.521053605067934,12.170103664932071
7.0,92.68923451,67.54533353737983,25.143900972620173
2.0,21.64394878,63.358433593786586,-41.714484813786584
5.0,97.82278208,65.87057355994253,31.952208520057468
1.5,94.05766279,62.93974359942726,31.117919190572735
3.5,92.39337265,64.61450357686456,27.77886907313544
2.5,99.5163667,63.77712358814591,35.739243111854094
3.0,64.31389023,64.19581358250524,0.11807664749476032
10.0,12.35928755,70.05747350353577,-57.69818595353578
2.5,98.63472561,63.77712358814591,34.85760202185409
4.0,56.72430248,65.03319357122388,-8.308891091223877
9.0,94.10763278,69.22009351481712,24.88753926518288
10.0,99.10475165,70.05747350353577,29.047278146464222
5.0,99.39611272,65.87057355994253,33.52553916005748
3.0,79.93438595,64.19581358250524,15.738572367494768
8.0,42.05103451,68.38271352609847,-26.33167901609847
6.0,3.961497341,66.70795354866118,-62.74645620766118
7.0,51.57969595,67.54533353737983,-15.965637587379831
6.0,95.61401865,66.70795354866118,28.906065101338825
8.0,98.46138653,68.38271352609847,30.078673003901528
5.0,98.73671107,65.87057355994253,32.86613751005747
10.0,20.6252806,70.05747350353577,-49.43219290353578
3.0,46.75078327,64.19581358250524,-17.44503031250524
2.0,14.92817015,63.358433593786586,-48.430263443786586
2.0,89.58309072,63.358433593786586,26.224657126213415
0.0,96.78605651,61.68367361634929,35.102382893650706
5.0,69.83564514,65.87057355994253,3.9650715800574687
2.5,59.36187206,63.77712358814591,-4.415251528145909
1.0,62.71354329,62.521053605067934,0.1924896849320632
4.0,87.44951172,65.03319357122388,22.416318148776128
3.5,23.10048656,64.61450357686456,-41.514017016864564
4.0,77.20364961,65.03319357122388,12.170456038776123
6.0,89.49035517,66.70795354866118,22.78240162133882
8.0,34.47387616,68.38271352609847,-33.90883736609847
1.0,7.756995566,62.521053605067934,-54.76405803906793
0.5,47.08338833,62.102363610708615,-15.018975280708617
1.5,73.74393215,62.93974359942726,10.804188550572746
2.0,99.17877015,63.358433593786586,35.82033655621342
4.0,26.55798646,65.03319357122388,-38.47520711122388
10.0,83.28297774,70.05747350353577,13.225504236464232
2.0,79.37279924,63.358433593786586,16.01436564621342
1.5,68.21013236,62.93974359942726,5.270388760572743
4.0,39.62479013,65.03319357122388,-25.408403441223875
2.5,23.38379549,63.77712358814591,-40.393328098145915
4.0,59.20436934,65.03319357122388,-5.8288242312238765
1.5,61.69382467,62.93974359942726,-1.245918929427262
6.0,96.42850179,66.70795354866118,29.72054824133882
2.0,16.31431911,63.358433593786586,-47.044114483786586
2.0,14.85540624,63.358433593786586,-48.503027353786585
3.5,43.63390292,64.61450357686456,-20.980600656864567
4.0,45.87527465,65.03319357122388,-19.157918921223875
3.5,53.65951294,64.61450357686456,-10.954990636864565
1.5,89.7600136,62.93974359942726,26.820270000572734
3.0,54.82320838,64.19581358250524,-9.372605202505241
1.5,52.55947074,62.93974359942726,-10.380272859427258
2.0,2.538634989,63.358433593786586,-60.819798604786584
3.5,77.74149951,64.61450357686456,13.126995933135433
2.0,77.80336579,63.358433593786586,14.444932196213415
3.0,63.79345154,64.19581358250524,-0.40236204250523855
10.0,51.99882236,70.05747350353577,-18.058651143535776
0.5,79.93333423,62.102363610708615,17.830970619291385
1.0,89.61556172,62.521053605067934,27.09450811493207
1.5,95.7219043,62.93974359942726,32.782160700572746
1.0,67.66135662,62.521053605067934,5.140303014932073
3.0,75.23984427,64.19581358250524,11.044030687494768
1.5,74.10960037,62.93974359942726,11.169856770572736
1.5,67.02760826,62.93974359942726,4.087864660572734
0.5,58.74510972,62.102363610708615,-3.3572538907086127
2.5,47.22319469,63.77712358814591,-16.553928898145912
0.5,73.05961868,62.102363610708615,10.957255069291385
8.0,53.55741993,68.38271352609847,-14.825293596098469
5.0,25.54426508,65.87057355994253,-40.326308479942526
4.0,93.79838032,65.03319357122388,28.76518674877613
6.0,82.9105435,66.70795354866118,16.202589951338823
1.5,90.51467987,62.93974359942726,27.574936270572735
6.0,0.429815789,66.70795354866118,-66.27813775966118
5.0,6.476856891,65.87057355994253,-59.39371666894253
3.5,1.003604688,64.61450357686456,-63.61089888886456
3.0,96.85537184,64.19581358250524,32.659558257494766
0.5,92.63103874,62.102363610708615,30.52867512929138
4.5,96.90469009,65.4518835655832,31.4528065244168
5.0,28.36149003,65.87057355994253,-37.50908352994253
3.5,36.68936176,64.61450357686456,-27.925141816864567
0.0,77.20364961,61.68367361634929,15.51997599365071
8.0,76.16361312,68.38271352609847,7.780899593901523
1.0,73.74393215,62.521053605067934,11.222878544932072
1.5,72.36104809,62.93974359942726,9.421304490572737
5.0,84.10727673,65.87057355994253,18.236703170057467
6.0,61.12521977,66.70795354866118,-5.582733778661179
7.0,99.59802359,67.54533353737983,32.052690052620164
7.0,98.86366606,67.54533353737983,31.318332522620167
0.0,99.31641219,61.68367361634929,37.632738573650705
3.5,85.01319145,64.61450357686456,20.39868787313543
3.5,81.30024456,64.61450357686456,16.68574098313543
1.0,89.98187058,62.521053605067934,27.460816974932072
4.0,88.95240548,65.03319357122388,23.91921190877612
3.5,98.60574303,64.61450357686456,33.991239453135435
5.5,28.91092809,66.28926355430185,-37.378335464301855
1.5,87.36397116,62.93974359942726,24.424227560572746
7.0,57.76940034,67.54533353737983,-9.775933197379835
8.0,6.655533385,68.38271352609847,-61.72718014109847
4.0,73.29906006,65.03319357122388,8.265866488776126
3.0,91.84706392,64.19581358250524,27.65125033749476
1.5,71.88886111,62.93974359942726,8.949117510572734
2.5,95.15268037,63.77712358814591,31.375556781854087
4.5,82.1545869,65.4518835655832,16.702703334416796
5.0,46.5812907,65.87057355994253,-19.28928285994253
4.0,88.37612136,65.03319357122388,23.342927788776123
3.0,47.28464354,64.19581358250524,-16.91117004250524
7.0,2.885912336,67.54533353737983,-64.65942120137983
6.0,88.71386904,66.70795354866118,22.005915491338826
5.5,99.23039212,66.28926355430185,32.94112856569815
6.0,60.43019257,66.70795354866118,-6.277760978661178
10.0,21.37082787,70.05747350353577,-48.686645633535775
8.0,97.01886642,68.38271352609847,28.636152893901524
2.5,77.86602504,63.77712358814591,14.088901451854085
7.0,48.21839695,67.54533353737983,-19.326936587379834
5.0,94.20247675,65.87057355994253,28.331903190057474
2.5,90.27931362,63.77712358814591,26.502190031854084
10.0,58.69524984,70.05747350353577,-11.362223663535772
1.0,79.48695243,62.521053605067934,16.96589882493207
6.0,23.83152556,66.70795354866118,-42.87642798866118
5.0,72.16135334,65.87057355994253,6.290779780057477
3.0,97.91385948,64.19581358250524,33.71804589749476
7.0,40.07525181,67.54533353737983,-27.470081727379835
6.0,98.27574094,66.70795354866118,31.567787391338825
1.0,40.07525181,62.521053605067934,-22.445801795067936
6.0,75.744874,66.70795354866118,9.036920451338815
3.0,33.79539728,64.19581358250524,-30.400416302505235
5.0,57.52992298,65.87057355994253,-8.340650579942526
4.0,24.7571985,65.03319357122388,-40.275995071223875
1.5,44.33467794,62.93974359942726,-18.60506565942726
8.0,13.85179948,68.38271352609847,-54.530914046098474
4.0,52.85458427,65.03319357122388,-12.17860930122388
1.0,90.63852931,62.521053605067934,28.117475704932062
5.0,86.79121692,65.87057355994253,20.92064336005747
3.0,92.66928372,64.19581358250524,28.473470137494758
1.5,98.0160854,62.93974359942726,35.076341800572735
9.0,75.35975743,69.22009351481712,6.139663915182879
2.0,26.68936925,63.358433593786586,-36.66906434378659
6.0,99.45271084,66.70795354866118,32.744757291338814
3.0,81.88920139,64.19581358250524,17.69338780749476
4.0,88.99955787,65.03319357122388,23.966364298776128
1.0,93.8171533,62.521053605067934,31.296099694932067
3.5,61.11298954,64.61450357686456,-3.501514036864563
3.5,74.25962481,64.61450357686456,9.645121233135441
2.0,44.29519256,63.358433593786586,-19.06324103378659
1.5,62.95970228,62.93974359942726,0.019958680572742082
5.5,67.48018081,66.28926355430185,1.1909172556981389
4.0,97.9910206,65.03319357122388,32.95782702877612
5.0,88.70232652,65.87057355994253,22.83175296005747
6.0,98.90478197,66.70795354866118,32.19682842133882
6.0,80.35885458,66.70795354866118,13.650901031338819
1.5,19.34593133,62.93974359942726,-43.59381226942726
6.0,64.47468905,66.70795354866118,-2.2332644986611854
7.0,64.30723303,67.54533353737983,-3.2381005073798264
9.0,87.53749489,69.22009351481712,18.317401375182882
3.0,28.91092809,64.19581358250524,-35.28488549250524
0.5,31.7119088,62.102363610708615,-30.390454810708615
0.0,58.69524984,61.68367361634929,-2.9884237763492862
5.0,90.63414561,65.87057355994253,24.763572050057476
0.5,83.98189668,62.102363610708615,21.87953306929139
0.0,56.12875598,61.68367361634929,-5.554917636349288
7.0,49.88343043,67.54533353737983,-17.661903107379835
6.0,72.60095123,66.70795354866118,5.8929976813388265
2.0,19.86901809,63.358433593786586,-43.48941550378659
5.0,81.3947164,65.87057355994253,15.524142840057465
7.0,27.64092077,67.54533353737983,-39.90441276737983
8.0,13.74578822,68.38271352609847,-54.63692530609847
10.0,10.0980018,70.05747350353577,-59.959471703535776
2.5,96.57697985,63.77712358814591,32.79985626185409
8.0,57.01956638,68.38271352609847,-11.36314714609847
5.0,1.215131569,65.87057355994253,-64.65544199094253
1.5,45.44473003,62.93974359942726,-17.495013569427257
2.0,75.11573491,63.358433593786586,11.757301316213415
5.0,70.14793483,65.87057355994253,4.277361270057469
3.0,54.17561128,64.19581358250524,-10.02020230250524
7.0,91.3421136,67.54533353737983,23.796780062620172
0.5,74.72220037,62.102363610708615,12.619836759291381
7.0,85.29122235,67.54533353737983,17.745888812620166
1.0,38.01943648,62.521053605067934,-24.50161712506793
5.0,69.5988229,65.87057355994253,3.7282493400574737
5.0,98.38849004,65.87057355994253,32.517916480057465
8.0,98.88203353,68.38271352609847,30.49932000390153
7.0,57.7634963,67.54533353737983,-9.781837237379833
4.0,61.71262234,65.03319357122388,-3.320571231223873
5.0,1.198351111,65.87057355994253,-64.67222244894253
0.0,96.10352146,61.68367361634929,34.41984784365071
8.0,20.98116784,68.38271352609847,-47.40154568609847
3.0,98.46270113,64.19581358250524,34.26688754749476
1.0,55.56660731,62.521053605067934,-6.954446295067932
1.0,62.48035985,62.521053605067934,-0.04069375506793449
0.5,57.42808938,62.102363610708615,-4.674274230708612
1.5,39.92043288,62.93974359942726,-23.01931071942726
2.5,67.4044543,63.77712358814591,3.6273307118540856
5.0,31.37615111,65.87057355994253,-34.49442244994253
1.0,31.07256054,62.521053605067934,-31.448493065067932
1.0,68.50243505,62.521053605067934,5.981381444932069
2.0,94.89100241,63.358433593786586,31.532568816213413
3.0,74.74124853,64.19581358250524,10.545434947494755
2.5,2.116976511,63.77712358814591,-61.660147077145915
4.0,83.32303085,65.03319357122388,18.28983727877612
2.5,58.2330153,63.77712358814591,-5.544108288145914
5.0,45.42668553,65.87057355994253,-20.443888029942528
5.0,67.16680562,65.87057355994253,1.296232060057477
10.0,89.52466745,70.05747350353577,19.46719394646422
3.0,98.32929306,64.19581358250524,34.13347947749476
5.0,81.31873995,65.87057355994253,15.448166390057466
2.5,11.0790396,63.77712358814591,-52.69808398814591
0.5,9.548098269,62.102363610708615,-52.554265341708614
1.0,70.63947195,62.521053605067934,8.118418344932067
4.0,53.91201918,65.03319357122388,-11.121174391223875
1.5,77.86602504,62.93974359942726,14.926281440572737
4.0,99.32441627,65.03319357122388,34.291222698776124
1.5,52.7668932,62.93974359942726,-10.172850399427261
7.0,57.42808938,67.54533353737983,-10.11724415737983
1.0,91.78639402,62.521053605067934,29.26534041493207
4.0,91.84480724,65.03319357122388,26.81161366877612
3.5,47.49270385,64.61450357686456,-17.121799726864566
2.5,95.34309976,63.77712358814591,31.56597617185409
1.0,47.49270385,62.521053605067934,-15.028349755067936
7.0,68.13816439,67.54533353737983,0.5928308526201675
0.5,28.59861823,62.102363610708615,-33.503745380708615
6.0,65.99443629,66.70795354866118,-0.7135172586611844
5.0,58.15238086,65.87057355994253,-7.718192699942527
2.5,77.19065117,63.77712358814591,13.413527581854083
2.5,71.891691,63.77712358814591,8.114567411854082
1.0,84.19561124,62.521053605067934,21.67455763493207
2.5,98.06192313,63.77712358814591,34.284799541854085
3.0,11.68740441,64.19581358250524,-52.50840917250524
3.0,90.27931362,64.19581358250524,26.08350003749476
2.5,56.22904265,63.77712358814591,-7.548080938145915
6.0,84.16819767,66.70795354866118,17.460244121338818
10.0,19.38451665,70.05747350353577,-50.67295685353578
6.0,99.08162181,66.70795354866118,32.37366826133882
0.0,90.38448819,61.68367361634929,28.70081457365071
1.0,97.91385948,62.521053605067934,35.392805874932066
3.5,96.35684269,64.61450357686456,31.74233911313543
9.0,24.7571985,69.22009351481712,-44.46289501481712
4.0,31.95457566,65.03319357122388,-33.07861791122387
3.0,58.87622836,64.19581358250524,-5.319585222505239
3.5,0.745559691,64.61450357686456,-63.86894388586457
1.0,79.56062473,62.521053605067934,17.039571124932067
1.0,99.31045428,62.521053605067934,36.78940067493207
1.0,74.0489888,62.521053605067934,11.52793519493207
2.5,83.70656699,63.77712358814591,19.929443401854087
0.5,25.58313701,62.102363610708615,-36.51922660070861
2.0,63.11263253,63.358433593786586,-0.24580106378658684
2.5,94.70694647,63.77712358814591,30.929822881854093
2.0,50.50283383,63.358433593786586,-12.855599763786586
4.0,19.38451665,65.03319357122388,-45.64867692122388
3.5,87.10946842,64.61450357686456,22.494964843135435
2.5,96.83911268,63.77712358814591,33.06198909185409
6.0,98.0718751,66.70795354866118,31.36392155133882
3.5,82.7114493,64.61450357686456,18.096945723135434
2.5,93.74616287,63.77712358814591,29.969039281854094
6.0,87.82388732,66.70795354866118,21.115933771338817
4.0,74.41879277,65.03319357122388,9.38559919877612
5.0,89.59113592,65.87057355994253,23.72056236005747
1.0,91.42274048,62.521053605067934,28.901686874932068
0.5,87.73497018,62.102363610708615,25.63260656929139
2.5,41.5155192,63.77712358814591,-22.261604388145912
3.0,74.57239196,64.19581358250524,10.376578377494766
8.0,36.56155956,68.38271352609847,-31.82115396609847
10.0,81.86351046,70.05747350353577,11.806036956464226
3.5,93.8107995,64.61450357686456,29.196295923135438
1.0,66.72581086,62.521053605067934,4.204757254932062
7.0,18.66682582,67.54533353737983,-48.87850771737983
3.5,22.52975434,64.61450357686456,-42.08474923686457
2.0,93.57527412,63.358433593786586,30.216840526213417
2.0,52.12369341,63.358433593786586,-11.234740183786585
2.0,61.46573111,63.358433593786586,-1.8927024837865858
4.0,41.88017444,65.03319357122388,-23.15301913122388
2.0,13.74578822,63.358433593786586,-49.612645373786584
0.0,33.17546115,61.68367361634929,-28.508212466349292
1.0,47.3616047,62.521053605067934,-15.159448905067933
7.0,96.07552631,67.54533353737983,28.53019277262017
4.0,99.58480494,65.03319357122388,34.55161136877612
4.0,98.92238016,65.03319357122388,33.88918658877613
2.5,99.21772474,63.77712358814591,35.44060115185408
1.5,70.67451976,62.93974359942726,7.734776160572736
2.5,91.74867665,63.77712358814591,27.97155306185408
1.5,66.54550193,62.93974359942726,3.6057583305727405
1.0,84.24782523,62.521053605067934,21.72677162493207
2.0,95.95266943,63.358433593786586,32.594235836213414
2.5,7.576915771,63.77712358814591,-56.20020781714591
1.5,72.66703407,62.93974359942726,9.72729047057274
2.5,92.86925353,63.77712358814591,29.092129941854083
1.5,57.73493509,62.93974359942726,-5.204808509427259
1.5,48.82355055,62.93974359942726,-14.11619304942726
2.5,54.82320838,63.77712358814591,-8.953915208145915
1.5,99.11999382,62.93974359942726,36.180250220572745
8.0,51.42956132,68.38271352609847,-16.953152206098473
4.0,87.50167897,65.03319357122388,22.468485398776124
2.0,82.3894253,63.358433593786586,19.030991706213413
6.0,30.85649979,66.70795354866118,-35.85145375866118
5.0,88.10213665,65.87057355994253,22.231563090057477
6.0,34.20904036,66.70795354866118,-32.49891318866118
8.0,12.09755724,68.38271352609847,-56.28515628609847
5.0,9.121137473,65.87057355994253,-56.74943608694253
0.5,95.34311212,62.102363610708615,33.240748509291386
4.0,87.30229116,65.03319357122388,22.26909758877612
7.0,96.92930157,67.54533353737983,29.383968032620174
1.0,63.65662642,62.521053605067934,1.1355728149320683
3.5,59.74232868,64.61450357686456,-4.872174896864564
2.5,61.00492226,63.77712358814591,-2.7722013281459112
6.0,12.10731678,66.70795354866118,-54.60063676866118
4.0,38.53470375,65.03319357122388,-26.498489821223878
1.0,84.10727673,62.521053605067934,21.58622312493206
5.0,50.57461132,65.87057355994253,-15.295962239942526
6.0,50.280802,66.70795354866118,-16.42715154866118
0.5,81.7100925,62.102363610708615,19.607728889291387
1.5,99.6759439,62.93974359942726,36.73620030057273
1.0,62.18674919,62.521053605067934,-0.3343044150679333
1.5,41.90226796,62.93974359942726,-21.037475639427257
5.0,96.99419797,65.87057355994253,31.123624410057474
5.0,17.54872121,65.87057355994253,-48.32185234994253
4.0,55.18146429,65.03319357122388,-9.851729281223875
4.0,71.88886111,65.03319357122388,6.8556675387761175
0.5,38.01943648,62.102363610708615,-24.08292713070861
2.5,80.3927078,63.77712358814591,16.615584211854085
6.0,93.2851331,66.70795354866118,26.577179551338816
3.0,93.9072722,64.19581358250524,29.711458617494756
5.0,96.51493262,65.87057355994253,30.644359060057468
5.5,57.565051,66.28926355430185,-8.724212554301857
3.0,8.138467324,64.19581358250524,-56.057346258505234
4.0,91.73244705,65.03319357122388,26.69925347877613
5.5,25.41657083,66.28926355430185,-40.87269272430186
3.0,90.05873305,64.19581358250524,25.862919467494763
3.5,97.1520382,64.61450357686456,32.53753462313544
1.5,59.84743653,62.93974359942726,-3.0923070694272567
1.5,93.8107995,62.93974359942726,30.871055900572742
4.0,92.76477417,65.03319357122388,27.73158059877612
1.5,68.93605413,62.93974359942726,5.996310530572742
1.0,5.810223165,62.521053605067934,-56.71083044006794
3.0,52.62687394,64.19581358250524,-11.568939642505235
0.5,97.0639858,62.102363610708615,34.96162218929138
3.5,72.55345836,64.61450357686456,7.938954783135429
4.0,88.66525278,65.03319357122388,23.632059208776127
4.0,81.96841613,65.03319357122388,16.93522255877612
1.5,67.73802914,62.93974359942726,4.798285540572735
1.0,60.76861032,62.521053605067934,-1.7524432850679332
1.0,36.09086758,62.521053605067934,-26.430186025067933
1.5,97.42510515,62.93974359942726,34.48536155057273
8.0,86.55514183,68.38271352609847,18.172428303901526
7.0,97.49494147,67.54533353737983,29.949607932620168
5.0,97.06188058,65.87057355994253,31.191307020057465
8.0,97.54537298,68.38271352609847,29.162659453901526
5.0,58.10402513,65.87057355994253,-7.766548429942532
3.5,54.76825471,64.61450357686456,-9.846248866864563
10.0,96.02199137,70.05747350353577,25.96451786646422
5.0,64.62836913,65.87057355994253,-1.2422044299425323
7.0,76.82269242,67.54533353737983,9.277358882620163
5.0,95.25979986,65.87057355994253,29.389226300057473
4.0,15.90455258,65.03319357122388,-49.128640991223875
1.5,37.10910697,62.93974359942726,-25.83063662942726
2.0,7.433236146,63.358433593786586,-55.92519744778659
2.0,90.98864651,63.358433593786586,27.63021291621341
1.0,57.52992298,62.521053605067934,-4.991130625067932
5.0,93.77769772,65.87057355994253,27.907124160057478
7.0,92.39337265,67.54533353737983,24.84803911262017
2.5,65.99443629,63.77712358814591,2.217312701854084
5.0,99.61112382,65.87057355994253,33.740550260057475
1.0,95.42945459,62.521053605067934,32.90840098493207
1.0,16.83873014,62.521053605067934,-45.68232346506794
7.0,21.65105145,67.54533353737983,-45.894282087379835
2.5,80.25071672,63.77712358814591,16.473593131854088
5.0,57.45496513,65.87057355994253,-8.41560842994253
1.5,82.78836576,62.93974359942726,19.848622160572745
3.5,90.06772465,64.61450357686456,25.45322107313544
1.0,55.15612985,62.521053605067934,-7.3649237550679345
2.0,95.58328573,63.358433593786586,32.224852136213414
2.5,86.84669781,63.77712358814591,23.069574221854083
3.0,72.58487629,64.19581358250524,8.389062707494759
1.5,16.73765563,62.93974359942726,-46.20208796942726
5.5,94.73922869,66.28926355430185,28.44996513569815
3.0,86.31896631,64.19581358250524,22.123152727494755
3.5,79.456875,64.61450357686456,14.842371423135432
5.0,79.37279924,65.87057355994253,13.502225680057478
9.0,99.50195472,69.22009351481712,30.281861205182878
3.0,84.84665926,64.19581358250524,20.650845677494758
1.0,99.83469344,62.521053605067934,37.31363983493206
5.0,99.34328906,65.87057355994253,33.472715500057475
8.0,84.16819767,68.38271352609847,15.785484143901527
9.0,54.76825471,69.22009351481712,-14.451838804817122
10.0,0.64388101,70.05747350353577,-69.41359249353577
1.5,41.76200357,62.93974359942726,-21.177740029427262
8.0,98.3625801,68.38271352609847,29.979866573901532
2.0,19.63535407,63.358433593786586,-43.72307952378658
4.0,57.7634963,65.03319357122388,-7.269697271223876
5.5,73.87758954,66.28926355430185,7.588325985698148
2.5,83.59949632,63.77712358814591,19.822372731854088
3.5,47.04174902,64.61450357686456,-17.572754556864567
4.0,42.79220671,65.03319357122388,-22.240986861223874
10.0,54.04791735,70.05747350353577,-16.009556153535776
7.0,96.02199137,67.54533353737983,28.476657832620162
5.0,29.00056766,65.87057355994253,-36.87000589994253
5.0,82.95619566,65.87057355994253,17.085622100057478
8.0,63.48927185,68.38271352609847,-4.893441676098469
4.0,47.52350758,65.03319357122388,-17.509685991223876
3.5,57.92472989,64.61450357686456,-6.689773686864562
3.0,91.19578866,64.19581358250524,26.999975077494767
0.0,45.98732433,61.68367361634929,-15.696349286349289
2.5,32.11184331,63.77712358814591,-31.665280278145914
2.5,73.49549106,63.77712358814591,9.718367471854094
0.5,72.77371208,62.102363610708615,10.671348469291381
3.0,86.06465377,64.19581358250524,21.86884018749477
2.5,26.01707526,63.77712358814591,-37.76004832814591
5.0,91.93240863,65.87057355994253,26.06183507005747
1.5,81.39556377,62.93974359942726,18.455820170572736
0.0,3.346897723,61.68367361634929,-58.33677589334929
3.0,95.59023937,64.19581358250524,31.394425787494768
1.0,51.65120624,62.521053605067934,-10.869847365067933
2.0,98.243241,63.358433593786586,34.88480740621341
5.0,96.18066632,65.87057355994253,30.310092760057472
6.0,98.37193853,66.70795354866118,31.663984981338814
8.0,95.92419084,68.38271352609847,27.541477313901524
0.5,72.81720747,62.102363610708615,10.714843859291385
9.0,7.337996978,69.22009351481712,-61.88209653681712
3.0,79.56062473,64.19581358250524,15.364811147494763
2.5,95.32202267,63.77712358814591,31.544899081854084
2.5,78.52962614,63.77712358814591,14.752502551854093
0.5,77.00758829,62.102363610708615,14.905224679291386
2.5,54.64792215,63.77712358814591,-9.129201438145913
3.5,74.0489888,64.61450357686456,9.43448522313544
2.5,64.78380301,63.77712358814591,1.0066794218540878
4.0,42.05103451,65.03319357122388,-22.982159061223875
2.5,87.91928191,63.77712358814591,24.142158321854083
4.0,10.19047263,65.03319357122388,-54.842720941223874
3.0,92.80500857,64.19581358250524,28.60919498749476
7.0,1.274533136,67.54533353737983,-66.27080040137983
6.0,0.949175535,66.70795354866118,-65.75877801366119
0.5,54.81893823,62.102363610708615,-7.283425380708614
2.5,75.59564792,63.77712358814591,11.818524331854093
6.0,76.76225574,66.70795354866118,10.05430219133882
6.0,71.44508093,66.70795354866118,4.737127381338823
2.0,28.91092809,63.358433593786586,-34.44750550378659
2.5,94.62610005,63.77712358814591,30.848976461854093
4.5,85.96959804,65.4518835655832,20.517714474416792
4.0,92.58112432,65.03319357122388,27.547930748776125
0.0,18.64933154,61.68367361634929,-43.03434207634929
4.0,99.59389201,65.03319357122388,34.56069843877613
3.0,96.96236124,64.19581358250524,32.76654765749477
2.0,25.04857867,63.358433593786586,-38.30985492378659
8.0,97.89476687,68.38271352609847,29.512053343901528
4.0,98.63342533,65.03319357122388,33.60023175877612
6.0,48.32468565,66.70795354866118,-18.38326789866118
10.0,68.50243505,70.05747350353577,-1.5550384535357722
2.5,62.8321027,63.77712358814591,-0.9450208881459119
1.5,22.86186612,62.93974359942726,-40.07787747942726
4.0,89.0666343,65.03319357122388,24.033440728776128
1.0,5.221698862,62.521053605067934,-57.29935474306794
10.0,86.1407343,70.05747350353577,16.08326079646423
5.0,80.23583676,65.87057355994253,14.36526320005747
3.5,94.33868444,64.61450357686456,29.72418086313543
2.0,83.09080929,63.358433593786586,19.73237569621341
5.0,94.05766279,65.87057355994253,28.187089230057467
6.0,70.67451976,66.70795354866118,3.966566211338815
0.0,85.71224216,61.68367361634929,24.028568543650714
1.5,78.71212761,62.93974359942726,15.772384010572736
1.5,51.34192391,62.93974359942726,-11.597819689427261
4.5,91.89342822,65.4518835655832,26.441544654416802
3.0,21.89069518,64.19581358250524,-42.30511840250524
3.5,99.48258298,64.61450357686456,34.86807940313544
1.0,27.57233516,62.521053605067934,-34.94871844506793
2.0,74.23898476,63.358433593786586,10.880551166213408
3.0,51.28932037,64.19581358250524,-12.90649321250524
1.0,29.7578994,62.521053605067934,-32.763154205067934
7.0,92.61569365,67.54533353737983,25.070360112620165
5.5,38.01409877,66.28926355430185,-28.275164784301857
7.0,27.25450767,67.54533353737983,-40.29082586737984
7.0,99.35762909,67.54533353737983,31.81229555262017
2.5,91.89342822,63.77712358814591,28.116304631854092
6.0,97.58793625,66.70795354866118,30.879982701338818
5.0,40.54914168,65.87057355994253,-25.32143187994253
4.5,62.34302909,65.4518835655832,-3.1088544755832004
3.0,90.08907671,64.19581358250524,25.893263127494762
10.0,98.28941691,70.05747350353577,28.231943406464225
4.5,68.38112974,65.4518835655832,2.9292461744168037
5.0,57.7634963,65.87057355994253,-8.107077259942528
3.5,93.95733265,64.61450357686456,29.342829073135434
4.0,98.52352334,65.03319357122388,33.49032976877612
1.0,61.4875819,62.521053605067934,-1.0334717050679316
8.0,90.74566924,68.38271352609847,22.362955713901528
2.0,78.62520147,63.358433593786586,15.266767876213407
7.0,99.45972584,67.54533353737983,31.914392302620172
3.0,95.88456361,64.19581358250524,31.688750027494763
3.0,70.02580011,64.19581358250524,5.829986527494768
5.0,97.52205043,65.87057355994253,31.651476870057465
0.0,65.10834035,61.68367361634929,3.4246667336507173
3.0,47.95897712,64.19581358250524,-16.236836462505238
3.5,94.05416813,64.61450357686456,29.43966455313543
1.0,92.09920035,62.521053605067934,29.57814674493207
2.0,79.19538136,63.358433593786586,15.836947766213413
1.5,58.8744133,62.93974359942726,-4.065330299427259
1.0,97.95071688,62.521053605067934,35.42966327493207
10.0,40.55138048,70.05747350353577,-29.506093023535776
3.5,45.87527465,64.61450357686456,-18.739228926864563
3.5,80.79348995,64.61450357686456,16.17898637313543
3.0,60.44079147,64.19581358250524,-3.7550221125052374
3.0,99.1094941,64.19581358250524,34.91368051749477
1.5,58.09322257,62.93974359942726,-4.846521029427258
4.5,38.84735987,65.4518835655832,-26.604523695583204
6.0,99.56856299,66.70795354866118,32.86060944133882
9.0,59.36187206,69.22009351481712,-9.85822145481712
4.0,92.94610432,65.03319357122388,27.912910748776127
2.5,12.03046883,63.77712358814591,-51.74665475814591
1.5,98.26889208,62.93974359942726,35.32914848057274
2.5,70.79270495,63.77712358814591,7.015581361854089
3.5,53.20245682,64.61450357686456,-11.412046756864562
4.0,89.23519997,65.03319357122388,24.20200639877612
2.0,40.05564445,63.358433593786586,-23.302789143786583
5.0,8.447500337,65.87057355994253,-57.42307322294253
4.5,29.36620695,65.4518835655832,-36.0856766155832
1.0,87.36289335,62.521053605067934,24.84183974493206
2.5,99.80980039,63.77712358814591,36.032676801854095
4.0,42.12549278,65.03319357122388,-22.907700791223874
1.0,57.95910476,62.521053605067934,-4.561948845067931
2.0,65.93660653,63.358433593786586,2.57817293621342
2.5,35.04876286,63.77712358814591,-28.728360728145915
1.0,25.09923397,62.521053605067934,-37.42181963506793
3.5,13.53750567,64.61450357686456,-51.07699790686456
2.5,95.84723835,63.77712358814591,32.070114761854086
4.0,95.59023937,65.03319357122388,30.55704579877613
2.5,61.12521977,63.77712358814591,-2.651903818145911
1.0,73.71563971,62.521053605067934,11.194586104932071
9.0,1.77122352,69.22009351481712,-67.44886999481712
1.5,94.42613201,62.93974359942726,31.486388410572744
4.0,93.82384404,65.03319357122388,28.79065046877612
3.5,87.89933447,64.61450357686456,23.284830893135435
5.0,37.6095217,65.87057355994253,-28.261051859942526
1.0,48.32468565,62.521053605067934,-14.196367955067934
1.5,13.74578822,62.93974359942726,-49.19395537942726
1.0,52.12369341,62.521053605067934,-10.397360195067932
10.0,99.05146362,70.05747350353577,28.993990116464232
0.5,47.49270385,62.102363610708615,-14.609659760708617
1.0,30.70445124,62.521053605067934,-31.816602365067933
4.0,93.38093618,65.03319357122388,28.34774260877613
2.0,40.43646118,63.358433593786586,-22.921972413786584
2.0,57.60270767,63.358433593786586,-5.755725923786585
0.0,37.55228267,61.68367361634929,-24.131390946349292
3.0,89.21867624,64.19581358250524,25.022862657494755
1.5,45.83913136,62.93974359942726,-17.100612239427257
4.0,43.94501206,65.03319357122388,-21.088181511223873
1.0,75.2628239,62.521053605067934,12.741770294932067
3.5,30.44393846,64.61450357686456,-34.170565116864566
0.5,23.38379549,62.102363610708615,-38.71856812070861
6.0,69.87171391,66.70795354866118,3.1637603613388166
0.0,26.12873047,61.68367361634929,-35.55494314634929
1.0,83.84481951,62.521053605067934,21.32376590493206
3.0,72.81720747,64.19581358250524,8.621393887494762
3.0,36.41834536,64.19581358250524,-27.777468222505235
3.0,51.32765319,64.19581358250524,-12.868160392505239
1.0,87.68662103,62.521053605067934,25.165567424932064
4.0,17.10726474,65.03319357122388,-47.92592883122387
6.0,93.00715187,66.70795354866118,26.29919832133882
1.5,73.71563971,62.93974359942726,10.775896110572745
7.0,13.01481827,67.54533353737983,-54.53051526737983
3.0,47.28464354,64.19581358250524,-16.91117004250524
7.0,95.88643657,67.54533353737983,28.34110303262017
4.0,47.63991712,65.03319357122388,-17.393276451223876
1.5,47.28464354,62.93974359942726,-15.655100059427262
1.0,30.14155853,62.521053605067934,-32.379495075067936
3.0,58.07262747,64.19581358250524,-6.123186112505238
2.0,45.23145513,63.358433593786586,-18.126978463786585
3.0,32.49797332,64.19581358250524,-31.69784026250524
5.5,0.892110261,66.28926355430185,-65.39715329330186
7.0,64.48479627,67.54533353737983,-3.0605372673798286
3.0,97.81257649,64.19581358250524,33.61676290749476
1.0,96.71200852,62.521053605067934,34.190954914932064
1.5,20.85281344,62.93974359942726,-42.08693015942726
3.0,92.38289452,64.19581358250524,28.187080937494756
4.0,93.8762319,65.03319357122388,28.843038328776117
3.0,22.66659312,64.19581358250524,-41.529220462505236
5.0,89.43864374,65.87057355994253,23.568070180057475
0.0,62.19393818,61.68367361634929,0.5102645636507148
3.0,27.8727641,64.19581358250524,-36.32304948250524
3.0,56.82844588,64.19581358250524,-7.367367702505241
2.5,23.90166614,63.77712358814591,-39.87545744814591
0.0,73.91347781,61.68367361634929,12.229804193650715
2.0,96.86371878,63.358433593786586,33.50528518621341
3.5,7.598125146,64.61450357686456,-57.01637843086456
0.5,96.30951314,62.102363610708615,34.20714952929139
2.0,44.92105057,63.358433593786586,-18.437383023786587
6.0,99.75019808,66.70795354866118,33.042244531338824
3.0,66.99718709,64.19581358250524,2.801373507494759
0.5,83.86594073,62.102363610708615,21.76357711929139
1.5,43.15247839,62.93974359942726,-19.78726520942726
2.0,94.60980443,63.358433593786586,31.25137083621341
2.5,0.299302817,63.77712358814591,-63.477820771145915
4.0,79.92192149,65.03319357122388,14.888727918776127
0.0,38.52844039,61.68367361634929,-23.15523322634929
1.5,92.63103874,62.93974359942726,29.691295140572734
1.5,92.09238408,62.93974359942726,29.152640480572742
2.0,99.03689575,63.358433593786586,35.67846215621341
0.5,72.13833601,62.102363610708615,10.035972399291389
1.0,77.81153178,62.521053605067934,15.290478174932062
2.0,75.92719998,63.358433593786586,12.568766386213412
5.0,83.39984129,65.87057355994253,17.52926773005747
1.5,47.9840088,62.93974359942726,-14.955734799427262
4.0,98.81371351,65.03319357122388,33.78051993877612
2.5,9.162769583,63.77712358814591,-54.61435400514591
10.0,32.81481009,70.05747350353577,-37.24266341353577
2.5,90.19374415,63.77712358814591,26.41662056185409
2.0,14.41009254,63.358433593786586,-48.948341053786585
0.5,2.746666001,62.102363610708615,-59.35569760970861
4.0,70.57774417,65.03319357122388,5.5445505987761265
2.0,98.6391886,63.358433593786586,35.28075500621341
0.5,92.41928342,62.102363610708615,30.316919809291385
0.0,64.82966753,61.68367361634929,3.145993913650706
2.0,47.52350758,63.358433593786586,-15.834926013786585
0.5,95.86762868,62.102363610708615,33.76526506929138
2.5,53.96737126,63.77712358814591,-9.809752328145912
5.5,31.05604841,66.28926355430185,-35.23321514430185
1.0,4.891812081,62.521053605067934,-57.629241524067936
0.5,18.66682582,62.102363610708615,-43.435537790708615
1.0,95.71269842,62.521053605067934,33.19164481493206
1.5,81.82099807,62.93974359942726,18.881254470572742
3.0,87.62899868,64.19581358250524,23.433185097494757
1.0,71.24517665,62.521053605067934,8.724123044932071
1.0,91.10128528,62.521053605067934,28.580231674932065
3.0,79.73361306,64.19581358250524,15.537799477494758
9.0,26.01707526,69.22009351481712,-43.203018254817124
3.0,97.199464,64.19581358250524,33.00365041749477
2.0,80.58606126,63.358433593786586,17.227627666213408
2.0,82.39060777,63.358433593786586,19.032174176213417
6.0,38.07674169,66.70795354866118,-28.63121185866118
7.0,97.11900696,67.54533353737983,29.57367342262016
4.0,51.07051564,65.03319357122388,-13.962677931223872
2.0,72.01866756,63.358433593786586,8.660233966213411
5.5,5.925424048,66.28926355430185,-60.36383950630186
8.0,98.32881877,68.38271352609847,29.946105243901528
8.0,8.179150714,68.38271352609847,-60.20356281209847
6.0,38.22137632,66.70795354866118,-28.486577228661183
8.0,82.18267485,68.38271352609847,13.799961323901528
5.0,94.86641154,65.87057355994253,28.995837980057473
2.0,68.37554129,63.358433593786586,5.017107696213415
6.0,93.12572961,66.70795354866118,26.417776061338813
8.0,70.24465288,68.38271352609847,1.8619393539015334
8.0,87.0929914,68.38271352609847,18.710277873901532
6.0,37.97610596,66.70795354866118,-28.731847588661182
5.0,33.17546115,65.87057355994253,-32.69511240994253
7.0,68.32942299,67.54533353737983,0.7840894526201652
3.5,83.8443561,64.61450357686456,19.229852523135435
1.0,88.69767669,62.521053605067934,26.17662308493206
3.0,36.17262129,64.19581358250524,-28.023192292505236
7.0,35.70830555,67.54533353737983,-31.837027987379834
6.0,93.26953677,66.70795354866118,26.56158322133882
8.0,24.7571985,68.38271352609847,-43.62551502609847
4.5,40.93399679,65.4518835655832,-24.5178867755832
0.5,90.3259285,62.102363610708615,28.22356488929139
1.5,60.76861032,62.93974359942726,-2.1711332794272593
2.5,7.683978269,63.77712358814591,-56.09314531914591
2.5,26.6755441,63.77712358814591,-37.101579488145916
1.0,80.72756796,62.521053605067934,18.206514354932068
5.0,73.48550449,65.87057355994253,7.614930930057469
2.0,84.25378028,63.358433593786586,20.895346686213415
2.0,15.29718496,63.358433593786586,-48.06124863378659
2.0,62.8727162,63.358433593786586,-0.4857173937865866
5.0,89.22633477,65.87057355994253,23.355761210057466
6.0,99.39312265,66.70795354866118,32.685169101338815
5.0,85.98623842,65.87057355994253,20.11566486005748
8.0,5.105593606,68.38271352609847,-63.27711992009847
8.0,41.49272193,68.38271352609847,-26.88999159609847
7.0,69.77678882,67.54533353737983,2.2314552826201606
3.0,84.84665926,64.19581358250524,20.650845677494758
1.5,59.81053194,62.93974359942726,-3.1292116594272628
4.0,89.41316525,65.03319357122388,24.37997167877613
1.0,98.20741258,62.521053605067934,35.68635897493206
5.0,31.84410473,65.87057355994253,-34.02646882994253
5.0,63.43175519,65.87057355994253,-2.438818369942531
1.5,74.26220694,62.93974359942726,11.322463340572739
1.0,94.1589128,62.521053605067934,31.637859194932062
6.0,96.92327921,66.70795354866118,30.215325661338824
2.5,96.02199137,63.77712358814591,32.24486778185408
5.0,66.54483144,65.87057355994253,0.6742578800574677
6.0,5.750020485,66.70795354866118,-60.95793306366118
1.0,72.98083347,62.521053605067934,10.45977986493206
3.0,70.79270495,64.19581358250524,6.596891367494763
0.0,98.7925167,61.68367361634929,37.108843083650704
10.0,45.32759373,70.05747350353577,-24.729879773535778
3.5,92.09238408,64.61450357686456,27.477880503135438
7.0,25.9046623,67.54533353737983,-41.640671237379834
4.0,47.66003889,65.03319357122388,-17.373154681223873
6.0,66.72581086,66.70795354866118,0.017857311338815407
0.0,50.95276905,61.68367361634929,-10.730904566349288
0.5,21.76200891,62.102363610708615,-40.340354700708616
2.0,77.20364961,63.358433593786586,13.845216016213413
1.5,84.57262784,62.93974359942726,21.632884240572736
9.0,97.23638701,69.22009351481712,28.01629349518288
2.5,97.02213328,63.77712358814591,33.245009691854094
3.0,12.10731678,64.19581358250524,-52.08849680250524
3.0,99.77214533,64.19581358250524,35.57633174749476
1.5,52.00817272,62.93974359942726,-10.931570879427262
8.0,14.02708141,68.38271352609847,-54.35563211609847
6.0,96.94146884,66.70795354866118,30.23351529133882
2.0,91.32906814,63.358433593786586,27.970634546213418
7.0,97.54537298,67.54533353737983,30.000039442620164
1.5,12.91992517,62.93974359942726,-50.01981842942726
6.0,93.8867959,66.70795354866118,27.178842351338815
2.0,97.16411028,63.358433593786586,33.80567668621342
4.0,98.44768624,65.03319357122388,33.41449266877612
0.5,65.72450251,62.102363610708615,3.6221388992913788
1.0,99.17126339,62.521053605067934,36.65020978493206
1.5,38.07674169,62.93974359942726,-24.86300190942726
3.5,35.19576612,64.61450357686456,-29.418737456864562
3.5,27.78101262,64.61450357686456,-36.833490956864566
4.0,30.2601081,65.03319357122388,-34.77308547122388
7.0,96.11047765,67.54533353737983,28.565144112620175
3.0,87.50167897,64.19581358250524,23.305865387494762
4.5,42.79220671,65.4518835655832,-22.6596768555832
0.5,96.12583288,62.102363610708615,34.02346926929139
0.0,55.52547731,61.68367361634929,-6.158196306349289
4.0,81.80727095,65.03319357122388,16.774077378776127
5.0,42.99301921,65.87057355994253,-22.87755434994253
3.0,96.65366329,64.19581358250524,32.45784970749476
3.5,21.293857,64.61450357686456,-43.32064657686456
0.5,62.8727162,62.102363610708615,0.7703525892913845
7.0,94.63506826,67.54533353737983,27.089734722620165
1.5,40.85216047,62.93974359942726,-22.08758312942726
2.0,69.32665792,63.358433593786586,5.9682243262134165
0.5,55.49638039,62.102363610708615,-6.605983220708616
3.5,77.7669271,64.61450357686456,13.15242352313544
4.5,38.13969216,65.4518835655832,-27.3121914055832
0.5,27.97089061,62.102363610708615,-34.13147300070861
6.0,87.31007779,66.70795354866118,20.602124241338814
0.5,65.50167855,62.102363610708615,3.3993149392913793
1.5,56.12393568,62.93974359942726,-6.815807919427257
2.0,67.35690955,63.358433593786586,3.9984759562134116
5.0,87.18889527,65.87057355994253,21.318321710057475
5.0,35.06116021,65.87057355994253,-30.80941334994253
3.0,48.98596485,64.19581358250524,-15.209848732505236
3.0,65.55276631,64.19581358250524,1.3569527274947575
2.5,66.84791246,63.77712358814591,3.0707888718540914
3.0,60.20531722,64.19581358250524,-3.9904963625052403
3.0,90.57395134,64.19581358250524,26.378137757494756
1.5,75.35975743,62.93974359942726,12.420013830572742
1.0,93.79838032,62.521053605067934,31.277326714932073
2.0,90.07760085,63.358433593786586,26.71916725621341
4.0,99.33768585,65.03319357122388,34.304492278776124
5.0,92.59985649,65.87057355994253,26.729282930057465
5.0,58.96570164,65.87057355994253,-6.904871919942529
3.0,74.22155378,64.19581358250524,10.025740197494756
0.5,27.78101262,62.102363610708615,-34.321350990708616
5.0,93.27221205,65.87057355994253,27.401638490057465
3.5,64.10230116,64.61450357686456,-0.512202416864568
2.0,92.09238408,63.358433593786586,28.733950486213416
4.0,46.57601987,65.03319357122388,-18.457173701223873
1.0,92.09920035,62.521053605067934,29.57814674493207
0.5,29.94956941,62.102363610708615,-32.15279420070861
2.0,69.87171391,63.358433593786586,6.513280316213411
3.5,84.67610222,64.61450357686456,20.06159864313544
3.0,66.62027906,64.19581358250524,2.4244654774947634
2.0,86.12409964,63.358433593786586,22.76566604621341
1.0,93.38093618,62.521053605067934,30.859882574932072
3.0,88.67597108,64.19581358250524,24.48015749749476
3.0,93.83916295,64.19581358250524,29.643349367494764
2.0,57.31734359,63.358433593786586,-6.041090003786586
3.0,6.379875788,64.19581358250524,-57.81593779450524
0.0,23.65339914,61.68367361634929,-38.03027447634929
4.0,91.84759495,65.03319357122388,26.814401378776125
4.0,52.85458427,65.03319357122388,-12.17860930122388
3.0,68.28027307,64.19581358250524,4.084459487494769
3.0,94.13601525,64.19581358250524,29.94020166749476
0.0,90.98194298,61.68367361634929,29.29826936365071
1.0,92.18630697,62.521053605067934,29.66525336493207
5.0,98.35770378,65.87057355994253,32.487130220057466
4.5,48.66934789,65.4518835655832,-16.782535675583205
3.0,76.4894434,64.19581358250524,12.293629817494761
3.0,98.3450667,64.19581358250524,34.149253117494766
3.0,92.41586125,64.19581358250524,28.220047667494768
6.0,60.66321529,66.70795354866118,-6.044738258661184
2.5,89.74246474,63.77712358814591,25.96534115185409
6.0,79.93333423,66.70795354866118,13.22538068133882
4.0,99.20751328,65.03319357122388,34.174319708776125
4.0,80.49896065,65.03319357122388,15.465767078776125
4.0,43.94501206,65.03319357122388,-21.088181511223873
5.0,95.0351687,65.87057355994253,29.16459514005747
6.0,98.00807952,66.70795354866118,31.300125971338815
4.5,98.3774637,65.4518835655832,32.925580134416805
4.5,98.65514685,65.4518835655832,33.20326328441679
6.0,93.03393133,66.70795354866118,26.32597778133882
8.0,93.58027647,68.38271352609847,25.19756294390153
10.0,71.65336161,70.05747350353577,1.5958881064642298
7.0,83.35221163,67.54533353737983,15.806878092620167
0.0,53.1374135,61.68367361634929,-8.546260116349288
3.5,47.52350758,64.61450357686456,-17.090995996864564
4.0,30.29781056,65.03319357122388,-34.735383011223874
7.0,81.63658484,67.54533353737983,14.091251302620165
3.0,5.125120423,64.19581358250524,-59.07069315950524
8.0,74.26220694,68.38271352609847,5.879493413901528
2.5,99.66283326,63.77712358814591,35.88570967185409
1.0,95.89395816,62.521053605067934,33.37290455493206
6.0,96.86925218,66.70795354866118,30.161298631338823
2.0,78.32242217,63.358433593786586,14.96398857621341
5.0,47.22319469,65.87057355994253,-18.64737886994253
8.0,79.93333423,68.38271352609847,11.55062070390153
10.0,60.9709885,70.05747350353577,-9.086485003535778
10.0,47.22319469,70.05747350353577,-22.834278813535775
1.5,82.18267485,62.93974359942726,19.242931250572738
10.0,73.59778515,70.05747350353577,3.5403116464642324
4.0,92.1025695,65.03319357122388,27.069375928776125
3.0,93.06385095,64.19581358250524,28.868037367494765
6.0,42.53225571,66.70795354866118,-24.17569783866118
2.0,12.28647894,63.358433593786586,-51.071954653786584
10.0,71.40661886,70.05747350353577,1.34914535646422
5.5,79.81648603,66.28926355430185,13.527222475698139
7.0,63.88776352,67.54533353737983,-3.6575700173798324
3.5,93.53501253,64.61450357686456,28.92050895313544
6.0,30.29781056,66.70795354866118,-36.41014298866118
5.0,82.7490864,65.87057355994253,16.878512840057468
6.0,94.77003608,66.70795354866118,28.062082531338817
8.0,92.08608045,68.38271352609847,23.703366923901527
8.0,85.61821001,68.38271352609847,17.235496483901528
9.0,74.22155378,69.22009351481712,5.001460265182871
5.0,43.38387385,65.87057355994253,-22.486699709942528
5.0,98.06460833,65.87057355994253,32.19403477005747
8.0,94.37059045,68.38271352609847,25.987876923901524
4.0,57.31734359,65.03319357122388,-7.715849981223876
10.0,75.81046973,70.05747350353577,5.752996226464219
3.5,94.03227262,64.61450357686456,29.417769043135436
7.0,69.83564514,67.54533353737983,2.2903116026201644
2.0,96.62240773,63.358433593786586,33.26397413621342
7.0,25.37454537,67.54533353737983,-42.17078816737983
2.0,94.91944326,63.358433593786586,31.56100966621341
3.0,87.10949429,64.19581358250524,22.913680707494763
9.0,89.23519997,69.22009351481712,20.015106455182874
2.0,30.94360622,63.358433593786586,-32.414827373786586
10.0,91.49215597,70.05747350353577,21.434682466464224
3.5,41.98150796,64.61450357686456,-22.632995616864562
6.0,95.20482698,66.70795354866118,28.496873431338827
5.0,68.81598162,65.87057355994253,2.945408060057474
3.5,96.75003092,64.61450357686456,32.135527343135436
1.0,17.19094059,62.521053605067934,-45.33011301506794
3.5,92.46529889,64.61450357686456,27.850795313135436
10.0,82.57551316,70.05747350353577,12.518039656464225
4.0,80.47617765,65.03319357122388,15.44298407877612
10.0,99.57301955,70.05747350353577,29.515546046464223
5.0,97.64778272,65.87057355994253,31.777209160057467
9.0,87.37910072,69.22009351481712,18.159007205182874
3.0,1.112749347,64.19581358250524,-63.08306423550524
7.0,97.44787002,67.54533353737983,29.902536482620164
2.5,99.1867984,63.77712358814591,35.40967481185409
4.0,98.8058366,65.03319357122388,33.77264302877613
4.5,72.18388097,65.4518835655832,6.731997404416802
3.0,61.79232599,64.19581358250524,-2.403487592505236
3.0,83.52857393,64.19581358250524,19.332760347494755
0.5,97.74653158,62.102363610708615,35.64416796929138
5.0,98.05486199,65.87057355994253,32.18428843005748
10.0,87.87850996,70.05747350353577,17.821036456464228
9.0,96.08247322,69.22009351481712,26.862379705182875
5.0,25.62543853,65.87057355994253,-40.24513502994253
3.0,39.90926389,64.19581358250524,-24.28654969250524
5.0,70.57774417,65.87057355994253,4.707170610057474
9.0,77.20364961,69.22009351481712,7.983556095182877
6.0,37.10650136,66.70795354866118,-29.601452188661177
2.0,89.8578443,63.358433593786586,26.49941070621341
7.0,95.34309976,67.54533353737983,27.79776622262017
8.0,11.37372206,68.38271352609847,-57.00899146609847
7.0,33.45494264,67.54533353737983,-34.090390897379834
7.0,87.10946842,67.54533353737983,19.564134882620166
8.0,91.62890905,68.38271352609847,23.246195523901534
9.0,45.16626978,69.22009351481712,-24.053823734817122
1.0,83.90474553,62.521053605067934,21.383691924932066
6.0,97.64667271,66.70795354866118,30.938719161338824
6.0,86.00972589,66.70795354866118,19.30177234133882
2.5,42.12549278,63.77712358814591,-21.65163080814591
5.0,96.62999717,65.87057355994253,30.759423610057468
5.0,33.17546115,65.87057355994253,-32.69511240994253
0.0,1.262835309,61.68367361634929,-60.420838307349285
6.0,29.94956941,66.70795354866118,-36.758384138661185
1.0,83.09080929,62.521053605067934,20.569755684932062
0.5,67.52847944,62.102363610708615,5.426115829291383
4.0,72.08322728,65.03319357122388,7.050033708776127
1.0,60.37094182,62.521053605067934,-2.150111785067935
2.5,33.66779009,63.77712358814591,-30.109333498145915
1.5,78.13156862,62.93974359942726,15.191825020572736
4.5,46.07997675,65.4518835655832,-19.371906815583202
2.5,52.22408981,63.77712358814591,-11.55303377814591
1.0,22.00897479,62.521053605067934,-40.51207881506794
5.5,86.28807602,66.28926355430185,19.99881246569815
2.5,42.12549278,63.77712358814591,-21.65163080814591
4.0,3.163642944,65.03319357122388,-61.86955062722387
4.0,55.79291405,65.03319357122388,-9.240279521223876
8.0,51.7428672,68.38271352609847,-16.63984632609847
0.5,99.36215597,62.102363610708615,37.25979235929139
0.0,87.89933447,61.68367361634929,26.21566085365071
4.0,4.163588119,65.03319357122388,-60.86960545222388
2.0,23.56629787,63.358433593786586,-39.792135723786586
8.0,6.282803537,68.38271352609847,-62.09990998909847
0.0,19.86901809,61.68367361634929,-41.814655526349284
2.0,62.63958476,63.358433593786586,-0.7188488337865877
1.5,99.81768496,62.93974359942726,36.877941360572734
7.0,0.695497511,67.54533353737983,-66.84983602637983
2.5,18.31768251,63.77712358814591,-45.459441078145915
7.0,57.65945829,67.54533353737983,-9.885875247379829
5.5,99.42930272,66.28926355430185,33.14003916569814
3.0,27.25450767,64.19581358250524,-36.94130591250524
8.0,61.12841374,68.38271352609847,-7.254299786098471
3.0,29.14504055,64.19581358250524,-35.050773032505234
10.0,8.422069576,70.05747350353577,-61.635403927535776
4.0,54.17779991,65.03319357122388,-10.855393661223879
3.0,70.67451976,64.19581358250524,6.478706177494757
5.5,62.34594798,66.28926355430185,-3.943315574301856
5.0,60.42147903,65.87057355994253,-5.449094529942528
4.0,89.17579126,65.03319357122388,24.14259768877612
6.0,59.75373678,66.70795354866118,-6.954216768661183
0.5,40.53775276,62.102363610708615,-21.56461085070862
1.5,84.10842539,62.93974359942726,21.168681790572734
0.5,95.58328573,62.102363610708615,33.480922119291385
7.0,84.17926903,67.54533353737983,16.633935492620168
7.0,57.60270767,67.54533353737983,-9.942625867379832
6.0,96.76671682,66.70795354866118,30.05876327133882
7.0,77.39416894,67.54533353737983,9.848835402620168
4.0,81.9397258,65.03319357122388,16.90653222877613
3.0,78.49593958,64.19581358250524,14.30012599749476
5.0,47.61014854,65.87057355994253,-18.26042501994253
7.0,95.70971305,67.54533353737983,28.164379512620172
3.0,87.76286251,64.19581358250524,23.567048927494767
9.0,35.75781836,69.22009351481712,-33.46227515481712
5.0,98.59757938,65.87057355994253,32.72700582005747
2.5,25.42919289,63.77712358814591,-38.347930698145916
5.0,26.61563241,65.87057355994253,-39.254941149942525
6.0,97.16422987,66.70795354866118,30.45627632133882
3.5,80.06454613,64.61450357686456,15.450042553135432
5.0,89.08233245,65.87057355994253,23.211758890057467
0.0,71.50224257,61.68367361634929,9.818568953650718
7.0,49.78650358,67.54533353737983,-17.75882995737983
2.0,27.32900004,63.358433593786586,-36.02943355378659
4.0,45.33714908,65.03319357122388,-19.696044491223873
8.0,97.68724399,68.38271352609847,29.30453046390153
3.0,23.08802688,64.19581358250524,-41.10778670250524
6.0,90.37184496,66.70795354866118,23.663891411338824
7.0,68.87086388,67.54533353737983,1.3255303426201692
4.0,84.15086309,65.03319357122388,19.117669518776125
1.5,77.27245919,62.93974359942726,14.332715590572747
5.0,95.65064997,65.87057355994253,29.780076410057475
8.0,98.2561208,68.38271352609847,29.873407273901535
7.0,99.73973108,67.54533353737983,32.194397542620166
5.0,26.38837509,65.87057355994253,-39.48219846994253
3.5,94.18182268,64.61450357686456,29.567319103135432
5.0,63.48927185,65.87057355994253,-2.3813017099425267
5.0,25.61355879,65.87057355994253,-40.25701476994253
1.5,23.90166614,62.93974359942726,-39.03807745942726
3.5,83.20342931,64.61450357686456,18.58892573313544
4.5,47.24873407,65.4518835655832,-18.203149495583204
7.0,72.79561651,67.54533353737983,5.25028297262017
1.0,73.9888078,62.521053605067934,11.46775419493207
4.0,63.79127104,65.03319357122388,-1.241922531223878
3.5,48.61485744,64.61450357686456,-15.999646136864563
4.5,68.25363425,65.4518835655832,2.8017506844168025
6.0,44.35698162,66.70795354866118,-22.35097192866118
1.0,9.961208448,62.521053605067934,-52.55984515706793
6.0,43.38387385,66.70795354866118,-23.32407969866118
0.5,87.60221101,62.102363610708615,25.49984739929139
3.0,54.64792215,64.19581358250524,-9.547891432505239
3.0,60.76861032,64.19581358250524,-3.4272032625052375
8.0,50.50283383,68.38271352609847,-17.87987969609847
1.5,49.18474233,62.93974359942726,-13.755001269427261
2.5,31.63999593,63.77712358814591,-32.137127658145914
6.0,69.77678882,66.70795354866118,3.0688352713388127
4.0,79.21907392,65.03319357122388,14.185880348776124
3.5,31.96067893,64.61450357686456,-32.653824646864564
3.0,39.30780725,64.19581358250524,-24.888006332505235
2.0,47.25298589,63.358433593786586,-16.105447703786588
3.0,87.80684545,64.19581358250524,23.61103186749476
2.0,89.23253452,63.358433593786586,25.874100926213416
7.0,14.85540624,67.54533353737983,-52.68992729737983
2.5,70.79270495,63.77712358814591,7.015581361854089
1.5,23.83152556,62.93974359942726,-39.10821803942726
6.0,84.59670673,66.70795354866118,17.888753181338814
9.0,32.33683618,69.22009351481712,-36.883257334817124
9.0,62.50822186,69.22009351481712,-6.7118716548171236
2.5,96.08247322,63.77712358814591,32.305349631854085
1.0,95.96968872,62.521053605067934,33.44863511493206
5.0,79.21086246,65.87057355994253,13.340288900057473
0.0,95.96968872,61.68367361634929,34.286015103650705
8.0,84.80186567,68.38271352609847,16.419152143901528
4.5,98.43021471,65.4518835655832,32.9783311444168
3.5,21.39839945,64.61450357686456,-43.216104126864565
3.5,95.35936613,64.61450357686456,30.744862553135434
7.0,32.2978179,67.54533353737983,-35.247515637379834
1.0,97.54438547,62.521053605067934,35.02333186493206
2.0,50.642691,63.358433593786586,-12.715742593786587
3.0,96.18066632,64.19581358250524,31.984852737494762
3.0,72.98083347,64.19581358250524,8.785019887494755
4.0,46.48345897,65.03319357122388,-18.549734601223875
3.0,11.03574531,64.19581358250524,-53.16006827250524
7.0,38.18531901,67.54533353737983,-29.360014527379832
3.0,17.21244391,64.19581358250524,-46.98336967250523
5.5,74.72220037,66.28926355430185,8.432936815698142
0.0,51.99882236,61.68367361634929,-9.68485125634929
7.0,87.37254389,67.54533353737983,19.82721035262017
6.0,2.378502745,66.70795354866118,-64.32945080366117
3.0,19.64801236,64.19581358250524,-44.54780122250524
5.0,17.57936474,65.87057355994253,-48.291208819942526
10.0,99.91518931,70.05747350353577,29.857715806464228
6.0,67.66135662,66.70795354866118,0.9534030713388262
5.0,73.71563971,65.87057355994253,7.845066150057477
5.5,88.31205805,66.28926355430185,22.02279449569815
2.0,98.05486199,63.358433593786586,34.69642839621342
6.0,96.65742271,66.70795354866118,29.949469161338826
1.0,76.12920997,62.521053605067934,13.608156364932071
5.0,65.45070989,65.87057355994253,-0.4198636699425293
3.5,88.24511111,64.61450357686456,23.630607533135432
6.0,35.75781836,66.70795354866118,-30.95013518866118
10.0,19.12902502,70.05747350353577,-50.928448483535774
10.0,94.23905608,70.05747350353577,24.181582576464223
0.0,64.9623322,61.68367361634929,3.278658583650717
2.0,88.98949561,63.358433593786586,25.63106201621342
9.0,63.68390278,69.22009351481712,-5.536190734817126
10.0,93.26943276,70.05747350353577,23.211959256464226
5.0,84.74197212,65.87057355994253,18.87139856005747
6.0,31.08786145,66.70795354866118,-35.62009209866118
4.0,43.94501206,65.03319357122388,-21.088181511223873
10.0,79.64453157,70.05747350353577,9.587058066464223
10.0,38.28337982,70.05747350353577,-31.774093683535774
6.0,99.182132,66.70795354866118,32.474178451338815
1.5,1.626257173,62.93974359942726,-61.31348642642726
10.0,98.98443611,70.05747350353577,28.92696260646423
6.0,67.38519263,66.70795354866118,0.6772390813388256
10.0,37.04327224,70.05747350353577,-33.014201263535774
0.0,33.25924879,61.68367361634929,-28.424424826349288
5.5,91.74867665,66.28926355430185,25.45941309569814
3.5,73.31068476,64.61450357686456,8.696181183135437
0.5,17.77635038,62.102363610708615,-44.32601323070861
2.0,92.52392873,63.358433593786586,29.16549513621341
8.0,85.0778139,68.38271352609847,16.695100373901525
3.0,98.0032503,64.19581358250524,33.80743671749477
5.0,71.26431623,65.87057355994253,5.3937426700574775
6.0,95.40179537,66.70795354866118,28.69384182133882
7.0,97.49863215,67.54533353737983,29.953298612620173
10.0,89.23519997,70.05747350353577,19.17772646646422
5.0,47.49270385,65.87057355994253,-18.37786970994253
5.0,90.8260758,65.87057355994253,24.95550224005747
4.5,96.80888656,65.4518835655832,31.357002994416803
7.0,27.19555899,67.54533353737983,-40.34977454737984
1.0,99.52566611,62.521053605067934,37.00461250493207
8.0,54.44058283,68.38271352609847,-13.942130696098474
0.0,83.60669867,61.68367361634929,21.92302505365071
2.0,97.66610716,63.358433593786586,34.30767356621341
4.5,64.17564147,65.4518835655832,-1.2762420955832
2.0,50.14851643,63.358433593786586,-13.209917163786585
4.0,98.27773264,65.03319357122388,33.24453906877612
5.0,43.19281437,65.87057355994253,-22.677759189942527
5.0,92.68923451,65.87057355994253,26.818660950057478
5.5,55.4146658,66.28926355430185,-10.874597754301853
5.0,62.79998575,65.87057355994253,-3.0705878099425306
4.0,68.28334828,65.03319357122388,3.2501547087761224
9.0,62.0399648,69.22009351481712,-7.180128714817123
4.0,47.66003889,65.03319357122388,-17.373154681223873
0.5,67.24002801,62.102363610708615,5.137664399291388
5.0,53.20245682,65.87057355994253,-12.668116739942526
10.0,80.50659742,70.05747350353577,10.44912391646423
5.0,92.63753821,65.87057355994253,26.766964650057474
9.0,87.43612772,69.22009351481712,18.21603420518288
2.5,88.17235737,63.77712358814591,24.39523378185409
6.0,69.13113635,66.70795354866118,2.4231828013388252
2.5,4.86964072,63.77712358814591,-58.90748286814591
4.0,76.4894434,65.03319357122388,11.456249828776123
4.0,98.25254459,65.03319357122388,33.21935101877612
4.0,89.02230612,65.03319357122388,23.98911254877612
10.0,99.27918252,70.05747350353577,29.22170901646423
10.0,83.22082473,70.05747350353577,13.16335122646423
1.5,84.47433409,62.93974359942726,21.53459049057274
3.0,89.78692125,64.19581358250524,25.591107667494768
5.5,78.17406712,66.28926355430185,11.88480356569815
5.0,94.55434257,65.87057355994253,28.683769010057475
7.0,47.57670396,67.54533353737983,-19.96862957737983
9.0,98.51412518,69.22009351481712,29.29403166518287
5.0,98.25254459,65.87057355994253,32.38197103005747
3.0,68.0682032,64.19581358250524,3.872389617494761
0.0,94.36735697,61.68367361634929,32.683683353650714
5.0,51.75407526,65.87057355994253,-14.116498299942528
8.0,95.60739374,68.38271352609847,27.224680213901536
2.5,51.62074,63.77712358814591,-12.156383588145914
5.0,96.93316821,65.87057355994253,31.062594650057477
7.0,84.15375532,67.54533353737983,16.60842178262017
9.0,86.05632028,69.22009351481712,16.83622676518287
4.5,95.80358104,65.4518835655832,30.351697474416795
10.0,93.27221205,70.05747350353577,23.21473854646422
6.0,93.62978955,66.70795354866118,26.921836001338818
8.0,50.61750479,68.38271352609847,-17.765208736098472
6.0,84.69244832,66.70795354866118,17.984494771338817
6.0,87.50167897,66.70795354866118,20.79372542133882
3.0,94.6470681,64.19581358250524,30.45125451749476
4.0,89.84845723,65.03319357122388,24.815263658776118
5.0,79.456875,65.87057355994253,13.586301440057468
4.0,94.57399674,65.03319357122388,29.540803168776122
0.5,75.01704032,62.102363610708615,12.914676709291392
2.0,56.4762692,63.358433593786586,-6.882164393786589
6.0,94.42406928,66.70795354866118,27.716115731338817
2.5,20.16159882,63.77712358814591,-43.61552476814592
2.5,89.13675181,63.77712358814591,25.359628221854095
3.0,24.7571985,64.19581358250524,-39.43861508250524
6.0,35.74176518,66.70795354866118,-30.96618836866118
6.0,84.52270324,66.70795354866118,17.814749691338818
4.0,34.47387616,65.03319357122388,-30.559317411223873
5.0,15.91302316,65.87057355994253,-49.95755039994253
3.0,99.38993618,64.19581358250524,35.19412259749477
4.0,72.25204943,65.03319357122388,7.218855858776124
4.0,69.54558992,65.03319357122388,4.512396348776122
4.0,65.31513573,65.03319357122388,0.2819421587761184
7.0,74.18674572,67.54533353737983,6.641412182620172
0.5,64.39459478,62.102363610708615,2.292231169291391
2.0,14.02708141,63.358433593786586,-49.331352183786585
8.0,82.92959778,68.38271352609847,14.546884253901524
8.0,64.39743808,68.38271352609847,-3.98527544609847
4.0,13.03647958,65.03319357122388,-51.99671399122388
4.0,92.0955763,65.03319357122388,27.06238272877613
8.0,96.44481699,68.38271352609847,28.062103463901536
4.0,79.93333423,65.03319357122388,14.900140658776124
8.0,98.58979204,68.38271352609847,30.207078513901536
6.0,96.10352146,66.70795354866118,29.395567911338816
10.0,23.90166614,70.05747350353577,-46.15580736353577
4.0,50.87045271,65.03319357122388,-14.162740861223874
6.0,53.91201918,66.70795354866118,-12.795934368661179
2.0,51.28932037,63.358433593786586,-12.069113223786587
1.5,75.39423481,62.93974359942726,12.45449121057274
3.0,70.84066228,64.19581358250524,6.644848697494766
8.0,40.79455963,68.38271352609847,-27.58815389609847
5.0,84.4582919,65.87057355994253,18.587718340057478
6.0,28.26930783,66.70795354866118,-38.43864571866118
5.5,84.80851839,66.28926355430185,18.51925483569815
6.0,63.68390278,66.70795354866118,-3.0240507686611835
3.0,78.31747374,64.19581358250524,14.121660157494759
6.0,40.28123287,66.70795354866118,-26.426720678661184
4.0,75.11573491,65.03319357122388,10.082541338776124
9.0,48.32468565,69.22009351481712,-20.895407864817123
2.0,82.18267485,63.358433593786586,18.824241256213412
7.0,22.22112875,67.54533353737983,-45.324204787379834
3.0,49.0050896,64.19581358250524,-15.19072398250524
0.5,10.130113,62.102363610708615,-51.97225061070861
3.0,87.0393965,64.19581358250524,22.843582917494757
7.0,98.65022745,67.54533353737983,31.10489391262017
3.5,96.70099421,64.61450357686456,32.08649063313544
5.0,61.19822944,65.87057355994253,-4.6723441199425295
6.0,91.63970234,66.70795354866118,24.93174879133882
5.0,88.86997588,65.87057355994253,22.99940232005747
4.0,65.91934353,65.03319357122388,0.8861499587761301
0.5,6.49459877,62.102363610708615,-55.60776484070861
1.5,97.30912817,62.93974359942726,34.369384570572734
5.0,93.41406557,65.87057355994253,27.543492010057477
1.0,67.16680562,62.521053605067934,4.6457520149320715
0.5,15.24215073,62.102363610708615,-46.860212880708616
4.0,13.36702833,65.03319357122388,-51.66616524122388
3.0,74.23946269,64.19581358250524,10.043649107494758
7.0,67.57774648,67.54533353737983,0.03241294262016936
8.0,42.06321618,68.38271352609847,-26.319497346098473
4.0,46.19583969,65.03319357122388,-18.837353881223876
3.0,90.96310485,64.19581358250524,26.767291267494755
2.0,88.53323553,63.358433593786586,25.174801936213413
10.0,70.12913428,70.05747350353577,0.07166077646422764
3.0,92.46529889,64.19581358250524,28.26948530749476
1.0,88.51068606,62.521053605067934,25.989632454932064
6.0,27.33160605,66.70795354866118,-39.376347498661175
1.5,77.26309932,62.93974359942726,14.323355720572735
4.0,55.4146658,65.03319357122388,-9.618527771223874
3.0,97.99507824,64.19581358250524,33.79926465749476
4.0,93.65518174,65.03319357122388,28.621988168776127
8.0,54.63077194,68.38271352609847,-13.751941586098468
6.0,58.54997123,66.70795354866118,-8.157982318661183
4.5,44.95735327,65.4518835655832,-20.494530295583203
5.0,52.12369341,65.87057355994253,-13.746880149942527
5.0,57.81886777,65.87057355994253,-8.051705789942531
3.0,61.12521977,64.19581358250524,-3.070593812505237
5.0,37.68568114,65.87057355994253,-28.18489241994253
4.0,22.22112875,65.03319357122388,-42.81206482122388
2.5,25.1051263,63.77712358814591,-38.67199728814592
1.5,92.43894051,62.93974359942726,29.499196910572735
1.5,81.09092045,62.93974359942726,18.15117685057274
3.0,65.59859256,64.19581358250524,1.402778977494762
6.0,19.47297454,66.70795354866118,-47.234979008661185
2.5,48.88769982,63.77712358814591,-14.88942376814591
6.0,61.69382467,66.70795354866118,-5.014128878661182
5.0,86.11772984,65.87057355994253,20.247156280057467
2.0,30.94360622,63.358433593786586,-32.414827373786586
3.0,86.11772984,64.19581358250524,21.921916257494757
3.0,1.776727028,64.19581358250524,-62.419086554505235
5.0,86.11772984,65.87057355994253,20.247156280057467
0.5,67.65550199,62.102363610708615,5.55313837929139
1.0,98.22097689,62.521053605067934,35.69992328493207
0.5,96.08088172,62.102363610708615,33.97851810929138
4.0,77.50875462,65.03319357122388,12.475561048776129
1.0,47.81069547,62.521053605067934,-14.710358135067935
2.5,80.06454613,63.77712358814591,16.287422541854085
4.0,90.08789852,65.03319357122388,25.05470494877612
2.0,38.84735987,63.358433593786586,-24.511073723786588
4.0,52.67438769,65.03319357122388,-12.358805881223873
2.5,45.87527465,63.77712358814591,-17.90184893814591
4.0,85.9657027,65.03319357122388,20.93250912877612
4.0,81.07986622,65.03319357122388,16.046672648776124
6.0,21.86324451,66.70795354866118,-44.84470903866118
3.0,59.66409628,64.19581358250524,-4.5317173025052355
6.0,84.19463662,66.70795354866118,17.486683071338817
5.0,83.06926617,65.87057355994253,17.198692610057478
2.5,68.13632888,63.77712358814591,4.359205291854082
1.5,45.33714908,62.93974359942726,-17.602594519427257
1.5,49.77242944,62.93974359942726,-13.167314159427256
9.0,98.74065811,69.22009351481712,29.520564595182876
4.0,47.28464354,65.03319357122388,-17.74855003122388
1.0,19.7637692,62.521053605067934,-42.757284405067935
6.0,60.79994057,66.70795354866118,-5.9080129786611835
2.0,46.5812907,63.358433593786586,-16.77714289378659
2.5,72.71452301,63.77712358814591,8.937399421854082
1.5,21.39839945,62.93974359942726,-41.54134414942726
6.0,86.60972573,66.70795354866118,19.901772181338814
4.0,98.59515446,65.03319357122388,33.56196088877613
2.0,68.33176627,63.358433593786586,4.973332676213417
6.0,83.38004367,66.70795354866118,16.672090121338826
3.0,16.00966847,64.19581358250524,-48.18614511250524
1.0,84.62919716,62.521053605067934,22.10814355493207
2.0,50.27447135,63.358433593786586,-13.083962243786587
2.5,6.480710021,63.77712358814591,-57.29641356714591
4.0,83.80883117,65.03319357122388,18.77563759877613
1.0,8.219477758,62.521053605067934,-54.30157584706794
1.0,69.91124718,62.521053605067934,7.39019357493207
5.0,58.53747904,65.87057355994253,-7.333094519942527
1.5,35.69459997,62.93974359942726,-27.24514362942726
3.0,89.73707189,64.19581358250524,25.541258307494758
0.5,30.79057223,62.102363610708615,-31.311791380708616
0.5,7.097946712,62.102363610708615,-55.00441689870861
1.5,48.70332794,62.93974359942726,-14.236415659427259
0.0,34.78983709,61.68367361634929,-26.89383652634929
5.0,98.93974214,65.87057355994253,33.06916858005748
2.0,70.67451976,63.358433593786586,7.31608616621341
4.5,80.08049978,65.4518835655832,14.628616214416795
4.0,47.24873407,65.03319357122388,-17.78445950122388
1.0,64.41533346,62.521053605067934,1.8942798549320656
1.5,52.03783328,62.93974359942726,-10.901910319427259
1.5,73.77661547,62.93974359942726,10.836871870572736
3.0,92.46823785,64.19581358250524,28.272424267494756
6.0,79.92192149,66.70795354866118,13.213967941338822
2.5,97.42510515,63.77712358814591,33.64798156185408
3.5,87.46561902,64.61450357686456,22.85111544313544
5.0,87.12890032,65.87057355994253,21.25832676005747
2.5,30.14155853,63.77712358814591,-33.635565058145914
0.0,65.2420533,61.68367361634929,3.5583796836507062
10.0,46.34039738,70.05747350353577,-23.717076123535776
4.0,25.66497134,65.03319357122388,-39.368222231223875
3.5,72.97332517,64.61450357686456,8.358821593135431
1.0,54.04791735,62.521053605067934,-8.473136255067935
3.5,52.00817272,64.61450357686456,-12.606330856864567
6.0,53.218169,66.70795354866118,-13.489784548661177
2.0,31.72624599,63.358433593786586,-31.632187603786587
3.0,38.7293577,64.19581358250524,-25.466455882505237
3.0,63.79127104,64.19581358250524,-0.40454254250524
4.0,81.39556377,65.03319357122388,16.36237019877612
7.0,99.88121871,67.54533353737983,32.335885172620166
1.0,94.79049664,62.521053605067934,32.26944303493207
5.0,94.25583977,65.87057355994253,28.385266210057466
1.0,99.65520391,62.521053605067934,37.134150304932064
8.0,60.9709885,68.38271352609847,-7.411725026098473
4.0,87.50130417,65.03319357122388,22.46811059877612
5.0,37.32827562,65.87057355994253,-28.54229793994253
3.0,93.70593285,64.19581358250524,29.51011926749476
5.0,74.77496983,65.87057355994253,8.904396270057475
7.0,97.32805378,67.54533353737983,29.782720242620172
3.0,96.24281682,64.19581358250524,32.04700323749476
5.0,93.36476428,65.87057355994253,27.494190720057475
7.0,98.48597526,67.54533353737983,30.94064172262017
5.5,82.19258456,66.28926355430185,15.903321005698146
2.5,80.83682069,63.77712358814591,17.059697101854084
0.5,19.71790565,62.102363610708615,-42.384457960708616
8.0,65.45070989,68.38271352609847,-2.9320036360984716
6.0,85.96959804,66.70795354866118,19.261644491338814
10.0,98.04566662,70.05747350353577,27.98819311646423
7.0,86.8586048,67.54533353737983,19.313271262620162
1.0,86.28807602,62.521053605067934,23.76702241493207
10.0,72.98083347,70.05747350353577,2.9233599664642185
0.0,93.04692328,61.68367361634929,31.363249663650713
1.5,50.9578953,62.93974359942726,-11.981848299427263
1.0,85.86746915,62.521053605067934,23.34641554493207
1.5,97.1952162,62.93974359942726,34.255472600572745
1.5,93.61612834,62.93974359942726,30.676384740572743
7.0,93.65518174,67.54533353737983,26.10984820262017
4.0,94.30345823,65.03319357122388,29.270264658776128
5.0,65.34613527,65.87057355994253,-0.5244382899425233
2.5,67.33594521,63.77712358814591,3.5588216218540936
5.0,97.16639571,65.87057355994253,31.295822150057475
2.5,50.10948386,63.77712358814591,-13.667639728145915
6.0,99.21827645,66.70795354866118,32.510322901338824
2.5,61.46573111,63.77712358814591,-2.311392478145912
1.5,91.40520017,62.93974359942726,28.46545657057274
1.5,86.94086538,62.93974359942726,24.001121780572745
10.0,95.09190628,70.05747350353577,25.03443277646423
7.0,99.66104232,67.54533353737983,32.115708782620175
1.5,71.24184164,62.93974359942726,8.302098040572744
3.0,69.25493117,64.19581358250524,5.059117587494768
4.0,92.1025695,65.03319357122388,27.069375928776125
5.0,64.190758,65.87057355994253,-1.6798155599425257
3.0,51.32765319,64.19581358250524,-12.868160392505239
2.0,14.23172896,63.358433593786586,-49.12670463378659
1.0,75.42161697,62.521053605067934,12.900563364932069
8.0,8.799607158,68.38271352609847,-59.58310636809847
6.0,74.51815142,66.70795354866118,7.810197871338815
4.5,53.68218412,65.4518835655832,-11.7696994455832
5.5,52.78856902,66.28926355430185,-13.500694534301857
8.0,14.88322354,68.38271352609847,-53.49948998609847
6.0,78.57310447,66.70795354866118,11.865150921338824
5.5,90.90841454,66.28926355430185,24.61915098569814
3.5,69.82409651,64.61450357686456,5.20959293313544
1.5,94.28594866,62.93974359942726,31.346205060572743
4.5,98.8000269,65.4518835655832,33.348143334416804
4.0,98.87584112,65.03319357122388,33.84264754877613
5.0,50.16453462,65.87057355994253,-15.70603893994253
3.5,70.2948453,64.61450357686456,5.680341723135442
5.0,51.72230403,65.87057355994253,-14.148269529942532
7.0,79.64453157,67.54533353737983,12.099198032620166
1.5,62.18674919,62.93974359942726,-0.7529944094272594
0.5,44.48848749,62.102363610708615,-17.613876120708618
1.5,0.503654212,62.93974359942726,-62.43608938742726
3.0,11.36765591,64.19581358250524,-52.82815767250524
8.0,82.5405866,68.38271352609847,14.157873073901527
5.5,91.6123508,66.28926355430185,25.323087245698147
1.0,95.74178272,62.521053605067934,33.22072911493207
5.0,67.16680562,65.87057355994253,1.296232060057477
5.0,72.40481299,65.87057355994253,6.534239430057468
0.0,46.63367372,61.68367361634929,-15.049999896349291
4.0,41.27467153,65.03319357122388,-23.758522041223877
1.5,86.16237236,62.93974359942726,23.222628760572746
4.0,99.24681841,65.03319357122388,34.21362483877613
4.5,87.8322351,65.4518835655832,22.380351534416803
3.0,60.37094182,64.19581358250524,-3.8248717625052393
3.0,21.37911604,64.19581358250524,-42.81669754250524
4.0,84.67610222,65.03319357122388,19.642908648776128
2.0,52.00817272,63.358433593786586,-11.350260873786588
2.5,92.02129979,63.77712358814591,28.24417620185409
2.5,29.25577274,63.77712358814591,-34.521350848145914
7.0,99.33349361,67.54533353737983,31.788160072620173
4.0,67.16680562,65.03319357122388,2.133612048776129
6.0,38.4571486,66.70795354866118,-28.250804948661184
4.0,75.5197622,65.03319357122388,10.486568628776126
4.0,30.82078303,65.03319357122388,-34.212410541223875
10.0,17.34490983,70.05747350353577,-52.712563673535776
3.0,54.76825471,64.19581358250524,-9.427558872505237
3.5,80.81501736,64.61450357686456,16.200513783135435
6.0,26.04781219,66.70795354866118,-40.66014135866118
4.0,99.1147637,65.03319357122388,34.08157012877612
1.5,45.29045811,62.93974359942726,-17.649285489427257
1.0,81.94224698,62.521053605067934,19.42119337493206
5.5,82.96083327,66.28926355430185,16.67156971569814
2.0,99.38020434,63.358433593786586,36.02177074621342
2.5,90.98325619,63.77712358814591,27.206132601854094
7.0,96.71446852,67.54533353737983,29.169134982620164
2.0,47.98534092,63.358433593786586,-15.373092673786587
1.0,25.24757086,62.521053605067934,-37.27348274506794
5.0,90.12912265,65.87057355994253,24.25854909005747
5.0,98.74355015,65.87057355994253,32.872976590057476
6.0,74.10960037,66.70795354866118,7.401646821338815
5.0,82.64822601,65.87057355994253,16.777652450057474
5.0,75.23984427,65.87057355994253,9.369270710057478
10.0,51.75407526,70.05747350353577,-18.303398243535774
5.0,81.16568453,65.87057355994253,15.295110970057465
4.0,92.1025695,65.03319357122388,27.069375928776125
3.5,50.280802,64.61450357686456,-14.333701576864563
1.0,91.80411399,62.521053605067934,29.28306038493207
2.5,41.16151426,63.77712358814591,-22.615609328145915
0.5,53.76212479,62.102363610708615,-8.340238820708613
6.0,33.68131573,66.70795354866118,-33.02663781866118
2.5,92.26251615,63.77712358814591,28.485392561854084
8.0,58.07262747,68.38271352609847,-10.31008605609847
8.0,23.68951218,68.38271352609847,-44.69320134609847
2.5,73.87758954,63.77712358814591,10.10046595185409
4.0,49.51043175,65.03319357122388,-15.522761821223874
1.5,63.43400792,62.93974359942726,0.4942643205727393
1.0,79.37279924,62.521053605067934,16.851745634932072
2.5,79.56062473,63.77712358814591,15.783501141854089
3.5,44.91365764,64.61450357686456,-19.700845936864567
2.0,96.2739447,63.358433593786586,32.915511106213415
5.0,40.05564445,65.87057355994253,-25.814929109942526
4.0,98.87584112,65.03319357122388,33.84264754877613
6.0,77.00916842,66.70795354866118,10.301214871338814
2.5,5.59090431,63.77712358814591,-58.18621927814591
3.0,7.644537477,64.19581358250524,-56.55127610550524
0.5,92.10805787,62.102363610708615,30.00569425929138
3.0,45.84835334,64.19581358250524,-18.347460242505235
3.0,61.69382467,64.19581358250524,-2.50198891250524
4.0,53.04799701,65.03319357122388,-11.985196561223873
5.0,75.01704032,65.87057355994253,9.146466760057478
1.0,63.62393402,62.521053605067934,1.1028804149320663
2.5,84.95448835,63.77712358814591,21.177364761854093
0.5,49.00922443,62.102363610708615,-13.093139180708611
3.0,93.8974971,64.19581358250524,29.701683517494757
6.0,83.85654626,66.70795354866118,17.14859271133882
1.5,62.8727162,62.93974359942726,-0.06702739942726055
3.0,45.37329807,64.19581358250524,-18.82251551250524
7.0,94.85754834,67.54533353737983,27.31221480262016
2.5,50.9578953,63.77712358814591,-12.819228288145915
3.0,53.35115646,64.19581358250524,-10.84465712250524
4.0,99.04684809,65.03319357122388,34.01365451877612
3.0,75.82198411,64.19581358250524,11.626170527494764
8.0,46.5812907,68.38271352609847,-21.801422826098474
7.0,91.61110991,67.54533353737983,24.065776372620164
1.5,90.37184496,62.93974359942726,27.432101360572744
3.5,99.09223361,64.61450357686456,34.47773003313543
3.0,66.74525704,64.19581358250524,2.5494434574947604
2.5,98.60776394,63.77712358814591,34.830640351854086
8.0,76.16067723,68.38271352609847,7.777963703901534
5.0,91.76883047,65.87057355994253,25.89825691005747
9.0,97.79360758,69.22009351481712,28.573514065182877
4.0,93.19114022,65.03319357122388,28.157946648776118
4.0,75.68396476,65.03319357122388,10.650771188776119
10.0,2.624562084,70.05747350353577,-67.43291141953577
8.0,76.17136869,68.38271352609847,7.788655163901524
8.0,62.14172597,68.38271352609847,-6.240987556098467
7.0,85.86746891,67.54533353737983,18.322135372620167
2.0,92.23015922,63.358433593786586,28.87172562621342
2.0,63.50973543,63.358433593786586,0.1513018362134133
4.0,87.96821881,65.03319357122388,22.93502523877612
5.0,48.82355055,65.87057355994253,-17.047023009942528
5.0,15.52806328,65.87057355994253,-50.34251027994253
3.5,53.96737126,64.61450357686456,-10.647132316864564
5.0,64.5531683,65.87057355994253,-1.3174052599425323
4.0,74.74124853,65.03319357122388,9.708054958776117
1.0,96.72530291,62.521053605067934,34.20424930493206
1.0,92.1853654,62.521053605067934,29.66431179493206
5.0,26.99633511,65.87057355994253,-38.874238449942524
6.0,83.95952719,66.70795354866118,17.251573641338823
5.0,12.67495059,65.87057355994253,-53.19562296994253
2.5,19.66638439,63.77712358814591,-44.11073919814591
2.5,64.30723303,63.77712358814591,0.5301094418540941
1.5,54.98990354,62.93974359942726,-7.94984005942726
5.5,75.31505964,66.28926355430185,9.025796085698147
8.0,8.219477758,68.38271352609847,-60.163235768098474
0.0,21.293857,61.68367361634929,-40.38981661634929
7.0,96.53523261,67.54533353737983,28.98989907262016
1.5,79.30626093,62.93974359942726,16.366517330572734
2.0,15.53240804,63.358433593786586,-47.826025553786586
1.5,77.20364961,62.93974359942726,14.26390601057274
1.5,88.10799552,62.93974359942726,25.168251920572743
1.5,15.53240804,62.93974359942726,-47.40733555942726
0.0,91.79155426,61.68367361634929,30.10788064365071
1.5,42.28388655,62.93974359942726,-20.65585704942726
1.0,67.52847944,62.521053605067934,5.007425834932064
3.0,36.04892235,64.19581358250524,-28.14689123250524
2.0,97.44518509,63.358433593786586,34.08675149621341
2.0,48.88422202,63.358433593786586,-14.474211573786583
4.0,69.91124718,65.03319357122388,4.878053608776128
10.0,93.68544446,70.05747350353577,23.627970956464225
2.0,53.65661966,63.358433593786586,-9.701813933786589
0.0,36.46577286,61.68367361634929,-25.217900756349287
4.0,84.54239215,65.03319357122388,19.50919857877612
0.5,10.1266046,62.102363610708615,-51.975759010708614
10.0,90.92725345,70.05747350353577,20.86977994646422
4.5,64.22682777,65.4518835655832,-1.2250557955832022
8.0,64.26150224,68.38271352609847,-4.121211286098472
4.0,78.49593958,65.03319357122388,13.462746008776122
7.0,87.50167897,67.54533353737983,19.956345432620168
8.0,86.88318958,68.38271352609847,18.500476053901536
1.0,96.54854112,62.521053605067934,34.02748751493206
1.5,57.565051,62.93974359942726,-5.374692599427263
9.0,99.04029331,69.22009351481712,29.820199795182873
10.0,91.97158547,70.05747350353577,21.91411196646422
10.0,94.92533568,70.05747350353577,24.86786217646423
4.0,68.73980755,65.03319357122388,3.7066139787761188
9.0,74.10960037,69.22009351481712,4.889506855182873
10.0,87.12890032,70.05747350353577,17.071426816464225
6.0,85.22289714,66.70795354866118,18.51494359133882
5.0,63.48927185,65.87057355994253,-2.3813017099425267
5.0,99.45972584,65.87057355994253,33.589152280057476
1.5,9.162769583,62.93974359942726,-53.77697401642726
5.0,49.47628515,65.87057355994253,-16.394288409942526
3.0,99.53580664,64.19581358250524,35.339993057494766
1.5,92.62027788,62.93974359942726,29.680534280572743
7.0,84.4582919,67.54533353737983,16.912958362620174
5.0,95.23595706,65.87057355994253,29.365383500057476
1.0,98.13949904,62.521053605067934,35.61844543493207
10.0,95.09190628,70.05747350353577,25.03443277646423
6.0,21.04922161,66.70795354866118,-45.65873193866118
9.0,28.59861823,69.22009351481712,-40.62147528481712
3.5,81.05888628,64.61450357686456,16.44438270313543
6.0,13.08187583,66.70795354866118,-53.62607771866118
6.0,90.07760085,66.70795354866118,23.369647301338816
6.0,79.30626093,66.70795354866118,12.598307381338813
10.0,67.33594521,70.05747350353577,-2.721528293535769
2.0,72.03344585,63.358433593786586,8.67501225621342
6.0,94.50947803,66.70795354866118,27.801524481338816
8.0,98.97194437,68.38271352609847,30.589230843901532
3.0,75.39750092,64.19581358250524,11.20168733749476
4.5,96.84121125,65.4518835655832,31.3893276844168
6.0,44.4441058,66.70795354866118,-22.263847748661178
7.0,92.52885667,67.54533353737983,24.983523132620164
8.0,92.23355665,68.38271352609847,23.850843123901527
4.0,58.96570164,65.03319357122388,-6.067491931223877
7.0,69.13113635,67.54533353737983,1.585802812620173
10.0,11.09176584,70.05747350353577,-58.965707663535774
5.5,84.6352454,66.28926355430185,18.345981845698148
5.0,98.85957002,65.87057355994253,32.98899646005748
8.0,70.24465288,68.38271352609847,1.8619393539015334
4.0,71.78970487,65.03319357122388,6.756511298776118
7.0,98.65089869,67.54533353737983,31.105565152620173
9.0,62.81069922,69.22009351481712,-6.409394294817126
6.0,26.9005613,66.70795354866118,-39.80739224866118
3.0,86.48349966,64.19581358250524,22.28768607749477
4.0,85.72136293,65.03319357122388,20.688169358776122
5.5,2.286363367,66.28926355430185,-64.00290018730186
5.0,56.57127809,65.87057355994253,-9.299295469942528
2.5,78.65686342,63.77712358814591,14.879739831854081
10.0,0.026211131,70.05747350353577,-70.03126237253578
7.0,83.68644276,67.54533353737983,16.141109222620173
8.0,57.43695893,68.38271352609847,-10.945754596098467
3.0,63.50973543,64.19581358250524,-0.6860781525052388
9.0,21.45872612,69.22009351481712,-47.76136739481712
8.0,83.38854727,68.38271352609847,15.005833743901533
5.0,85.79574336,65.87057355994253,19.925169800057475
7.0,94.14135345,67.54533353737983,26.596019912620164
7.0,23.55082228,67.54533353737983,-43.994511257379834
10.0,95.18513861,70.05747350353577,25.12766510646422
3.0,50.15080785,64.19581358250524,-14.045005732505238
10.0,92.96470615,70.05747350353577,22.907232646464223
3.0,80.05711002,64.19581358250524,15.861296437494758
4.0,55.37197011,65.03319357122388,-9.661223461223877
4.0,88.56249049,65.03319357122388,23.529296918776126
3.0,77.00916842,64.19581358250524,12.813354837494757
4.0,24.05827741,65.03319357122388,-40.974916161223874
2.5,90.08907671,63.77712358814591,26.31195312185409
3.0,80.90775091,64.19581358250524,16.711937327494766
1.5,38.18531901,62.93974359942726,-24.75442458942726
3.0,67.69790814,64.19581358250524,3.5020945574947575
5.0,0.758042583,65.87057355994253,-65.11253097694252
9.0,94.60980443,69.22009351481712,25.389710915182874
5.0,35.90122522,65.87057355994253,-29.969348339942528
4.5,99.7566015,65.4518835655832,34.3047179344168
3.0,42.12549278,64.19581358250524,-22.070320802505236
0.0,94.94234738,61.68367361634929,33.25867376365071
4.0,96.84121125,65.03319357122388,31.808017678776125
2.0,85.51397282,63.358433593786586,22.15553922621342
10.0,98.06886403,70.05747350353577,28.011390526464226
10.0,96.77896014,70.05747350353577,26.72148663646422
4.0,99.01946127,65.03319357122388,33.98626769877612
2.0,11.10635724,63.358433593786586,-52.252076353786585
3.5,91.66386894,64.61450357686456,27.049365363135436
2.5,99.61536566,63.77712358814591,35.83824207185408
0.0,73.93420889,61.68367361634929,12.250535273650705
2.5,14.40031342,63.77712358814591,-49.37681016814591
4.0,99.57304359,65.03319357122388,34.53985001877612
2.0,89.46125467,63.358433593786586,26.102821076213417
2.0,94.7341053,63.358433593786586,31.37567170621341
1.0,91.37213064,62.521053605067934,28.85107703493206
3.0,93.27221205,64.19581358250524,29.076398467494755
1.0,63.79127104,62.521053605067934,1.2702174349320643
6.0,47.13837771,66.70795354866118,-19.56957583866118
4.0,1.173224413,65.03319357122388,-63.859969158223876
5.0,44.91365764,65.87057355994253,-20.95691591994253
5.0,73.05961868,65.87057355994253,7.189045120057472
0.0,60.08886446,61.68367361634929,-1.5948091563492852
1.0,94.44615112,62.521053605067934,31.925097514932062
4.0,23.81912584,65.03319357122388,-41.21406773122388
7.0,70.40604141,67.54533353737983,2.860707872620168
5.5,42.28388655,66.28926355430185,-24.005377004301856
0.5,80.03451599,62.102363610708615,17.932152379291388
1.0,97.21948265,62.521053605067934,34.69842904493207
3.5,94.79049664,64.61450357686456,30.175993063135437
5.0,87.19251087,65.87057355994253,21.32193731005748
5.0,33.17546115,65.87057355994253,-32.69511240994253
6.0,81.30574941,66.70795354866118,14.597795861338824
8.0,91.02440254,68.38271352609847,22.641689013901527
6.0,52.08583923,66.70795354866118,-14.622114318661183
2.0,69.90936567,63.358433593786586,6.550932076213414
1.5,60.42147903,62.93974359942726,-2.5182645694272594
4.0,70.84066228,65.03319357122388,5.807468708776128
1.5,69.88557207,62.93974359942726,6.945828470572735
1.0,26.68936925,62.521053605067934,-35.831684355067935
1.5,79.68545682,62.93974359942726,16.74571322057274
3.5,30.05780971,64.61450357686456,-34.55669386686456
2.5,17.21244391,63.77712358814591,-46.56467967814591
2.0,74.45590053,63.358433593786586,11.097466936213408
1.5,72.60095123,62.93974359942726,9.661207630572747
1.0,86.52052376,62.521053605067934,23.99947015493207
3.0,82.1659813,64.19581358250524,17.97016771749476
3.0,47.66003889,64.19581358250524,-16.535774692505235
6.0,76.74564688,66.70795354866118,10.037693331338815
2.0,70.57774417,63.358433593786586,7.219310576213417
0.5,17.74504799,62.102363610708615,-44.35731562070862
0.5,25.70763057,62.102363610708615,-36.394733040708616
5.0,50.9578953,65.87057355994253,-14.912678259942531
0.5,19.71790565,62.102363610708615,-42.384457960708616
6.0,37.60087813,66.70795354866118,-29.107075418661182
1.0,64.96446681,62.521053605067934,2.443413204932071
3.5,96.83911268,64.61450357686456,32.224609103135435
2.5,80.60917805,63.77712358814591,16.832054461854085
1.5,63.94021415,62.93974359942726,1.000470550572743
0.0,93.80698139,61.68367361634929,32.123307773650716
2.0,79.68545682,63.358433593786586,16.327023226213413
0.5,97.91385948,62.102363610708615,35.811495869291385
4.0,75.55951588,65.03319357122388,10.52632230877613
8.0,86.63046297,68.38271352609847,18.247749443901526
7.0,63.94021415,67.54533353737983,-3.6051193873798297
2.5,96.39064078,63.77712358814591,32.613517191854086
6.0,84.69869562,66.70795354866118,17.990742071338815
5.0,87.89933447,65.87057355994253,22.02876091005747
5.0,0.812224894,65.87057355994253,-65.05834866594253
3.0,97.11438355,64.19581358250524,32.91856996749476
1.0,77.43637316,62.521053605067934,14.915319554932069
5.0,98.95719794,65.87057355994253,33.08662438005747
1.0,56.78263318,62.521053605067934,-5.738420425067936
6.0,24.19083228,66.70795354866118,-42.517121268661185
3.0,28.81386159,64.19581358250524,-35.381951992505236
0.5,96.07217889,62.102363610708615,33.96981527929139
1.0,79.94321014,62.521053605067934,17.42215653493207
6.0,19.12902502,66.70795354866118,-47.57892852866118
5.0,20.67025402,65.87057355994253,-45.20031953994253
7.0,91.6123508,67.54533353737983,24.06701726262017
1.0,53.14640872,62.521053605067934,-9.374644885067937
4.0,30.33526448,65.03319357122388,-34.69792909122388
1.5,92.75239448,62.93974359942726,29.812650880572747
4.0,45.84835334,65.03319357122388,-19.184840231223873
1.0,65.01123559,62.521053605067934,2.4901819849320646
3.0,38.39708658,64.19581358250524,-25.798727002505238
9.0,84.46222906,69.22009351481712,15.242135545182876
2.5,36.09086758,63.77712358814591,-27.68625600814591
3.5,31.54545269,64.61450357686456,-33.06905088686456
3.0,86.98977284,64.19581358250524,22.793959257494762
2.5,80.23979021,63.77712358814591,16.462666621854083
10.0,97.76629197,70.05747350353577,27.708818466464223
2.5,72.97464678,63.77712358814591,9.197523191854089
9.0,68.97887206,69.22009351481712,-0.2412214548171221
7.0,73.71563971,67.54533353737983,6.1703061726201724
3.0,29.50082962,64.19581358250524,-34.69498396250523
1.5,96.18504314,62.93974359942726,33.245299540572745
2.0,54.04791735,63.358433593786586,-9.310516243786587
2.5,39.46630825,63.77712358814591,-24.310815338145915
2.5,90.13633248,63.77712358814591,26.35920889185408
2.0,24.92124987,63.358433593786586,-38.43718372378659
0.5,91.60778436,62.102363610708615,29.505420749291382
4.0,84.91883956,65.03319357122388,19.88564598877612
3.5,61.53228426,64.61450357686456,-3.082219316864567
1.5,79.58428705,62.93974359942726,16.64454345057274
5.0,60.77700861,65.87057355994253,-5.093564949942525
1.5,69.88257682,62.93974359942726,6.942833220572737
0.5,39.89788004,62.102363610708615,-22.204483570708618
5.0,99.25517977,65.87057355994253,33.38460621005747
2.0,13.94401237,63.358433593786586,-49.41442122378659
7.0,47.27609887,67.54533353737983,-20.269234667379834
3.0,78.10688836,64.19581358250524,13.911074777494761
1.0,9.503229731,62.521053605067934,-53.017823874067936
7.0,98.6614814,67.54533353737983,31.116147862620167
3.0,97.37986267,64.19581358250524,33.184049087494756
4.0,90.10083402,65.03319357122388,25.067640448776118
2.5,61.14957554,63.77712358814591,-2.6275480481459113
6.0,76.32444601,66.70795354866118,9.616492461338822
3.5,95.37339994,64.61450357686456,30.758896363135435
6.0,99.25064592,66.70795354866118,32.542692371338816
2.5,11.43915442,63.77712358814591,-52.33796916814591
3.5,55.68597478,64.61450357686456,-8.928528796864562
1.0,11.7578857,62.521053605067934,-50.76316790506793
3.0,19.43625279,64.19581358250524,-44.75956079250524
0.5,11.38281739,62.102363610708615,-50.719546220708615
4.0,78.03174669,65.03319357122388,12.99855311877613
1.0,71.40661886,62.521053605067934,8.885565254932061
1.0,77.58573154,62.521053605067934,15.064677934932064
7.0,73.9888078,67.54533353737983,6.443474262620171
9.0,87.50130417,69.22009351481712,18.281210655182875
9.0,51.9110774,69.22009351481712,-17.30901611481712
4.0,44.29519256,65.03319357122388,-20.73800101122388
1.0,42.1484795,62.521053605067934,-20.372574105067933
4.0,88.31205805,65.03319357122388,23.27886447877613
2.5,36.41834536,63.77712358814591,-27.35877822814591
0.5,40.85216047,62.102363610708615,-21.250203140708614
2.5,60.14676618,63.77712358814591,-3.630357408145912
3.0,11.0790396,64.19581358250524,-53.11677398250524
5.0,36.41834536,65.87057355994253,-29.452228199942525
7.0,7.097946712,67.54533353737983,-60.44738682537983
3.0,20.67025402,64.19581358250524,-43.52555956250524
1.0,6.915720496,62.521053605067934,-55.605333109067935
3.0,62.32337542,64.19581358250524,-1.8724381625052402
0.5,69.91124718,62.102363610708615,7.808883569291389
4.0,57.31734359,65.03319357122388,-7.715849981223876
1.0,64.27971847,62.521053605067934,1.7586648649320722
1.0,46.60251916,62.521053605067934,-15.918534445067934
8.0,41.76200357,68.38271352609847,-26.620709956098473
5.0,97.69343338,65.87057355994253,31.822859820057474
4.5,45.29941242,65.4518835655832,-20.1524711455832
5.0,47.93457895,65.87057355994253,-17.935994609942526
4.0,74.42424318,65.03319357122388,9.391049608776129
4.0,15.52368583,65.03319357122388,-49.50950774122388
0.5,68.83070878,62.102363610708615,6.72834516929138
1.0,28.6085372,62.521053605067934,-33.91251640506793
5.0,95.33664298,65.87057355994253,29.466069420057465
4.0,43.63863375,65.03319357122388,-21.39455982122388
0.5,46.07997675,62.102363610708615,-16.022386860708615
2.5,31.4150184,63.77712358814591,-32.36210518814591
1.0,45.61137179,62.521053605067934,-16.909681815067934
7.0,39.83290293,67.54533353737983,-27.71243060737983
2.0,41.79514038,63.358433593786586,-21.563293213786586
7.0,54.13665207,67.54533353737983,-13.408681467379836
2.5,63.50973543,63.77712358814591,-0.26738815814591277
5.0,58.74510972,65.87057355994253,-7.125463839942526
5.0,49.68153626,65.87057355994253,-16.189037299942527
2.0,58.07262747,63.358433593786586,-5.285806123786585
4.0,81.02041569,65.03319357122388,15.987222118776117
8.0,68.8443301,68.38271352609847,0.461616573901523
8.0,13.35510653,68.38271352609847,-55.02760699609847
0.5,60.9983769,62.102363610708615,-1.103986710708618
1.5,29.36620695,62.93974359942726,-33.57353664942726
2.5,13.74578822,63.77712358814591,-50.03133536814591
10.0,79.68545682,70.05747350353577,9.627983316464224
3.0,79.09665201,64.19581358250524,14.900838427494762
0.5,15.69971161,62.102363610708615,-46.40265200070861
3.5,84.61437224,64.61450357686456,19.99986866313543
0.5,62.18674919,62.102363610708615,0.08438557929138568
4.0,57.73493509,65.03319357122388,-7.2982584812238755
0.5,56.12875598,62.102363610708615,-5.973607630708614
4.0,52.85458427,65.03319357122388,-12.17860930122388
2.0,47.37111285,63.358433593786586,-15.987320743786583
5.0,52.55947074,65.87057355994253,-13.311102819942526
3.5,53.96737126,64.61450357686456,-10.647132316864564
3.0,47.95897712,64.19581358250524,-16.236836462505238
1.0,15.11514409,62.521053605067934,-47.40590951506793
4.0,89.74246474,65.03319357122388,24.709271168776127
0.5,35.74194696,62.102363610708615,-26.360416650708615
5.0,66.95017509,65.87057355994253,1.0796015300574737
5.0,61.00492226,65.87057355994253,-4.865651299942527
0.0,94.70832232,61.68367361634929,33.024648703650705
3.5,89.08334673,64.61450357686456,24.46884315313544
6.0,98.84451228,66.70795354866118,32.13655873133882
6.0,6.576146582,66.70795354866118,-60.13180696666118
8.0,4.86964072,68.38271352609847,-63.51307280609847
7.0,88.14110212,67.54533353737983,20.595768582620167
1.0,57.71859003,62.521053605067934,-4.802463575067932
2.0,97.16409179,63.358433593786586,33.805658196213415
9.0,84.46222906,69.22009351481712,15.242135545182876
1.0,8.599270796,62.521053605067934,-53.921782809067935
4.0,59.47446449,65.03319357122388,-5.558729081223873
1.5,62.34302909,62.93974359942726,-0.5967145094272581
1.5,47.79173732,62.93974359942726,-15.148006279427257
5.5,75.23467758,66.28926355430185,8.945414025698142
0.5,31.05604841,62.102363610708615,-31.046315200708616
8.0,74.18674572,68.38271352609847,5.804032193901534
4.0,89.52466745,65.03319357122388,24.49147387877612
2.0,42.53225571,63.358433593786586,-20.826177883786585
2.0,29.94956941,63.358433593786586,-33.40886418378659
5.0,92.013409,65.87057355994253,26.142835440057468
0.5,53.20245682,62.102363610708615,-8.899906790708613
3.0,62.8727162,64.19581358250524,-1.3230973825052388
4.0,90.63414561,65.03319357122388,25.60095203877613
4.0,60.51961267,65.03319357122388,-4.513580901223875
9.0,88.31908043,69.22009351481712,19.098986915182877
6.0,81.3947164,66.70795354866118,14.686762851338813
2.0,93.57527412,63.358433593786586,30.216840526213417
3.0,95.85220361,64.19581358250524,31.656390027494766
3.0,92.46823785,64.19581358250524,28.272424267494756
5.0,34.24426315,65.87057355994253,-31.626310409942526
4.0,79.67120611,65.03319357122388,14.638012538776124
2.0,71.6376304,63.358433593786586,8.27919680621342
2.5,98.2423373,63.77712358814591,34.46521371185409
2.0,99.40020157,63.358433593786586,36.04176797621341
1.0,36.41834536,62.521053605067934,-26.10270824506793
4.0,68.28334828,65.03319357122388,3.2501547087761224
6.0,84.28101485,66.70795354866118,17.573061301338825
3.5,90.97580647,64.61450357686456,26.36130289313543
0.0,73.30661232,61.68367361634929,11.62293870365071
2.0,26.55798646,63.358433593786586,-36.80044713378659
3.5,75.81046973,64.61450357686456,11.19596615313543
8.0,76.25826995,68.38271352609847,7.8755564239015285
2.5,92.6891161,63.77712358814591,28.911992511854095
2.0,48.05850021,63.358433593786586,-15.299933383786588
0.0,57.22512416,61.68367361634929,-4.458549456349289
2.5,67.35690955,63.77712358814591,3.5797859618540855
1.0,48.05850021,62.521053605067934,-14.462553395067935
6.0,57.95910476,66.70795354866118,-8.748848788661178
0.5,40.85216047,62.102363610708615,-21.250203140708614
7.0,81.0700108,67.54533353737983,13.524677262620173
2.0,74.58652474,63.358433593786586,11.228091146213416
4.0,70.01219992,65.03319357122388,4.9790063487761245
3.5,30.44106586,64.61450357686456,-34.17343771686457
2.5,74.58652474,63.77712358814591,10.80940115185409
1.5,34.21869952,62.93974359942726,-28.72104407942726
1.0,35.68385606,62.521053605067934,-26.837197545067937
2.5,23.65339914,63.77712358814591,-40.12372444814591
5.0,61.32131796,65.87057355994253,-4.549255599942526
2.0,35.3183664,63.358433593786586,-28.040067193786584
2.0,76.31024948,63.358433593786586,12.95181588621341
2.0,82.80471048,63.358433593786586,19.44627688621341
2.0,35.75781836,63.358433593786586,-27.600615233786584
2.0,77.44191153,63.358433593786586,14.083477936213413
5.0,44.02474329,65.87057355994253,-21.845830269942525
4.0,86.3588235,65.03319357122388,21.325629928776124
4.0,0.709288868,65.03319357122388,-64.32390470322387
2.5,81.5523064,63.77712358814591,17.775182811854094
4.0,93.99215342,65.03319357122388,28.958959848776118
1.5,76.4894434,62.93974359942726,13.54969980057274
1.0,73.99784099,62.521053605067934,11.476787384932067
0.0,82.18267485,61.68367361634929,20.49900123365071
1.0,37.55228267,62.521053605067934,-24.968770935067937
4.0,62.69018255,65.03319357122388,-2.343011021223873
0.0,42.88471454,61.68367361634929,-18.79895907634929
0.5,83.74313112,62.102363610708615,21.640767509291386
9.0,53.51070343,69.22009351481712,-15.709390084817123
8.0,68.11553869,68.38271352609847,-0.2671748360984765
7.0,60.84137278,67.54533353737983,-6.703960757379832
4.0,96.26257816,65.03319357122388,31.229384588776128
6.0,95.0857953,66.70795354866118,28.37784175133882
4.0,63.26262945,65.03319357122388,-1.7705641212238774
0.5,23.68951218,62.102363610708615,-38.41285143070861
1.0,87.63003201,62.521053605067934,25.10897840493206
2.5,89.20872827,63.77712358814591,25.431604681854083
6.0,98.83990808,66.70795354866118,32.13195453133882
8.0,70.31917473,68.38271352609847,1.9364612039015299
2.5,90.13633248,63.77712358814591,26.35920889185408
1.5,57.73493509,62.93974359942726,-5.204808509427259
0.0,58.66445652,61.68367361634929,-3.019217096349287
7.0,68.14875974,67.54533353737983,0.6034262026201702
3.0,81.94224698,64.19581358250524,17.746433397494755
2.0,80.25071672,63.358433593786586,16.892283126213414
6.0,99.29020609,66.70795354866118,32.58225254133882
10.0,96.10197605,70.05747350353577,26.04450254646423
3.0,32.2978179,64.19581358250524,-31.89799568250524
8.0,62.41050615,68.38271352609847,-5.972207376098467
10.0,79.57774669,70.05747350353577,9.520273186464223
5.0,99.68804802,65.87057355994253,33.81747446005747
5.5,40.79455963,66.28926355430185,-25.494703924301852
4.5,87.64975943,65.4518835655832,22.1978758644168
6.0,96.85746532,66.70795354866118,30.149511771338823
2.0,63.84716861,63.358433593786586,0.4887350162134112
10.0,90.43366411,70.05747350353577,20.37619060646422
10.0,30.29781056,70.05747350353577,-39.75966294353577
6.0,93.8171533,66.70795354866118,27.10919975133882
0.0,76.61594979,61.68367361634929,14.932276173650713
10.0,62.64948057,70.05747350353577,-7.407992933535773
3.0,30.69589607,64.19581358250524,-33.499917512505235
1.5,80.5301532,62.93974359942726,17.59040960057274
2.0,36.04892235,63.358433593786586,-27.309511243786588
5.0,54.0748055,65.87057355994253,-11.795768059942532
6.0,95.75133647,66.70795354866118,29.043382921338818
1.0,74.23898476,62.521053605067934,11.71793115493206
4.0,59.97282837,65.03319357122388,-5.060365201223874
7.0,95.9775916,67.54533353737983,28.432258062620164
4.0,75.55951588,65.03319357122388,10.52632230877613
5.0,87.83227011,65.87057355994253,21.961696550057468
2.0,96.62240773,63.358433593786586,33.26397413621342
5.0,82.37104942,65.87057355994253,16.500475860057477
8.0,57.95910476,68.38271352609847,-10.423608766098468
1.0,81.63658484,62.521053605067934,19.115531234932064
3.0,45.0454972,64.19581358250524,-19.15031638250524
4.0,96.83793794,65.03319357122388,31.804744368776127
10.0,90.31734336,70.05747350353577,20.25986985646422
1.0,95.41000401,62.521053605067934,32.88895040493206
2.5,38.42613501,63.77712358814591,-25.35098857814591
4.0,41.5155192,65.03319357122388,-23.517674371223876
3.0,81.3348187,64.19581358250524,17.13900511749476
5.5,85.29469889,66.28926355430185,19.005435335698152
1.5,74.83350963,62.93974359942726,11.893766030572735
5.0,21.1789836,65.87057355994253,-44.69158995994253
3.0,64.41533346,64.19581358250524,0.21951987749476132
6.0,23.10048656,66.70795354866118,-43.60746698866118
7.0,96.61522754,67.54533353737983,29.069894002620174
2.0,38.28337982,63.358433593786586,-25.075053773786586
5.0,88.53323553,65.87057355994253,22.66266197005747
5.5,50.50283383,66.28926355430185,-15.786429724301854
9.0,60.50289134,69.22009351481712,-8.717202174817125
5.0,48.98596485,65.87057355994253,-16.884608709942526
5.0,95.8355588,65.87057355994253,29.964985240057473
5.5,29.69965869,66.28926355430185,-36.589604864301855
3.5,79.64164185,64.61450357686456,15.027138273135435
2.5,73.97695278,63.77712358814591,10.199829191854093
3.0,1.258522652,64.19581358250524,-62.93729093050524
0.5,91.23362001,62.102363610708615,29.13125639929138
1.5,91.84480724,62.93974359942726,28.905063640572735
1.0,48.05850021,62.521053605067934,-14.462553395067935
5.0,51.05664155,65.87057355994253,-14.813932009942526
8.0,96.08120111,68.38271352609847,27.698487583901525
10.0,7.402370058,70.05747350353577,-62.65510344553577
0.5,85.68386349,62.102363610708615,23.58149987929138
2.5,14.92817015,63.77712358814591,-48.84895343814591
4.0,30.94360622,65.03319357122388,-34.08958735122388
7.0,87.21269603,67.54533353737983,19.66736249262017
4.5,97.66610716,65.4518835655832,32.214223594416794
3.5,80.06893476,64.61450357686456,15.45443118313544
3.5,95.04052672,64.61450357686456,30.42602314313544
4.0,87.41054874,65.03319357122388,22.37735516877612
2.0,72.08322728,63.358433593786586,8.724793686213417
3.0,80.85855022,64.19581358250524,16.66273663749476
10.0,21.293857,70.05747350353577,-48.76361650353577
4.5,93.7626459,65.4518835655832,28.310762334416793
3.0,75.83412149,64.19581358250524,11.638307907494763
2.5,35.1066592,63.77712358814591,-28.67046438814591
2.5,88.94135048,63.77712358814591,25.164226891854085
6.0,99.04441944,66.70795354866118,32.33646589133882
3.0,65.01123559,64.19581358250524,0.8154220074947602
8.0,86.12647807,68.38271352609847,17.743764543901534
4.0,43.25153334,65.03319357122388,-21.781660231223874
1.5,45.72376131,62.93974359942726,-17.21598228942726
2.0,44.42268346,63.358433593786586,-18.935750133786584
3.0,40.55138048,64.19581358250524,-23.64443310250524
3.0,40.55138048,64.19581358250524,-23.64443310250524
1.5,72.66703407,62.93974359942726,9.72729047057274
5.0,69.13113635,65.87057355994253,3.2605627900574774
3.0,44.4441058,64.19581358250524,-19.751707782505235
4.0,75.69056427,65.03319357122388,10.65737069877612
0.5,94.86641154,62.102363610708615,32.76404792929139
2.5,70.84066228,63.77712358814591,7.063538691854092
3.5,9.141686811,64.61450357686456,-55.472816765864565
3.5,90.31734336,64.61450357686456,25.70283978313543
4.0,38.13156894,65.03319357122388,-26.901624631223875
4.0,20.75904023,65.03319357122388,-44.27415334122388
2.0,25.37454537,63.358433593786586,-37.983888223786586
5.0,16.31431911,65.87057355994253,-49.55625444994253
5.0,98.47769537,65.87057355994253,32.60712181005748
7.0,19.95310743,67.54533353737983,-47.59222610737983
7.0,90.3259285,67.54533353737983,22.78059496262017
5.0,69.69082794,65.87057355994253,3.8202543800574773
6.0,14.10104758,66.70795354866118,-52.60690596866118
5.0,89.23253452,65.87057355994253,23.361960960057473
5.0,51.65120624,65.87057355994253,-14.219367319942528
2.0,96.19530947,63.358433593786586,32.83687587621341
1.0,42.28388655,62.521053605067934,-20.237167055067935
3.5,20.78050138,64.61450357686456,-43.83400219686456
1.0,70.67451976,62.521053605067934,8.153466154932062
5.5,68.0682032,66.28926355430185,1.778939645698145
7.0,78.81888198,67.54533353737983,11.273548442620168
1.5,70.79270495,62.93974359942726,7.852961350572741
10.0,99.46226705,70.05747350353577,29.40479354646422
8.0,53.6985542,68.38271352609847,-14.684159326098474
2.5,99.15805755,63.77712358814591,35.38093396185408
0.5,98.02065664,62.102363610708615,35.918293029291384
7.0,93.95733265,67.54533353737983,26.411999112620165
4.0,41.91044944,65.03319357122388,-23.122744131223875
3.0,34.10784442,64.19581358250524,-30.08796916250524
4.0,15.61146862,65.03319357122388,-49.42172495122388
5.0,46.87311416,65.87057355994253,-18.997459399942528
4.0,52.22408981,65.03319357122388,-12.809103761223874
2.5,38.42613501,63.77712358814591,-25.35098857814591
2.5,91.74867665,63.77712358814591,27.97155306185408
2.0,30.30875579,63.358433593786586,-33.04967780378659
1.5,99.59824532,62.93974359942726,36.658501720572744
3.0,52.22408981,64.19581358250524,-11.971723772505236
3.5,21.02306116,64.61450357686456,-43.59144241686457
2.5,94.42406928,63.77712358814591,30.646945691854086
4.0,26.03375107,65.03319357122388,-38.999442501223875
2.5,36.41834536,63.77712358814591,-27.35877822814591
1.5,53.32509373,62.93974359942726,-9.61464986942726
3.0,77.86602504,64.19581358250524,13.670211457494759
6.0,54.36795158,66.70795354866118,-12.340001968661177
5.0,95.05072248,65.87057355994253,29.180148920057476
4.0,87.16521278,65.03319357122388,22.13201920877613
5.0,14.02708141,65.87057355994253,-51.84349214994253
4.0,93.99149946,65.03319357122388,28.958305888776124
6.0,46.2734882,66.70795354866118,-20.434465348661178
1.0,93.70323473,62.521053605067934,31.18218112493207
1.5,60.50842316,62.93974359942726,-2.4313204394272603
3.5,19.12902502,64.61450357686456,-45.485478556864564
1.5,1.354774145,62.93974359942726,-61.58496945442726
3.5,76.63748728,64.61450357686456,12.022983703135438
2.5,70.95006299,63.77712358814591,7.172939401854094
5.0,33.25924879,65.87057355994253,-32.61132476994253
4.0,50.87045271,65.03319357122388,-14.162740861223874
7.0,58.07262747,67.54533353737983,-9.472706067379832
4.0,69.15980796,65.03319357122388,4.126614388776119
3.0,54.76825471,64.19581358250524,-9.427558872505237
4.0,27.78101262,65.03319357122388,-37.25218095122388
6.0,61.69742856,66.70795354866118,-5.010524988661182
0.5,37.57997923,62.102363610708615,-24.522384380708615
3.0,80.58920192,64.19581358250524,16.393388337494756
8.0,78.38282866,68.38271352609847,10.00011513390153
2.5,98.79508958,63.77712358814591,35.01796599185408
2.5,61.78523973,63.77712358814591,-1.9918838581459113
6.0,75.56967464,66.70795354866118,8.861721091338822
9.0,81.42100703,69.22009351481712,12.200913515182876
1.0,8.799607158,62.521053605067934,-53.72144644706793
2.0,50.87045271,63.358433593786586,-12.487980883786584
1.5,40.07525181,62.93974359942726,-22.864491789427262
2.0,84.8664492,63.358433593786586,21.50801560621342
5.0,47.66003889,65.87057355994253,-18.210534669942525
3.5,78.66079606,64.61450357686456,14.046292483135431
1.5,60.55236073,62.93974359942726,-2.387382869427263
7.0,95.17548514,67.54533353737983,27.630151602620174
6.0,36.17262129,66.70795354866118,-30.535332258661178
6.0,98.41133295,66.70795354866118,31.70337940133882
4.5,19.38451665,65.4518835655832,-46.06736691558321
0.0,25.53869483,61.68367361634929,-36.144978786349284
4.0,1.472620618,65.03319357122388,-63.560572953223875
3.0,13.74578822,64.19581358250524,-50.45002536250524
1.5,32.12906956,62.93974359942726,-30.810674039427262
3.5,75.69056427,64.61450357686456,11.076060693135432
5.0,99.149588,65.87057355994253,33.279014440057466
6.0,69.87171391,66.70795354866118,3.1637603613388166
4.0,99.46070778,65.03319357122388,34.42751420877613
0.5,86.03629312,62.102363610708615,23.93392950929138
2.5,62.8321027,63.77712358814591,-0.9450208881459119
2.0,64.73349145,63.358433593786586,1.3750578562134166
2.5,98.60730006,63.77712358814591,34.83017647185409
1.5,77.90432331,62.93974359942726,14.964579710572735
2.0,75.35975743,63.358433593786586,12.001323836213416
1.5,89.96770983,62.93974359942726,27.027966230572744
4.0,51.77995186,65.03319357122388,-13.253241711223879
6.0,95.79080965,66.70795354866118,29.08285610133882
4.5,67.35761931,65.4518835655832,1.905735744416802
3.5,65.34979392,64.61450357686456,0.7352903431354321
2.5,90.70482965,63.77712358814591,26.92770606185408
6.0,35.75781836,66.70795354866118,-30.95013518866118
0.5,65.01123559,62.102363610708615,2.9088719792913835
3.0,90.43366411,64.19581358250524,26.237850527494757
3.0,77.86602504,64.19581358250524,13.670211457494759
6.0,95.89488142,66.70795354866118,29.186927871338824
0.5,46.07997675,62.102363610708615,-16.022386860708615
1.5,80.79348995,62.93974359942726,17.853746350572735
0.0,16.01481832,61.68367361634929,-45.66885529634929
3.0,84.52270324,64.19581358250524,20.32688965749476
0.5,57.0210877,62.102363610708615,-5.081275910708612
6.0,41.22700408,66.70795354866118,-25.48094946866118
1.0,57.0210877,62.521053605067934,-5.499965905067931
2.0,86.69804235,63.358433593786586,23.33960875621341
1.5,69.30817653,62.93974359942726,6.368432930572737
3.0,73.65408242,64.19581358250524,9.458268837494757
0.5,80.06893476,62.102363610708615,17.96657114929139
1.0,30.28405624,62.521053605067934,-32.236997365067936
1.5,70.40604141,62.93974359942726,7.4662978105727404
1.0,27.98383826,62.521053605067934,-34.537215345067935
1.0,65.04131108,62.521053605067934,2.520257474932066
5.0,25.01115187,65.87057355994253,-40.85942168994253
3.0,57.31734359,64.19581358250524,-6.878469992505238
3.5,98.64373521,64.61450357686456,34.02923163313544
2.5,45.84835334,63.77712358814591,-17.92877024814591
1.0,90.43366411,62.521053605067934,27.91261050493206
2.0,24.37249185,63.358433593786586,-38.98594174378658
5.0,84.11852935,65.87057355994253,18.247955790057475
2.5,33.25918052,63.77712358814591,-30.51794306814591
5.0,79.49010291,65.87057355994253,13.619529350057476
3.0,83.03210906,64.19581358250524,18.836295477494758
4.0,45.16626978,65.03319357122388,-19.866923791223876
2.5,87.89933447,63.77712358814591,24.122210881854087
1.0,86.03629312,62.521053605067934,23.515239514932063
8.0,13.08187583,68.38271352609847,-55.30083769609847
0.0,10.130113,61.68367361634929,-51.55356061634929
1.5,10.32530604,62.93974359942726,-52.61443755942726
1.0,80.06893476,62.521053605067934,17.54788115493207
1.5,80.97504778,62.93974359942726,18.035304180572737
8.0,95.88664025,68.38271352609847,27.50392672390153
8.0,92.55508897,68.38271352609847,24.17237544390153
5.0,66.74525704,65.87057355994253,0.8746834800574703
5.0,78.08751174,65.87057355994253,12.216938180057468
2.0,1.626257173,63.358433593786586,-61.73217642078659
1.5,41.79514038,62.93974359942726,-21.14460321942726
1.5,58.22937756,62.93974359942726,-4.710366039427257
6.0,63.34833593,66.70795354866118,-3.359617618661183
3.0,45.4519563,64.19581358250524,-18.74385728250524
9.0,94.75775586,69.22009351481712,25.53766234518288
4.0,24.7379841,65.03319357122388,-40.29520947122388
3.5,43.38387385,64.61450357686456,-21.230629726864564
9.0,97.22063771,69.22009351481712,28.000544195182883
2.0,56.92345524,63.358433593786586,-6.434978353786583
2.0,70.99212351,63.358433593786586,7.633689916213413
4.0,40.59937158,65.03319357122388,-24.433821991223873
5.0,86.05632028,65.87057355994253,20.185746720057466
7.0,94.76909541,67.54533353737983,27.223761872620173
3.0,35.19576612,64.19581358250524,-29.000047462505236
5.5,60.82608175,66.28926355430185,-5.463181804301854
0.5,84.67610222,62.102363610708615,22.57373860929139
4.0,58.06394871,65.03319357122388,-6.969244861223878
4.0,49.2944574,65.03319357122388,-15.738736171223877
4.0,13.05973687,65.03319357122388,-51.973456701223874
2.0,68.87790029,63.358433593786586,5.519466696213414
2.5,73.99784099,63.77712358814591,10.220717401854088
5.0,30.29781056,65.87057355994253,-35.572762999942526
5.0,89.72830782,65.87057355994253,23.85773426005747
2.5,84.84665926,63.77712358814591,21.069535671854084
3.0,63.87226631,64.19581358250524,-0.3235472725052375
0.5,30.75861295,62.102363610708615,-31.343750660708615
2.5,26.5799244,63.77712358814591,-37.197199188145916
8.0,47.24873407,68.38271352609847,-21.133979456098473
4.0,47.57670396,65.03319357122388,-17.456489611223873
3.0,66.72581086,64.19581358250524,2.5299972774947577
3.0,26.03375107,64.19581358250524,-38.16206251250524
4.0,28.76827997,65.03319357122388,-36.26491360122388
4.0,99.77972916,65.03319357122388,34.746535588776126
2.0,50.27447135,63.358433593786586,-13.083962243786587
10.0,61.00492226,70.05747350353577,-9.052551243535774
1.5,47.93457895,62.93974359942726,-15.005164649427257
3.0,95.85220361,64.19581358250524,31.656390027494766
4.5,70.7433751,65.4518835655832,5.291491534416792
4.0,61.00492226,65.03319357122388,-4.028271311223875
1.5,15.02935595,62.93974359942726,-47.910387649427264
4.0,63.63789679,65.03319357122388,-1.3952967812238768
1.5,19.64382031,62.93974359942726,-43.295923289427265
7.0,98.08264965,67.54533353737983,30.53731611262016
1.5,95.06730727,62.93974359942726,32.12756367057274
3.5,61.69742856,64.61450357686456,-2.9170750168645654
3.5,18.56271072,64.61450357686456,-46.051792856864566
3.5,48.82355055,64.61450357686456,-15.790953026864564
4.0,39.92043288,65.03319357122388,-25.112760691223876
6.0,52.55947074,66.70795354866118,-14.148482808661178
9.0,89.99898834,69.22009351481712,20.778894825182874
2.0,94.81674506,63.358433593786586,31.458311466213416
8.0,36.89716191,68.38271352609847,-31.48555161609847
3.0,47.61210954,64.19581358250524,-16.58370404250524
6.0,97.15600889,66.70795354866118,30.448055341338815
4.0,74.65464156,65.03319357122388,9.621447988776126
10.0,92.95401506,70.05747350353577,22.89654155646423
5.0,20.85281344,65.87057355994253,-45.01776011994253
4.0,45.06024111,65.03319357122388,-19.972952461223876
7.0,96.35496723,67.54533353737983,28.809633692620167
7.0,98.76800945,67.54533353737983,31.22267591262016
6.0,92.16826247,66.70795354866118,25.46030892133882
3.0,61.65712192,64.19581358250524,-2.5386916625052365
8.0,81.20801401,68.38271352609847,12.825300483901529
1.0,33.10249599,62.521053605067934,-29.418557615067932
3.0,79.68545682,64.19581358250524,15.48964323749476
0.5,89.82347469,62.102363610708615,27.721111079291383
1.5,40.05564445,62.93974359942726,-22.884099149427257
2.5,59.47628526,63.77712358814591,-4.300838328145915
1.5,63.31177575,62.93974359942726,0.37203215057274264
4.0,52.25342381,65.03319357122388,-12.779769761223875
4.0,67.44195467,65.03319357122388,2.408761098776125
0.5,75.96739818,62.102363610708615,13.865034569291389
1.5,14.85540624,62.93974359942726,-48.08433735942726
1.0,67.65550199,62.521053605067934,5.134448384932071
1.5,94.1589128,62.93974359942726,31.219169200572736
0.5,59.20436934,62.102363610708615,-2.8979942707086153
6.0,57.95910476,66.70795354866118,-8.748848788661178
2.5,61.69382467,63.77712358814591,-2.083298918145914
1.5,36.41834536,62.93974359942726,-26.521398239427256
5.0,76.16361312,65.87057355994253,10.293039560057466
3.0,38.60495566,64.19581358250524,-25.590857922505236
0.0,67.4088301,61.68367361634929,5.725156483650714
3.0,25.09923397,64.19581358250524,-39.09657961250524
1.0,29.7578994,62.521053605067934,-32.763154205067934
3.0,23.65339914,64.19581358250524,-40.54241444250523
3.0,68.0682032,64.19581358250524,3.872389617494761
5.0,94.42613201,65.87057355994253,28.555558450057475
1.0,87.29843376,62.521053605067934,24.77738015493206
5.0,31.95457566,65.87057355994253,-33.915997899942525
1.0,81.07748804,62.521053605067934,18.556434434932072
2.5,15.58185576,63.77712358814591,-48.195267828145916
1.5,87.16521278,62.93974359942726,24.225469180572745
7.0,81.37814313,67.54533353737983,13.832809592620166
4.0,98.40769524,65.03319357122388,33.37450166877612
1.0,85.71224216,62.521053605067934,23.19118855493207
2.0,26.03375107,63.358433593786586,-37.324682523786585
2.0,79.30626093,63.358433593786586,15.947827336213408
4.0,35.70830555,65.03319357122388,-29.324888021223877
1.0,73.05961868,62.521053605067934,10.538565074932066
8.0,60.37644581,68.38271352609847,-8.00626771609847
2.0,99.47500235,63.358433593786586,36.11656875621341
6.0,14.10379618,66.70795354866118,-52.60415736866118
3.0,89.5066208,64.19581358250524,25.310807217494755
7.0,90.09889641,67.54533353737983,22.553562872620162
0.5,99.24376583,62.102363610708615,37.141402219291386
4.5,36.20974188,65.4518835655832,-29.2421416855832
3.0,77.00916842,64.19581358250524,12.813354837494757
5.0,77.55750191,65.87057355994253,11.686928350057471
6.0,84.4582919,66.70795354866118,17.750338351338826
4.0,81.96841613,65.03319357122388,16.93522255877612
3.0,83.32808854,64.19581358250524,19.132274957494758
4.0,59.02079621,65.03319357122388,-6.012397361223876
6.0,91.33196849,66.70795354866118,24.624014941338814
6.0,81.10224079,66.70795354866118,14.394287241338816
7.0,93.33379186,67.54533353737983,25.788458322620173
6.0,37.57997923,66.70795354866118,-29.12797431866118
2.5,19.64382031,63.77712358814591,-44.13330327814592
1.0,45.87527465,62.521053605067934,-16.645778955067932
2.0,54.87474903,63.358433593786586,-8.48368456378659
5.5,77.51771447,66.28926355430185,11.228450915698147
6.0,92.11841054,66.70795354866118,25.41045699133882
0.0,3.435316455,61.68367361634929,-58.24835716134929
0.0,37.05898785,61.68367361634929,-24.624685766349288
3.0,47.52350758,64.19581358250524,-16.672306002505238
1.0,32.89198615,62.521053605067934,-29.629067455067933
2.0,63.46535047,63.358433593786586,0.10691687621341117
3.0,83.76843903,64.19581358250524,19.572625447494758
2.0,45.33714908,63.358433593786586,-18.021284513786583
1.5,97.32805378,62.93974359942726,34.388310180572745
2.5,13.37560078,63.77712358814591,-50.40152280814591
2.5,73.87758954,63.77712358814591,10.10046595185409
1.0,87.76360369,62.521053605067934,25.242550084932063
2.5,51.81620854,63.77712358814591,-11.960915048145914
2.0,72.13833601,63.358433593786586,8.779902416213417
2.5,12.65011622,63.77712358814591,-51.12700736814591
4.0,52.82514857,65.03319357122388,-12.208045001223873
6.0,98.07600438,66.70795354866118,31.36805083133882
1.0,93.52863591,62.521053605067934,31.007582304932072
1.0,41.79514038,62.521053605067934,-20.725913225067934
2.5,57.7634963,63.77712358814591,-6.013627288145912
0.5,90.14559912,62.102363610708615,28.043235509291385
8.0,65.43337435,68.38271352609847,-2.9493391760984764
4.0,61.69382467,65.03319357122388,-3.339368901223878
0.5,51.77995186,62.102363610708615,-10.322411750708618
7.0,21.39839945,67.54533353737983,-46.14693408737983
2.5,47.49270385,63.77712358814591,-16.284419738145914
0.5,33.79539728,62.102363610708615,-28.30696633070861
3.5,35.04876286,64.61450357686456,-29.565740716864568
7.0,32.12906956,67.54533353737983,-35.416263977379835
1.0,43.67278106,62.521053605067934,-18.848272545067935
0.5,41.98150796,62.102363610708615,-20.120855650708613
1.0,82.389679,62.521053605067934,19.868625394932067
1.5,87.98815832,62.93974359942726,25.048414720572737
1.0,74.45590053,62.521053605067934,11.93484692493206
0.5,57.02874133,62.102363610708615,-5.073622280708612
0.5,92.85720138,62.102363610708615,30.75483776929139
4.0,13.56097159,65.03319357122388,-51.472221981223875
1.5,40.53775276,62.93974359942726,-22.401990839427263
1.0,57.0210877,62.521053605067934,-5.499965905067931
3.0,80.61478423,64.19581358250524,16.41897064749476
3.0,56.31514778,64.19581358250524,-7.880665802505241
0.5,13.80300963,62.102363610708615,-48.29935398070862
9.0,57.31734359,69.22009351481712,-11.902749924817122
3.5,52.7668932,64.61450357686456,-11.847610376864566
6.0,81.10224079,66.70795354866118,14.394287241338816
4.0,33.24297302,65.03319357122388,-31.790220551223875
2.0,61.78523973,63.358433593786586,-1.5731938637865852
4.0,64.27971847,65.03319357122388,-0.7534751012238701
2.5,48.66934789,63.77712358814591,-15.107775698145915
3.0,53.24794021,64.19581358250524,-10.947873372505235
3.0,47.9840088,64.19581358250524,-16.21180478250524
5.0,38.59972863,65.87057355994253,-27.270844929942527
2.0,63.87226631,63.358433593786586,0.5138327162134146
2.0,72.13833601,63.358433593786586,8.779902416213417
4.0,90.08907671,65.03319357122388,25.055883138776124
1.5,11.91054027,62.93974359942726,-51.02920332942726
4.0,20.10002435,65.03319357122388,-44.93316922122388
4.5,80.33982238,65.4518835655832,14.887938814416799
2.5,89.95460086,63.77712358814591,26.177477271854087
5.0,96.41587554,65.87057355994253,30.545301980057474
7.0,8.31144901,67.54533353737983,-59.23388452737983
3.0,40.43646118,64.19581358250524,-23.759352402505236
4.0,9.80258146,65.03319357122388,-55.23061211122388
1.0,16.96162003,62.521053605067934,-45.559433575067935
3.0,66.84791246,64.19581358250524,2.6520988774947654
7.0,47.13225379,67.54533353737983,-20.413079747379832
7.0,8.898386194,67.54533353737983,-58.646947343379836
1.0,80.60383865,62.521053605067934,18.082785044932066
4.0,0.031415225,65.03319357122388,-65.00177834622387
2.0,75.83754765,63.358433593786586,12.479114056213419
1.0,0.225801819,62.521053605067934,-62.29525178606794
1.5,74.41879277,62.93974359942726,11.479049170572736
1.5,30.89116132,62.93974359942726,-32.048582279427265
2.0,85.04174318,63.358433593786586,21.68330958621341
3.0,97.66555793,64.19581358250524,33.46974434749477
4.0,64.18957538,65.03319357122388,-0.8436181912238823
2.0,61.12521977,63.358433593786586,-2.233213823786585
4.0,75.86208809,65.03319357122388,10.828894518776124
3.0,87.89933447,64.19581358250524,23.70352088749476
1.5,15.83870002,62.93974359942726,-47.10104357942726
3.0,52.08583923,64.19581358250524,-12.10997435250524
3.0,89.65849187,64.19581358250524,25.462678287494768
3.0,92.16826247,64.19581358250524,27.972448887494764
2.5,90.17712208,63.77712358814591,26.39999849185409
4.0,13.41362377,65.03319357122388,-51.619569801223875
1.0,30.94360622,62.521053605067934,-31.577447385067934
7.0,67.3913645,67.54533353737983,-0.15396903737983791
3.0,59.39842275,64.19581358250524,-4.797390832505236
9.0,88.51684125,69.22009351481712,19.296747735182876
2.5,57.28372212,63.77712358814591,-6.493401468145912
7.0,40.43646118,67.54533353737983,-27.10887235737983
7.0,83.65146996,67.54533353737983,16.106136422620168
0.5,97.11968904,62.102363610708615,35.01732542929138
3.0,77.72140545,64.19581358250524,13.525591867494768
9.0,70.49955565,69.22009351481712,1.2794621351828823
8.0,25.76611637,68.38271352609847,-42.61659715609847
7.0,99.33790694,67.54533353737983,31.792573402620164
6.0,97.62845513,66.70795354866118,30.920501581338826
6.0,99.61665207,66.70795354866118,32.90869852133882
7.0,77.04936127,67.54533353737983,9.504027732620173
2.0,59.20569812,63.358433593786586,-4.152735473786585
3.0,23.65339914,64.19581358250524,-40.54241444250523
2.0,53.14640872,63.358433593786586,-10.21202487378659
4.0,46.19583969,65.03319357122388,-18.837353881223876
3.5,30.79057223,64.61450357686456,-33.82393134686457
5.0,63.43400792,65.87057355994253,-2.436565639942529
5.0,51.57061646,65.87057355994253,-14.299957099942532
5.5,99.41923944,66.28926355430185,33.129975885698144
10.0,16.01294136,70.05747350353577,-54.044532143535776
4.0,99.08135767,65.03319357122388,34.04816409877613
3.5,73.570503,64.61450357686456,8.955999423135438
6.0,51.57061646,66.70795354866118,-15.137337088661184
3.0,75.81046973,64.19581358250524,11.614656147494756
0.0,53.6985542,61.68367361634929,-7.985119416349292
2.0,98.85481141,63.358433593786586,35.49637781621341
10.0,38.77914215,70.05747350353577,-31.278331353535776
7.0,68.81598162,67.54533353737983,1.2706480826201698
1.0,96.22588975,62.521053605067934,33.70483614493206
5.0,86.90786628,65.87057355994253,21.037292720057465
10.0,89.17048644,70.05747350353577,19.11301293646423
0.5,41.5155192,62.102363610708615,-20.586844410708615
3.0,94.54624121,64.19581358250524,30.350427627494767
0.0,70.55707433,61.68367361634929,8.873400713650717
7.0,79.16293108,67.54533353737983,11.617597542620175
2.0,70.32729671,63.358433593786586,6.968863116213413
5.5,17.05168422,66.28926355430185,-49.237579334301856
8.0,96.82238916,68.38271352609847,28.43967563390153
6.0,97.24973396,66.70795354866118,30.54178041133882
5.5,58.53747904,66.28926355430185,-7.751784514301853
5.0,63.97414542,65.87057355994253,-1.896428139942529
7.0,88.68714335,67.54533353737983,21.141809812620167
3.0,86.52052376,64.19581358250524,22.324710177494765
2.5,58.2330153,63.77712358814591,-5.544108288145914
7.0,58.80316684,67.54533353737983,-8.74216669737983
4.0,93.36617436,65.03319357122388,28.332980788776126
6.0,99.61618876,66.70795354866118,32.90823521133882
8.0,62.88818166,68.38271352609847,-5.49453186609847
3.0,93.33892433,64.19581358250524,29.14311074749476
8.0,41.76200357,68.38271352609847,-26.620709956098473
2.0,25.54426508,63.358433593786586,-37.81416851378658
7.0,20.2152809,67.54533353737983,-47.330052637379836
10.0,45.71292164,70.05747350353577,-24.344551863535777
4.0,82.27847811,65.03319357122388,17.24528453877612
3.0,86.66563258,64.19581358250524,22.469818997494755
6.0,37.15454994,66.70795354866118,-29.553403608661178
5.0,93.3761698,65.87057355994253,27.50559624005747
4.5,22.37765548,65.4518835655832,-43.0742280855832
5.0,77.80636276,65.87057355994253,11.93578920005747
4.0,84.84665926,65.03319357122388,19.81346568877612
8.0,88.37612136,68.38271352609847,19.99340783390153
5.0,53.218169,65.87057355994253,-12.652404559942525
6.0,97.00677653,66.70795354866118,30.298822981338816
5.0,86.20109902,65.87057355994253,20.330525460057473
2.0,77.86602504,63.358433593786586,14.50759144621341
5.0,31.72624599,65.87057355994253,-34.14432756994253
8.0,90.88792987,68.38271352609847,22.505216343901523
7.0,87.87850996,67.54533353737983,20.33317642262017
5.0,0.013385661,65.87057355994253,-65.85718789894253
3.0,59.37978028,64.19581358250524,-4.8160333025052395
4.0,20.16159882,65.03319357122388,-44.87159475122388
2.5,38.20450888,63.77712358814591,-25.572614708145913
1.5,88.31205805,62.93974359942726,25.372314450572745
7.0,90.63414561,67.54533353737983,23.088812072620172
9.0,90.43366411,69.22009351481712,21.213570595182873
7.0,98.03561025,67.54533353737983,30.490276712620172
7.0,82.84233361,67.54533353737983,15.297000072620165
10.0,99.6667283,70.05747350353577,29.609254796464228
3.5,59.46218097,64.61450357686456,-5.152322606864566
6.0,57.45911163,66.70795354866118,-9.248841918661178
6.0,47.08338833,66.70795354866118,-19.624565218661182
2.0,90.31958595,63.358433593786586,26.961152356213418
3.0,98.95552157,64.19581358250524,34.759707987494764
10.0,27.78101262,70.05747350353577,-42.276460883535776
4.0,23.88792062,65.03319357122388,-41.14527295122387
6.0,97.9086358,66.70795354866118,31.20068225133882
10.0,99.62372721,70.05747350353577,29.566253706464224
1.0,95.78741386,62.521053605067934,33.26636025493207
5.0,71.4546828,65.87057355994253,5.584109240057472
4.0,85.77765428,65.03319357122388,20.744460708776117
10.0,96.62173339,70.05747350353577,26.564259886464228
10.0,21.9624896,70.05747350353577,-48.09498390353578
7.0,92.02129979,67.54533353737983,24.475966252620168
10.0,97.42796906,70.05747350353577,27.37049555646422
1.0,45.10466177,62.521053605067934,-17.416391835067934
8.0,78.86617896,68.38271352609847,10.483465433901529
10.0,58.95859525,70.05747350353577,-11.098878253535773
5.0,76.74440845,65.87057355994253,10.873834890057466
9.0,95.35936613,69.22009351481712,26.139272615182875
4.0,11.49744499,65.03319357122388,-53.53574858122388
9.0,71.56498153,69.22009351481712,2.3448880151828746
5.0,92.46380548,65.87057355994253,26.593231920057477
5.0,84.39019777,65.87057355994253,18.519624210057472
9.0,1.257551086,69.22009351481712,-67.96254242881712
4.0,94.67397253,65.03319357122388,29.640778958776124
7.0,98.73549672,67.54533353737983,31.190163182620168
9.0,98.33822845,69.22009351481712,29.11813493518288
6.0,86.99550206,66.70795354866118,20.287548511338827
0.5,99.35031187,62.102363610708615,37.247948259291384
8.0,83.27464083,68.38271352609847,14.891927303901525
7.0,70.9230108,67.54533353737983,3.3776772626201677
1.0,42.42023048,62.521053605067934,-20.100823125067933
10.0,14.02708141,70.05747350353577,-56.030392093535774
10.0,65.91917256,70.05747350353577,-4.138300943535768
5.0,64.26150224,65.87057355994253,-1.6090713199425295
3.5,99.73470132,64.61450357686456,35.120197743135435
5.0,8.219477758,65.87057355994253,-57.65109580194253
3.0,75.42432038,64.19581358250524,11.22850679749476
4.5,52.22408981,65.4518835655832,-13.2277937555832
1.0,87.01278959,62.521053605067934,24.491735984932063
7.0,72.98083347,67.54533353737983,5.435499932620161
5.5,99.47302266,66.28926355430185,33.183759105698144
7.0,47.49270385,67.54533353737983,-20.052629687379834
6.0,9.166422739,66.70795354866118,-57.54153080966118
3.0,94.89706786,64.19581358250524,30.70125427749477
8.0,90.73511821,68.38271352609847,22.352404683901526
3.5,92.40844015,64.61450357686456,27.79393657313544
5.0,85.0778139,65.87057355994253,19.207240340057467
6.0,36.41834536,66.70795354866118,-30.289608188661177
1.0,89.28907984,62.521053605067934,26.768026234932066
9.0,99.10432766,69.22009351481712,29.884234145182873
7.0,98.9510267,67.54533353737983,31.405693162620167
5.0,99.20593616,65.87057355994253,33.335362600057465
7.0,68.08272065,67.54533353737983,0.5373871126201664
7.0,93.82512955,67.54533353737983,26.279796012620167
5.0,93.16153694,65.87057355994253,27.290963380057477
5.0,97.35910719,65.87057355994253,31.488533630057475
8.0,30.9243125,68.38271352609847,-37.45840102609847
7.0,89.0638934,67.54533353737983,21.518559862620165
10.0,80.55410129,70.05747350353577,10.49662778646423
5.5,47.61210954,66.28926355430185,-18.677154014301856
7.0,34.21717792,67.54533353737983,-33.328155617379835
9.0,91.76883047,69.22009351481712,22.548736955182875
6.0,95.64556954,66.70795354866118,28.937615991338816
8.0,65.77006316,68.38271352609847,-2.612650366098464
1.0,90.26171279,62.521053605067934,27.74065918493207
2.5,97.85767668,63.77712358814591,34.080553091854085
3.5,31.72624599,64.61450357686456,-32.88825758686457
10.0,98.06460833,70.05747350353577,28.007134826464224
2.5,59.84743653,63.77712358814591,-3.929687058145909
5.5,83.35027142,66.28926355430185,17.061007865698144
4.0,39.14343244,65.03319357122388,-25.889761131223878
6.0,54.47224317,66.70795354866118,-12.235710378661182
10.0,26.33576132,70.05747350353577,-43.72171218353577
0.5,98.54103934,62.102363610708615,36.43867572929138
8.0,63.63789679,68.38271352609847,-4.744816736098471
5.0,42.18686522,65.87057355994253,-23.683708339942527
8.0,69.86952348,68.38271352609847,1.4868099539015276
5.5,70.34312509,66.28926355430185,4.053861535698147
3.0,42.79220671,64.19581358250524,-21.403606872505236
0.0,97.00752281,61.68367361634929,35.32384919365071
10.0,96.85746532,70.05747350353577,26.799991816464228
6.0,57.43872869,66.70795354866118,-9.269224858661183
5.0,76.17136869,65.87057355994253,10.300795130057466
6.0,94.56618555,66.70795354866118,27.85823200133882
5.0,99.91988027,65.87057355994253,34.049306710057465
7.0,99.49405991,67.54533353737983,31.948726372620172
2.5,92.84632248,63.77712358814591,29.069198891854086
10.0,11.97711072,70.05747350353577,-58.080362783535776
1.0,89.41561251,62.521053605067934,26.89455890493207
4.0,98.33058971,65.03319357122388,33.29739613877612
0.0,34.21869952,61.68367361634929,-27.464974096349287
0.5,36.46577286,62.102363610708615,-25.636590750708613
2.5,92.46401627,63.77712358814591,28.68689268185409
6.0,0.628303164,66.70795354866118,-66.07965038466118
2.5,0.799484398,63.77712358814591,-62.977639190145915
3.0,68.08272065,64.19581358250524,3.886907067494761
9.0,42.9484965,69.22009351481712,-26.271597014817125
3.0,31.95457566,64.19581358250524,-32.241237922505235
4.0,94.73973198,65.03319357122388,29.706538408776126
5.0,45.29045811,65.87057355994253,-20.580115449942525
3.5,0.260110445,64.61450357686456,-64.35439313186457
2.0,49.74876016,63.358433593786586,-13.609673433786583
3.0,94.63635277,64.19581358250524,30.440539187494764
5.0,94.58352645,65.87057355994253,28.712952890057466
2.5,96.96440731,63.77712358814591,33.18728372185409
4.0,27.90530303,65.03319357122388,-37.12789054122388
3.5,97.20800873,64.61450357686456,32.59350515313544
8.0,61.81583233,68.38271352609847,-6.566881196098471
8.0,33.80347656,68.38271352609847,-34.57923696609847
0.0,98.79739904,61.68367361634929,37.11372542365071
7.0,89.18013144,67.54533353737983,21.634797902620164
4.0,93.38093618,65.03319357122388,28.34774260877613
5.5,55.2253558,66.28926355430185,-11.063907754301852
6.0,21.9624896,66.70795354866118,-44.74546394866118
8.0,92.41928342,68.38271352609847,24.03656989390153
6.0,65.30327963,66.70795354866118,-1.4046739186611745
6.0,96.23617059,66.70795354866118,29.52821704133882
5.0,84.10727673,65.87057355994253,18.236703170057467
6.0,92.27855416,66.70795354866118,25.57060061133882
5.0,98.98210984,65.87057355994253,33.11153628005748
8.0,78.44672535,68.38271352609847,10.064011823901524
5.0,98.01475489,65.87057355994253,32.14418133005748
4.0,87.39539654,65.03319357122388,22.362202968776117
2.0,56.25019224,63.358433593786586,-7.108241353786589
6.0,99.06000925,66.70795354866118,32.35205570133881
7.0,14.4149222,67.54533353737983,-53.13041133737983
2.5,38.13969216,63.77712358814591,-25.63743142814591
5.0,88.12171373,65.87057355994253,22.251140170057468
0.0,97.25191593,61.68367361634929,35.56824231365071
6.0,99.13254977,66.70795354866118,32.42459622133882
4.0,99.33105185,65.03319357122388,34.29785827877612
2.5,58.54997123,63.77712358814591,-5.227152358145915
6.0,90.71004354,66.70795354866118,24.00208999133882
3.0,49.83256354,64.19581358250524,-14.363250042505236
1.0,98.84474576,62.521053605067934,36.32369215493206
0.0,47.1601248,61.68367361634929,-14.52354881634929
5.0,27.95943151,65.87057355994253,-37.91114204994253
1.0,38.77914215,62.521053605067934,-23.741911455067935
1.0,49.07165942,62.521053605067934,-13.44939418506793
4.0,69.91124718,65.03319357122388,4.878053608776128
3.0,99.59063938,64.19581358250524,35.39482579749476
5.5,97.97137049,66.28926355430185,31.682106935698144
3.5,99.63902042,64.61450357686456,35.02451684313543
6.0,53.94181341,66.70795354866118,-12.766140138661179
2.5,41.98150796,63.77712358814591,-21.79561562814591
3.0,68.38112974,64.19581358250524,4.185316157494768
8.0,53.24794021,68.38271352609847,-15.134773316098467
10.0,88.08579404,70.05747350353577,18.02832053646422
7.0,99.6063196,67.54533353737983,32.060986062620174
5.0,81.83304224,65.87057355994253,15.96246868005747
10.0,87.89933447,70.05747350353577,17.841860966464225
4.0,58.167767,65.03319357122388,-6.865426571223878
5.0,99.82303067,65.87057355994253,33.952457110057466
2.0,99.33064261,63.358433593786586,35.97220901621341
10.0,87.19251087,70.05747350353577,17.135037366464232
3.0,60.68536372,64.19581358250524,-3.51044986250524
10.0,69.83564514,70.05747350353577,-0.22182836353577784
2.5,99.43031637,63.77712358814591,35.65319278185409
0.5,81.57298816,62.102363610708615,19.47062454929138
5.0,66.2563695,65.87057355994253,0.3857959400574771
6.0,66.72581086,66.70795354866118,0.017857311338815407
7.0,96.24926485,67.54533353737983,28.70393131262017
3.0,81.37544358,64.19581358250524,17.179629997494757
5.0,62.34594798,65.87057355994253,-3.52462557994253
7.0,56.79061795,67.54533353737983,-10.754715587379835
6.0,94.86641154,66.70795354866118,28.15845799133882
10.0,94.63280144,70.05747350353577,24.57532793646422
10.0,62.18674919,70.05747350353577,-7.870724313535774
1.0,99.029963,62.521053605067934,36.50890939493206
4.0,94.82910931,65.03319357122388,29.79591573877613
2.0,45.1520129,63.358433593786586,-18.206420693786583
5.0,98.00079597,65.87057355994253,32.13022241005747
10.0,45.71374899,70.05747350353577,-24.343724513535776
2.0,93.56042966,63.358433593786586,30.20199606621341
5.0,72.13833601,65.87057355994253,6.267762450057475
7.0,96.73596955,67.54533353737983,29.19063601262016
8.0,98.18278369,68.38271352609847,29.800070163901523
4.0,99.70193491,65.03319357122388,34.66874133877613
5.5,3.163642944,66.28926355430185,-63.12562061030185
0.5,98.50377245,62.102363610708615,36.401408839291385
0.0,96.75003092,61.68367361634929,35.06635730365071
4.0,94.0529025,65.03319357122388,29.019708928776126
3.0,5.451864664,64.19581358250524,-58.74394891850524
6.0,42.92399714,66.70795354866118,-23.783956408661183
5.0,87.19251087,65.87057355994253,21.32193731005748
7.0,10.51649662,67.54533353737983,-57.028836917379834
4.0,85.0778139,65.03319357122388,20.04462032877612
5.0,3.662930843,65.87057355994253,-62.20764271694253
4.0,30.70445124,65.03319357122388,-34.32874233122388
7.0,97.36937997,67.54533353737983,29.824046432620165
10.0,55.79291405,70.05747350353577,-14.264559453535774
0.0,99.18517569,61.68367361634929,37.501502073650705
1.5,12.85383669,62.93974359942726,-50.08590690942726
8.0,99.71425149,68.38271352609847,31.331537963901525
4.5,97.43758591,65.4518835655832,31.985702344416794
9.0,44.87060316,69.22009351481712,-24.34949035481712
1.0,8.365350142,62.521053605067934,-54.15570346306794
1.0,87.52975421,62.521053605067934,25.00870060493206
6.0,50.73854356,66.70795354866118,-15.969409988661184
1.5,93.42294073,62.93974359942726,30.483197130572734
3.5,96.34581803,64.61450357686456,31.73131445313544
9.0,70.31917473,69.22009351481712,1.0990812151828777
2.5,54.73177724,63.77712358814591,-9.045346348145912
9.0,26.58404874,69.22009351481712,-42.63604477481712
4.0,63.79127104,65.03319357122388,-1.241922531223878
5.0,72.79561651,65.87057355994253,6.925042950057474
8.0,85.86746891,68.38271352609847,17.48475538390153
7.0,80.2165365,67.54533353737983,12.671202962620171
8.0,89.11420121,68.38271352609847,20.731487683901534
2.0,94.58699394,63.358433593786586,31.228560346213413
0.5,99.70557144,62.102363610708615,37.603207829291385
1.5,43.08896674,62.93974359942726,-19.850776859427263
3.5,74.34578782,64.61450357686456,9.731284243135434
10.0,76.56851833,70.05747350353577,6.511044826464229
2.5,80.25071672,63.77712358814591,16.473593131854088
0.5,95.78822484,62.102363610708615,33.68586122929138
5.0,81.02041569,65.87057355994253,15.149842130057465
4.0,75.61053574,65.03319357122388,10.577342168776127
2.0,23.42262241,63.358433593786586,-39.93581118378658
4.0,87.74086173,65.03319357122388,22.70766815877613
7.0,94.29536872,67.54533353737983,26.750035182620167
7.0,91.43711707,67.54533353737983,23.891783532620167
4.5,71.3714958,65.4518835655832,5.919612234416803
4.5,57.95910476,65.4518835655832,-7.4927788055832
2.0,89.23253452,63.358433593786586,25.874100926213416
3.5,57.23154694,64.61450357686456,-7.382956636864563
8.0,8.447500337,68.38271352609847,-59.93521318909847
7.0,55.7534678,67.54533353737983,-11.79186573737983
6.0,3.317083177,66.70795354866118,-63.39087037166118
2.0,66.62027906,63.358433593786586,3.2618454662134155
2.5,55.88270128,63.77712358814591,-7.894422308145913
7.0,99.11119377,67.54533353737983,31.565860232620167
0.0,70.53703586,61.68367361634929,8.853362243650714
8.0,77.20364961,68.38271352609847,8.820936083901529
2.0,73.28011132,63.358433593786586,9.921677726213417
2.0,68.61475199,63.358433593786586,5.256318396213416
5.0,19.19356657,65.87057355994253,-46.67700698994253
4.5,95.96968872,65.4518835655832,30.51780515441679
3.0,22.58222028,64.19581358250524,-41.61359330250524
2.5,72.36921722,63.77712358814591,8.592093631854084
2.0,88.07370655,63.358433593786586,24.71527295621341
6.0,98.08572513,66.70795354866118,31.37777158133882
5.5,29.30611454,66.28926355430185,-36.98314901430186
8.0,40.05564445,68.38271352609847,-28.327069076098468
3.0,50.50283383,64.19581358250524,-13.692979752505238
5.0,95.35210358,65.87057355994253,29.481530020057477
5.0,49.99484438,65.87057355994253,-15.875729179942525
3.5,98.91559123,64.61450357686456,34.30108765313544
4.0,69.7034191,65.03319357122388,4.670225528776129
10.0,86.31896631,70.05747350353577,16.26149280646422
2.0,41.48406277,63.358433593786586,-21.874370823786585
4.0,2.50414683,65.03319357122388,-62.52904674122388
4.0,98.33334624,65.03319357122388,33.30015266877612
1.5,12.02023078,62.93974359942726,-50.91951281942726
2.5,5.925424048,63.77712358814591,-57.851699540145916
0.5,81.07986622,62.102363610708615,18.977502609291385
4.0,43.53539984,65.03319357122388,-21.49779373122388
1.0,28.28403955,62.521053605067934,-34.23701405506793
3.0,2.376856943,64.19581358250524,-61.81895663950524
1.5,62.34594798,62.93974359942726,-0.5937956194272616
1.5,58.2330153,62.93974359942726,-4.706728299427262
4.0,98.00807952,65.03319357122388,32.97488594877612
6.0,87.4463047,66.70795354866118,20.73835115133882
1.5,95.19034603,62.93974359942726,32.25060243057274
2.5,98.28941691,63.77712358814591,34.51229332185409
3.0,74.10960037,64.19581358250524,9.913786787494757
2.5,79.37279924,63.77712358814591,15.595675651854094
4.0,94.18563779,65.03319357122388,29.152444218776125
6.0,44.08210307,66.70795354866118,-22.625850478661178
3.5,6.549892023,64.61450357686456,-58.064611553864566
1.0,26.68936925,62.521053605067934,-35.831684355067935
5.0,87.16521278,65.87057355994253,21.294639220057476
1.0,91.06640478,62.521053605067934,28.545351174932065
3.0,96.53523261,64.19581358250524,32.339419027494756
5.0,48.32468565,65.87057355994253,-17.54588790994253
1.5,76.53240342,62.93974359942726,13.592659820572734
4.5,93.60779165,65.4518835655832,28.155908084416794
2.5,5.692348991,63.77712358814591,-58.08477459714591
6.0,85.25076927,66.70795354866118,18.542815721338826
5.0,90.07760085,65.87057355994253,24.207027290057468
6.0,49.0050896,66.70795354866118,-17.702863948661182
3.5,44.48848749,64.61450357686456,-20.126016086864567
2.5,58.167767,63.77712358814591,-5.609356588145914
1.5,68.33176627,62.93974359942726,5.392022670572743
3.0,53.56656078,64.19581358250524,-10.629252802505235
3.0,35.20622619,64.19581358250524,-28.989587392505236
9.0,10.130113,69.22009351481712,-59.08998051481712
6.0,73.89402899,66.70795354866118,7.186075441338815
6.0,87.3464244,66.70795354866118,20.638470851338823
4.5,43.7908813,65.4518835655832,-21.6610022655832
1.0,98.95719794,62.521053605067934,36.43614433493207
2.0,50.41309274,63.358433593786586,-12.945340853786583
8.0,96.13778319,68.38271352609847,27.755069663901523
1.5,46.91602522,62.93974359942726,-16.023718379427258
6.0,96.31334391,66.70795354866118,29.60539036133882
4.0,51.97419472,65.03319357122388,-13.058998851223876
4.0,56.52032716,65.03319357122388,-8.512866411223875
2.0,41.98150796,63.358433593786586,-21.376925633786584
1.0,96.073651,62.521053605067934,33.552597394932064
6.0,20.78050138,66.70795354866118,-45.927452168661176
5.0,80.08049978,65.87057355994253,14.209926220057469
6.0,97.37670064,66.70795354866118,30.668747091338815
7.0,92.37266985,67.54533353737983,24.82733631262016
2.0,51.62074,63.358433593786586,-11.737693593786588
3.5,77.86602504,64.61450357686456,13.251521463135433
3.0,8.398714422,64.19581358250524,-55.79709916050524
5.0,75.59564792,65.87057355994253,9.725074360057476
0.5,76.1728684,62.102363610708615,14.070504789291384
3.0,53.72464598,64.19581358250524,-10.47116760250524
3.0,10.30443836,64.19581358250524,-53.89137522250524
0.5,78.57310447,62.102363610708615,16.47074085929139
3.0,25.70763057,64.19581358250524,-38.48818301250524
4.0,56.73203128,65.03319357122388,-8.301162291223875
4.0,46.53516307,65.03319357122388,-18.498030501223873
4.0,84.03195797,65.03319357122388,18.998764398776117
7.0,82.22768082,67.54533353737983,14.68234728262017
3.0,76.82307269,64.19581358250524,12.627259107494766
9.0,6.655533385,69.22009351481712,-62.564560129817124
4.5,78.75181773,65.4518835655832,13.299934164416797
3.0,7.324632827,64.19581358250524,-56.871180755505236
3.5,41.76200357,64.61450357686456,-22.852500006864567
3.0,87.36289335,64.19581358250524,23.167079767494755
2.5,29.36620695,63.77712358814591,-34.41091663814591
7.0,86.27089853,67.54533353737983,18.725564992620164
1.5,15.02405323,62.93974359942726,-47.91569036942726
3.5,67.33594521,64.61450357686456,2.7214416331354414
3.0,30.67625774,64.19581358250524,-33.51955584250524
2.0,38.18531901,63.358433593786586,-25.173114583786585
8.0,72.47803563,68.38271352609847,4.095322103901523
6.0,92.38289452,66.70795354866118,25.674940971338813
5.0,98.50299614,65.87057355994253,32.632422580057465
1.0,67.67090926,62.521053605067934,5.149855654932068
4.0,34.59472541,65.03319357122388,-30.438468161223874
5.0,98.04338304,65.87057355994253,32.17280948005747
6.0,99.84953978,66.70795354866118,33.14158623133882
7.0,53.41072871,67.54533353737983,-14.134604827379832
5.0,78.86617896,65.87057355994253,12.995605400057471
2.5,54.04791735,63.77712358814591,-9.729206238145913
1.0,75.92774157,62.521053605067934,13.406687964932061
5.0,90.06979532,65.87057355994253,24.19922176005747
3.0,95.88643657,64.19581358250524,31.690622987494763
3.0,35.43738756,64.19581358250524,-28.75842602250524
2.5,67.85584641,63.77712358814591,4.078722821854086
3.0,48.21839695,64.19581358250524,-15.97741663250524
5.0,63.79127104,65.87057355994253,-2.07930251994253
2.5,35.49137813,63.77712358814591,-28.28574545814591
3.0,24.20501231,64.19581358250524,-39.99080127250524
1.5,57.42808938,62.93974359942726,-5.511654219427257
9.0,30.29781056,69.22009351481712,-38.92228295481712
5.0,78.01416162,65.87057355994253,12.143588060057468
5.0,51.94253967,65.87057355994253,-13.928033889942526
1.0,54.93952038,62.521053605067934,-7.581533225067936
1.5,86.15842733,62.93974359942726,23.218683730572735
2.5,78.58439332,63.77712358814591,14.807269731854092
3.0,79.81648603,64.19581358250524,15.620672447494755
1.5,33.0342922,62.93974359942726,-29.905451399427257
4.0,62.47075585,65.03319357122388,-2.5624377212238727
1.0,96.15506264,62.521053605067934,33.63400903493206
4.0,19.66638439,65.03319357122388,-45.36680918122387
3.0,8.680875488,64.19581358250524,-55.51493809450524
4.0,77.19065117,65.03319357122388,12.15745759877612
2.5,88.18931981,63.77712358814591,24.41219622185409
5.0,88.60699523,65.87057355994253,22.736421670057467
6.0,61.77258749,66.70795354866118,-4.935366058661181
4.0,84.50209709,65.03319357122388,19.46890351877613
3.0,90.63878637,64.19581358250524,26.442972787494767
8.0,86.77254657,68.38271352609847,18.389833043901533
3.0,99.41923944,64.19581358250524,35.22342585749476
1.5,25.61355879,62.93974359942726,-37.32618480942726
2.5,95.53785308,63.77712358814591,31.760729491854093
3.5,84.51397897,64.61450357686456,19.899475393135432
1.0,99.029963,62.521053605067934,36.50890939493206
3.0,53.20245682,64.19581358250524,-10.993356762505236
2.5,67.16680562,63.77712358814591,3.3896820318540932
5.0,82.26307439,65.87057355994253,16.39250083005747
3.5,83.63868449,64.61450357686456,19.02418091313544
3.0,36.0477335,64.19581358250524,-28.14808008250524
4.0,43.92795187,65.03319357122388,-21.105241701223875
1.5,9.269721952,62.93974359942726,-53.67002164742726
5.0,98.83957095,65.87057355994253,32.96899739005747
2.0,3.864754635,63.358433593786586,-59.49367895878659
0.0,10.130113,61.68367361634929,-51.55356061634929
5.0,96.54854112,65.87057355994253,30.677967560057468
3.0,44.91365764,64.19581358250524,-19.28215594250524
4.5,28.81386159,65.4518835655832,-36.6380219755832
4.0,48.32468565,65.03319357122388,-16.708507921223877
8.0,89.05760213,68.38271352609847,20.674888603901536
1.0,64.30723303,62.521053605067934,1.7861794249320724
8.0,89.17552609,68.38271352609847,20.792812563901535
4.5,40.55138048,65.4518835655832,-24.900503085583203
2.5,82.76557777,63.77712358814591,18.98845418185408
5.5,98.00783883,66.28926355430185,31.718575275698143
8.0,33.66779009,68.38271352609847,-34.71492343609847
3.5,76.16361312,64.61450357686456,11.54910954313543
3.5,63.82818629,64.61450357686456,-0.7863172868645663
5.0,86.06465377,65.87057355994253,20.19408021005748
3.5,81.57660666,64.61450357686456,16.962103083135432
5.0,84.19463662,65.87057355994253,18.32406306005747
3.5,31.67843907,64.61450357686456,-32.93606450686457
4.0,57.42808938,65.03319357122388,-7.605104191223873
5.0,98.42764226,65.87057355994253,32.55706870005747
8.0,43.5483394,68.38271352609847,-24.834374126098467
5.0,33.66779009,65.87057355994253,-32.20278346994253
7.0,54.04141112,67.54533353737983,-13.503922417379833
7.0,71.52922262,67.54533353737983,3.9838890826201663
1.5,72.0180018,62.93974359942726,9.078258200572733
3.5,41.69642287,64.61450357686456,-22.918080706864565
1.0,13.38961565,62.521053605067934,-49.13143795506794
1.5,70.79270495,62.93974359942726,7.852961350572741
5.0,59.25717958,65.87057355994253,-6.613393979942529
7.0,67.52847944,67.54533353737983,-0.016854097379834343
1.0,50.95276905,62.521053605067934,-11.568284555067933
1.0,94.43288682,62.521053605067934,31.91183321493206
3.0,95.68925253,64.19581358250524,31.493438947494766
5.5,80.1306852,66.28926355430185,13.841421645698148
4.5,60.59393258,65.4518835655832,-4.8579509855832015
1.0,24.7571985,62.521053605067934,-37.76385510506793
1.0,79.52427005,62.521053605067934,17.003216444932065
3.0,97.21723796,64.19581358250524,33.02142437749477
2.5,80.05711002,63.77712358814591,16.279986431854084
3.0,31.95457566,64.19581358250524,-32.241237922505235
5.0,44.48259954,65.87057355994253,-21.387974019942526
3.0,77.81153178,64.19581358250524,13.615718197494758
4.0,83.86652792,65.03319357122388,18.83333434877612
6.0,18.31768251,66.70795354866118,-48.39027103866118
4.0,89.36336731,65.03319357122388,24.330173738776125
4.5,59.97282837,65.4518835655832,-5.4790551955832
5.5,84.62919716,66.28926355430185,18.33993360569815
1.0,87.65979453,62.521053605067934,25.138740924932065
3.0,48.32468565,64.19581358250524,-15.871127932505239
1.0,41.49272193,62.521053605067934,-21.028331675067932
5.0,23.48138173,65.87057355994253,-42.38919182994253
2.5,50.6520541,63.77712358814591,-13.125069488145911
4.5,12.85383669,65.4518835655832,-52.5980468755832
5.0,55.18146429,65.87057355994253,-10.689109269942527
1.5,64.22682777,62.93974359942726,1.28708417057274
6.0,65.2420533,66.70795354866118,-1.4659002486611854
1.5,47.9840088,62.93974359942726,-14.955734799427262
4.0,4.013791725,65.03319357122388,-61.01940184622388
10.0,11.91054027,70.05747350353577,-58.146933233535776
4.0,63.00335407,65.03319357122388,-2.0298395012238757
0.5,84.84665926,62.102363610708615,22.74429564929138
0.5,19.83792515,62.102363610708615,-42.26443846070862
5.0,22.00897479,65.87057355994253,-43.86159876994253
4.0,66.72581086,65.03319357122388,1.6926172887761197
1.0,20.16159882,62.521053605067934,-42.35945478506794
5.0,24.92124987,65.87057355994253,-40.94932368994253
3.5,25.01115187,64.61450357686456,-39.603351706864565
2.0,62.18674919,63.358433593786586,-1.1716844037865854
3.0,48.18499756,64.19581358250524,-16.01081602250524
3.5,38.13156894,64.61450357686456,-26.482934636864563
5.0,17.33603611,65.87057355994253,-48.53453744994253
2.0,79.81648603,63.358433593786586,16.458052436213407
5.0,23.52098729,65.87057355994253,-42.34958626994253
2.5,47.57670396,63.77712358814591,-16.20041962814591
1.0,61.78523973,62.521053605067934,-0.735813875067933
3.0,66.08825915,64.19581358250524,1.892445567494761
2.5,83.06926617,63.77712358814591,19.292142581854094
3.0,88.95240548,64.19581358250524,24.756591897494758
6.0,94.22723364,66.70795354866118,27.519280091338814
0.5,77.04936127,62.102363610708615,14.946997659291391
2.0,28.59746673,63.358433593786586,-34.760966863786585
1.5,29.7578994,62.93974359942726,-33.18184419942726
3.5,90.83906742,64.61450357686456,26.224563843135442
1.0,38.60495566,62.521053605067934,-23.916097945067932
3.0,67.02228158,64.19581358250524,2.8264679974947597
5.0,93.68005657,65.87057355994253,27.809483010057477
1.5,62.34594798,62.93974359942726,-0.5937956194272616
4.5,41.98150796,65.4518835655832,-23.4703756055832
0.0,43.00453896,61.68367361634929,-18.67913465634929
1.5,47.57670396,62.93974359942726,-15.363039639427257
0.5,69.91124718,62.102363610708615,7.808883569291389
1.5,0.260110445,62.93974359942726,-62.67963315442726
2.0,58.89885354,63.358433593786586,-4.459580053786588
1.0,21.89069518,62.521053605067934,-40.63035842506793
2.0,50.9578953,63.358433593786586,-12.400538293786589
0.0,56.4762692,61.68367361634929,-5.207404416349291
5.0,25.04857867,65.87057355994253,-40.82199488994253
1.0,51.77995186,62.521053605067934,-10.741101745067937
2.0,11.91054027,63.358433593786586,-51.44789332378659
5.0,31.37615111,65.87057355994253,-34.49442244994253
1.5,62.64948057,62.93974359942726,-0.29026302942725835
5.0,8.92763896,65.87057355994253,-56.94293459994253
1.0,53.56656078,62.521053605067934,-8.95449282506793
1.0,25.61355879,62.521053605067934,-36.907494815067935
6.0,1.112300577,66.70795354866118,-65.59565297166118
7.0,96.30035002,67.54533353737983,28.755016482620164
2.5,56.7549496,63.77712358814591,-7.022173988145909
0.5,21.08701585,62.102363610708615,-41.015347760708615
3.0,41.86935632,64.19581358250524,-22.326457262505237
0.0,14.81753874,61.68367361634929,-46.86613487634929
5.0,95.67025067,65.87057355994253,29.799677110057473
6.0,97.82278208,66.70795354866118,31.114828531338816
2.0,60.52327398,63.358433593786586,-2.835159613786587
1.5,97.96042161,62.93974359942726,35.02067801057274
3.0,57.0210877,64.19581358250524,-7.174725882505236
1.5,41.86935632,62.93974359942726,-21.07038727942726
1.0,68.8956969,62.521053605067934,6.374643294932071
1.0,13.02100074,62.521053605067934,-49.500052865067936
1.0,62.64948057,62.521053605067934,0.12842696493206773
2.5,60.76861032,63.77712358814591,-3.0085132681459115
7.0,84.20292204,67.54533353737983,16.65758850262017
3.0,90.96864251,64.19581358250524,26.772828927494757
5.0,97.13310525,65.87057355994253,31.26253169005747
2.5,66.5318241,63.77712358814591,2.7547005118540824
6.0,20.15081078,66.70795354866118,-46.55714276866118
5.0,23.56629787,65.87057355994253,-42.30427568994253
1.5,44.74611168,62.93974359942726,-18.19363191942726
1.0,63.80712395,62.521053605067934,1.2860703449320638
3.0,56.70374023,64.19581358250524,-7.492073352505237
0.5,17.80721947,62.102363610708615,-44.295144140708615
1.5,37.57997923,62.93974359942726,-25.35976436942726
0.0,48.21839695,61.68367361634929,-13.46527666634929
2.5,89.78692125,63.77712358814591,26.009797661854094
1.0,65.31513573,62.521053605067934,2.7940821249320607
0.0,61.87699019,61.68367361634929,0.1933165736507121
0.5,30.29781056,62.102363610708615,-31.804553050708616
4.0,37.69752711,65.03319357122388,-27.335666461223873
3.0,30.2601081,64.19581358250524,-33.93570548250524
2.0,70.07852644,63.358433593786586,6.720092846213419
5.0,50.11612649,65.87057355994253,-15.754447069942529
2.0,50.87045271,63.358433593786586,-12.487980883786584
2.0,41.16151426,63.358433593786586,-22.19691933378659
4.0,51.94450967,65.03319357122388,-13.088683901223874
0.5,83.03210906,62.102363610708615,20.92974544929138
0.5,92.38289452,62.102363610708615,30.28053090929138
2.0,82.18267485,63.358433593786586,18.824241256213412
2.5,25.56692339,63.77712358814591,-38.21020019814591
3.0,15.52368583,64.19581358250524,-48.67212775250524
0.5,67.73802914,62.102363610708615,5.63566552929138
1.5,64.62836913,62.93974359942726,1.688625530572736
1.0,91.47557042,62.521053605067934,28.954516814932063
3.0,19.43625279,64.19581358250524,-44.75956079250524
5.0,98.70062105,65.87057355994253,32.83004749005747
7.0,75.69056427,67.54533353737983,8.145230732620163
2.0,74.41879277,63.358433593786586,11.06035917621341
3.0,27.78101262,64.19581358250524,-36.41480096250524
3.0,63.18671378,64.19581358250524,-1.00909980250524
2.5,98.47587679,63.77712358814591,34.69875320185409
6.0,99.28265952,66.70795354866118,32.574705971338815
5.0,98.25781037,65.87057355994253,32.38723681005747
3.0,98.93438618,64.19581358250524,34.738572597494766
4.0,39.50160004,65.03319357122388,-25.531593531223876
10.0,89.97192065,70.05747350353577,19.914447146464227
4.0,87.68662103,65.03319357122388,22.65342745877612
10.0,51.7091278,70.05747350353577,-18.348345703535777
5.0,35.74194696,65.87057355994253,-30.12862659994253
5.5,68.85523045,66.28926355430185,2.565966895698139
4.0,94.79049664,65.03319357122388,29.757303068776125
0.5,23.68951218,62.102363610708615,-38.41285143070861
7.0,92.67158438,67.54533353737983,25.126250842620166
10.0,84.16819767,70.05747350353577,14.110724166464223
1.5,58.87622836,62.93974359942726,-4.063515239427261
6.0,90.5075659,66.70795354866118,23.799612351338823
1.5,94.81219197,62.93974359942726,31.87244837057274
0.0,70.69692891,61.68367361634929,9.013255293650708
5.5,63.94021415,66.28926355430185,-2.3490494043018515
5.0,99.44346597,65.87057355994253,33.57289241005748
1.0,14.23720715,62.521053605067934,-48.28384645506793
3.0,7.43365761,64.19581358250524,-56.76215597250524
5.0,56.78007284,65.87057355994253,-9.090500719942526
8.0,54.40819125,68.38271352609847,-13.974522276098469
10.0,93.71983177,70.05747350353577,23.662358266464224
4.0,96.23617059,65.03319357122388,31.202977018776124
6.0,8.572778087,66.70795354866118,-58.13517546166118
3.0,67.38519263,64.19581358250524,3.189379047494768
7.0,69.86952348,67.54533353737983,2.3241899426201655
1.5,62.8727162,62.93974359942726,-0.06702739942726055
4.0,80.25071672,65.03319357122388,15.217523148776124
5.0,98.93345772,65.87057355994253,33.06288416005748
0.5,81.02041569,62.102363610708615,18.918052079291378
3.0,47.49270385,64.19581358250524,-16.70310973250524
0.5,74.58652474,62.102363610708615,12.484161129291387
1.0,68.84401729,62.521053605067934,6.322963684932063
2.5,26.20002495,63.77712358814591,-37.57709863814591
1.5,73.74393215,62.93974359942726,10.804188550572746
5.0,39.55289509,65.87057355994253,-26.31767846994253
1.0,98.87584112,62.521053605067934,36.35478751493207
2.5,67.33594521,63.77712358814591,3.5588216218540936
1.5,55.79291405,62.93974359942726,-7.14682954942726
3.0,27.90530303,64.19581358250524,-36.29051055250524
1.5,20.56260973,62.93974359942726,-42.37713386942726
5.0,97.11756956,65.87057355994253,31.24699600005748
1.5,40.07525181,62.93974359942726,-22.864491789427262
5.0,98.08829007,65.87057355994253,32.21771651005747
1.0,7.200885993,62.521053605067934,-55.320167612067934
2.5,42.12549278,63.77712358814591,-21.65163080814591
2.0,31.69146229,63.358433593786586,-31.666971303786585
1.0,50.14851643,62.521053605067934,-12.372537175067933
1.5,71.17867121,62.93974359942726,8.238927610572745
1.5,80.36346566,62.93974359942726,17.423722060572743
5.0,92.41723414,65.87057355994253,26.546660580057477
3.0,77.99562031,64.19581358250524,13.799806727494769
9.0,84.16819767,69.22009351481712,14.948104155182875
3.0,28.80115886,64.19581358250524,-35.39465472250524
0.5,75.01704032,62.102363610708615,12.914676709291392
1.0,53.65661966,62.521053605067934,-8.864433945067937
2.0,28.59690405,63.358433593786586,-34.76152954378659
0.5,33.68104796,62.102363610708615,-28.421315650708614
6.0,28.36149003,66.70795354866118,-38.34646351866118
5.0,55.25522575,65.87057355994253,-10.615347809942527
2.5,45.31791625,63.77712358814591,-18.45920733814591
5.0,65.88575167,65.87057355994253,0.015178110057476601
1.0,56.52032716,62.521053605067934,-6.000726445067933
0.5,70.79270495,62.102363610708615,8.690341339291386
4.0,78.57310447,65.03319357122388,13.539910898776128
4.0,37.95309013,65.03319357122388,-27.080103441223876
2.5,66.95017509,63.77712358814591,3.17305150185409
6.0,37.55228267,66.70795354866118,-29.155670878661184
1.5,73.74393215,62.93974359942726,10.804188550572746
3.0,72.60095123,64.19581358250524,8.405137647494769
9.0,31.78001777,69.22009351481712,-37.44007574481712
4.0,75.33868991,65.03319357122388,10.305496338776123
3.0,68.25363425,64.19581358250524,4.0578206674947666
3.0,47.58022949,64.19581358250524,-16.615584092505237
2.0,84.98193234,63.358433593786586,21.623498746213414
2.0,72.36104809,63.358433593786586,9.002614496213411
6.0,54.63077194,66.70795354866118,-12.077181608661178
8.0,85.93465272,68.38271352609847,17.551939193901532
8.0,25.76611637,68.38271352609847,-42.61659715609847
4.0,98.3543785,65.03319357122388,33.32118492877612
10.0,64.26150224,70.05747350353577,-5.795971263535776
7.0,87.50167897,67.54533353737983,19.956345432620168
10.0,51.81620854,70.05747350353577,-18.241264963535777
10.0,15.11514409,70.05747350353577,-54.942329413535774
5.0,97.68917858,65.87057355994253,31.818605020057475
5.0,47.34504266,65.87057355994253,-18.52553089994253
9.0,94.70532232,69.22009351481712,25.48522880518287
6.0,95.11017665,66.70795354866118,28.40222310133882
3.0,95.26277833,64.19581358250524,31.066964747494765
2.0,88.19401121,63.358433593786586,24.835577616213413
5.0,2.73495916,65.87057355994253,-63.135614399942526
3.0,71.29500733,64.19581358250524,7.099193747494766
4.0,94.18182268,65.03319357122388,29.14862910877612
2.0,77.58573154,63.358433593786586,14.227297946213412
2.5,32.65896145,63.77712358814591,-31.118162138145912
5.0,44.29519256,65.87057355994253,-21.57538099994253
4.0,91.62750524,65.03319357122388,26.59431166877613
3.0,89.73469411,64.19581358250524,25.53888052749477
4.5,79.23676026,65.4518835655832,13.784876694416795
10.0,75.31505964,70.05747350353577,5.2575861364642265
6.0,77.3798864,66.70795354866118,10.671932851338823
8.0,80.50659742,68.38271352609847,12.123883893901535
2.5,93.13918876,63.77712358814591,29.362065171854084
7.0,86.77254657,67.54533353737983,19.22721303262017
1.5,47.49270385,62.93974359942726,-15.447039749427262
3.0,36.04892235,64.19581358250524,-28.14689123250524
5.0,88.3645649,65.87057355994253,22.493991340057477
5.0,60.08886446,65.87057355994253,-5.781709099942525
3.0,97.76047563,64.19581358250524,33.564662047494764
0.0,64.73433168,61.68367361634929,3.050658063650708
5.5,96.86355017,66.28926355430185,30.574286615698142
2.0,69.49743828,63.358433593786586,6.139004686213411
3.0,35.66865835,64.19581358250524,-28.527155232505237
1.0,96.02667209,62.521053605067934,33.50561848493207
8.0,6.480710021,68.38271352609847,-61.90200350509847
4.0,76.24332933,65.03319357122388,11.210135758776119
6.0,82.06106873,66.70795354866118,15.353115181338822
7.0,95.58029366,67.54533353737983,28.034960122620163
5.0,48.05850021,65.87057355994253,-17.81207334994253
5.0,84.79922772,65.87057355994253,18.928654160057476
1.5,88.77423104,62.93974359942726,25.834487440572744
6.0,94.14135345,66.70795354866118,27.433399901338817
3.0,94.01746926,64.19581358250524,29.82165567749476
1.5,93.28665536,62.93974359942726,30.346911760572738
4.0,67.56003719,65.03319357122388,2.5268436187761267
2.5,98.7537901,63.77712358814591,34.97666651185409
2.0,78.52962614,63.358433593786586,15.171192546213419
2.0,19.95310743,63.358433593786586,-43.40532616378658
1.5,95.58149175,62.93974359942726,32.64174815057274
2.5,95.17442469,63.77712358814591,31.397301101854083
1.0,92.7189044,62.521053605067934,30.197850794932066
3.0,68.33176627,64.19581358250524,4.135952687494765
1.5,2.116976511,62.93974359942726,-60.82276708842726
1.5,79.92192149,62.93974359942726,16.982177890572743
7.0,89.53941152,67.54533353737983,21.99407798262017
3.0,91.84759495,64.19581358250524,27.651781367494763
4.5,97.4820481,65.4518835655832,32.0301645344168
7.0,95.64615527,67.54533353737983,28.10082173262016
4.0,82.389679,65.03319357122388,17.356485428776125
1.5,80.39488486,62.93974359942726,17.455141260572745
1.0,74.26220694,62.521053605067934,11.741153334932065
4.0,97.88467832,65.03319357122388,32.85148474877613
3.0,54.29146197,64.19581358250524,-9.904351612505238
3.0,0.613231824,64.19581358250524,-63.582581758505235
4.0,15.11514409,65.03319357122388,-49.918049481223875
5.0,93.79838032,65.87057355994253,27.92780676005748
3.0,53.24794021,64.19581358250524,-10.947873372505235
8.0,17.21244391,68.38271352609847,-51.170269616098466
3.0,3.04531941,64.19581358250524,-61.15049417250524
5.0,68.73980755,65.87057355994253,2.8692339900574666
1.5,54.76825471,62.93974359942726,-8.171488889427259
0.5,32.35454194,62.102363610708615,-29.747821670708618
1.5,92.1853654,62.93974359942726,29.245621800572735
4.0,43.19281437,65.03319357122388,-21.840379201223875
6.0,26.6755441,66.70795354866118,-40.032409448661184
3.0,71.86076545,64.19581358250524,7.664951867494764
2.0,77.33506155,63.358433593786586,13.97662795621342
1.0,74.42424318,62.521053605067934,11.903189574932071
7.0,19.38451665,67.54533353737983,-48.16081688737984
5.0,96.57697985,65.87057355994253,30.706406290057473
0.0,62.8727162,61.68367361634929,1.1890425836507106
1.0,77.20364961,62.521053605067934,14.682596004932066
1.0,13.53750567,62.521053605067934,-48.98354793506793
0.0,2.965664302,61.68367361634929,-58.71800931434929
2.5,99.15906287,63.77712358814591,35.38193928185409
1.0,33.65433226,62.521053605067934,-28.866721345067937
5.0,15.83870002,65.87057355994253,-50.03187353994253
3.0,12.35928755,64.19581358250524,-51.83652603250524
2.5,88.20397841,63.77712358814591,24.426854821854093
0.0,49.0050896,61.68367361634929,-12.67858401634929
2.0,31.69146229,63.358433593786586,-31.666971303786585
4.0,3.548745995,65.03319357122388,-61.48444757622388
6.0,96.13778319,66.70795354866118,29.429829641338813
3.0,57.7634963,64.19581358250524,-6.432317282505238
5.0,81.34442212,65.87057355994253,15.473848560057476
3.5,53.35115646,64.61450357686456,-11.263347116864566
3.0,63.38440415,64.19581358250524,-0.8114094325052363
5.5,60.44858317,66.28926355430185,-5.840680384301855
2.0,95.54007992,63.358433593786586,32.18164632621341
7.0,86.05632028,67.54533353737983,18.51098674262016
6.0,32.74319281,66.70795354866118,-33.964760738661184
1.0,86.68831688,62.521053605067934,24.16726327493207
1.5,47.08035521,62.93974359942726,-15.85938838942726
2.5,83.64620288,63.77712358814591,19.869079291854092
4.0,85.9657027,65.03319357122388,20.93250912877612
1.5,81.80727095,62.93974359942726,18.867527350572743
2.0,61.5676942,63.358433593786586,-1.7907393937865876
6.0,80.45814115,66.70795354866118,13.750187601338823
3.5,96.23453019,64.61450357686456,31.620026613135437
5.0,51.94450967,65.87057355994253,-13.926063889942526
5.0,71.97054099,65.87057355994253,6.099967430057475
8.0,83.30894196,68.38271352609847,14.926228433901528
0.0,1.16653268,61.68367361634929,-60.517140936349286
3.0,93.85646466,64.19581358250524,29.660651077494762
5.0,37.00688122,65.87057355994253,-28.86369233994253
10.0,28.98177412,70.05747350353577,-41.07569938353578
4.0,40.43646118,65.03319357122388,-24.596732391223874
1.5,55.25522575,62.93974359942726,-7.684517849427259
3.5,16.01481832,64.61450357686456,-48.59968525686456
4.0,99.25075881,65.03319357122388,34.21756523877612
5.5,60.9709885,66.28926355430185,-5.318275054301857
1.5,90.56837039,62.93974359942726,27.62862679057274
2.0,63.65662642,63.358433593786586,0.29819282621341614
5.0,83.81890611,65.87057355994253,17.948332550057472
2.5,70.11803045,63.77712358814591,6.340906861854094
1.5,21.67031209,62.93974359942726,-41.269431509427264
6.0,98.27574094,66.70795354866118,31.567787391338825
4.0,79.92192149,65.03319357122388,14.888727918776127
2.0,19.66638439,63.358433593786586,-43.69204920378658
1.0,32.93493989,62.521053605067934,-29.58611371506793
1.0,77.04936127,62.521053605067934,14.528307664932072
1.5,67.00407505,62.93974359942726,4.0643314505727375
0.5,93.5776631,62.102363610708615,31.47529948929138
5.0,82.7114493,65.87057355994253,16.84087574005747
8.0,94.32496776,68.38271352609847,25.942254233901537
0.0,4.324742377,61.68367361634929,-57.35893123934929
1.0,92.85720138,62.521053605067934,30.336147774932073
5.0,35.32804427,65.87057355994253,-30.54252928994253
1.5,97.64503004,62.93974359942726,34.705286440572735
3.0,69.9574235,64.19581358250524,5.761609917494766
1.0,41.22700408,62.521053605067934,-21.294049525067933
0.5,60.05460846,62.102363610708615,-2.0477551507086176
0.5,36.68936176,62.102363610708615,-25.413001850708618
4.0,31.25098585,65.03319357122388,-33.78220772122388
1.5,57.31734359,62.93974359942726,-5.62240000942726
3.0,57.31734359,64.19581358250524,-6.878469992505238
0.0,69.87171391,61.68367361634929,8.188040293650708
2.0,49.88343043,63.358433593786586,-13.475003163786589
1.5,47.57670396,62.93974359942726,-15.363039639427257
2.5,95.26019624,63.77712358814591,31.483072651854087
7.0,72.61830133,67.54533353737983,5.072967792620162
1.0,25.09923397,62.521053605067934,-37.42181963506793
2.5,77.00916842,63.77712358814591,13.232044831854083
4.0,69.43321006,65.03319357122388,4.400016488776117
4.0,66.95017509,65.03319357122388,1.9169815187761259
1.5,17.14466167,62.93974359942726,-45.795081929427255
0.0,95.52931923,61.68367361634929,33.84564561365071
3.0,75.73428595,64.19581358250524,11.538472367494762
2.5,85.28284082,63.77712358814591,21.505717231854092
1.5,66.66766598,62.93974359942726,3.7279223805727355
0.5,77.00916842,62.102363610708615,14.90680480929138
2.0,24.7571985,63.358433593786586,-38.601235093786585
4.0,42.59466921,65.03319357122388,-22.438524361223877
1.0,25.61355879,62.521053605067934,-36.907494815067935
1.0,62.19393818,62.521053605067934,-0.32711542506793023
0.5,74.16259684,62.102363610708615,12.060233229291391
6.0,79.71974875,66.70795354866118,13.011795201338813
5.0,36.79918713,65.87057355994253,-29.071386429942528
3.0,33.59354167,64.19581358250524,-30.602271912505238
2.0,71.94732334,63.358433593786586,8.588889746213411
3.0,54.63077194,64.19581358250524,-9.565041642505236
4.5,66.74525704,65.4518835655832,1.2933734744167964
2.5,78.40282552,63.77712358814591,14.625701931854081
4.0,68.08274542,65.03319357122388,3.049551848776119
2.5,79.93333423,63.77712358814591,16.156210641854088
2.5,87.16521278,63.77712358814591,23.388089191854093
1.5,92.73650355,62.93974359942726,29.796759950572735
3.0,75.05201211,64.19581358250524,10.856198527494769
2.5,90.8391336,63.77712358814591,27.062010011854085
0.5,47.52350758,62.102363610708615,-14.578856030708614
1.5,70.27382654,62.93974359942726,7.334082940572742
2.5,20.41671842,63.77712358814591,-43.36040516814592
2.5,83.19147902,63.77712358814591,19.41435543185409
2.5,35.48942561,63.77712358814591,-28.287697978145914
1.5,44.931268,62.93974359942726,-18.008475599427257
7.0,59.68728382,67.54533353737983,-7.858049717379835
1.0,49.54884889,62.521053605067934,-12.972204715067932
3.5,61.98778257,64.61450357686456,-2.626721006864564
3.5,27.78101262,64.61450357686456,-36.833490956864566
6.0,87.52960981,66.70795354866118,20.821656261338816
3.0,32.65896145,64.19581358250524,-31.53685213250524
3.0,30.29781056,64.19581358250524,-33.898003022505236
5.0,35.19576612,65.87057355994253,-30.674807439942526
4.0,13.56097159,65.03319357122388,-51.472221981223875
3.0,81.28606112,64.19581358250524,17.09024753749476
0.5,23.72484314,62.102363610708615,-38.37752047070862
2.0,23.32766848,63.358433593786586,-40.030765113786586
3.5,44.3547711,64.61450357686456,-20.259732476864563
3.0,57.60270767,64.19581358250524,-6.593105912505237
4.0,97.76047563,65.03319357122388,32.727282058776126
3.0,55.25522575,64.19581358250524,-8.940587832505237
4.0,33.90171182,65.03319357122388,-31.131481751223873
3.0,75.77020513,64.19581358250524,11.574391547494756
2.5,77.20364961,63.77712358814591,13.426526021854087
6.0,56.7549496,66.70795354866118,-9.953003948661177
2.0,14.85540624,63.358433593786586,-48.503027353786585
2.0,29.97173088,63.358433593786586,-33.38670271378659
0.0,13.53750567,61.68367361634929,-48.14616794634929
4.5,8.398714422,65.4518835655832,-57.053169143583204
2.5,84.25460359,63.77712358814591,20.47748000185409
2.0,38.53470375,63.358433593786586,-24.823729843786587
2.0,87.51636498,63.358433593786586,24.15793138621342
1.0,90.17712208,62.521053605067934,27.65606847493207
5.0,55.79291405,65.87057355994253,-10.077659509942528
3.0,91.51384436,64.19581358250524,27.318030777494755
1.5,73.30661232,62.93974359942726,10.36686872057274
5.0,14.65283658,65.87057355994253,-51.21773697994253
3.0,35.70830555,64.19581358250524,-28.48750803250524
5.0,98.17645843,65.87057355994253,32.30588487005747
5.0,51.7428672,65.87057355994253,-14.127706359942529
2.0,60.67838341,63.358433593786586,-2.6800501837865838
3.0,31.95457566,64.19581358250524,-32.241237922505235
1.0,23.56629787,62.521053605067934,-38.954755735067934
2.5,87.12890032,63.77712358814591,23.351776731854088
0.0,90.37184496,61.68367361634929,28.688171343650716
3.0,45.71374899,64.19581358250524,-18.48206459250524
1.5,87.76360369,62.93974359942726,24.823860090572737
4.0,41.48406277,65.03319357122388,-23.549130801223875
3.0,10.66955428,64.19581358250524,-53.52625930250524
0.0,41.63382054,61.68367361634929,-20.049853076349287
3.0,6.87714581,64.19581358250524,-57.318667772505236
0.0,68.60567501,61.68367361634929,6.92200139365071
6.0,6.932518579,66.70795354866118,-59.77543496966118
3.0,41.37528523,64.19581358250524,-22.820528352505235
0.0,35.74194696,61.68367361634929,-25.94172665634929
7.0,88.13215349,67.54533353737983,20.58681995262016
2.0,89.78692125,63.358433593786586,26.42848765621342
2.5,42.35560365,63.77712358814591,-21.421519938145913
4.0,60.47847891,65.03319357122388,-4.554714661223876
4.0,68.81281941,65.03319357122388,3.779625838776127
3.5,23.90166614,64.61450357686456,-40.71283743686456
4.0,66.58024971,65.03319357122388,1.547056138776128
1.5,64.48479627,62.93974359942726,1.545052670572744
1.5,55.49169732,62.93974359942726,-7.44804627942726
6.0,92.76540444,66.70795354866118,26.057450891338817
3.0,36.28455135,64.19581358250524,-27.911262232505237
5.0,65.88789673,65.87057355994253,0.017323170057466086
7.0,99.09823798,67.54533353737983,31.55290444262016
10.0,80.59668985,70.05747350353577,10.53921634646423
7.0,85.2749939,67.54533353737983,17.729660362620166
3.0,86.21712684,64.19581358250524,22.021313257494768
7.0,31.07256054,67.54533353737983,-36.472772997379835
10.0,99.02969173,70.05747350353577,28.97221822646422
1.0,72.6086341,62.521053605067934,10.08758049493207
4.0,93.98925052,65.03319357122388,28.956056948776123
8.0,86.49394929,68.38271352609847,18.111235763901533
0.0,24.09916308,61.68367361634929,-37.584510536349285
5.0,94.58352645,65.87057355994253,28.712952890057466
4.5,98.76650545,65.4518835655832,33.314621884416795
3.0,42.28388655,64.19581358250524,-21.91192703250524
4.0,98.24531493,65.03319357122388,33.21212135877613
1.5,33.86369686,62.93974359942726,-29.076046739427262
2.0,92.15061128,63.358433593786586,28.79217768621342
6.0,93.16295097,66.70795354866118,26.454997421338817
0.5,85.8509833,62.102363610708615,23.74861968929138
6.0,98.16865107,66.70795354866118,31.460697521338815
3.0,74.69115727,64.19581358250524,10.495343687494767
3.0,66.99718709,64.19581358250524,2.801373507494759
1.0,48.05850021,62.521053605067934,-14.462553395067935
5.5,13.9696424,66.28926355430185,-52.319621154301856
2.5,42.06321618,63.77712358814591,-21.713907408145914
2.0,67.35690955,63.358433593786586,3.9984759562134116
2.0,47.13837771,63.358433593786586,-16.220055883786586
0.0,73.05961868,61.68367361634929,11.375945063650711
5.0,79.68545682,65.87057355994253,13.81488326005747
2.5,52.08583923,63.77712358814591,-11.691284358145914
5.0,72.03344585,65.87057355994253,6.162872290057479
5.0,79.67120611,65.87057355994253,13.800632550057472
6.0,89.6840555,66.70795354866118,22.97610195133882
8.0,3.548745995,68.38271352609847,-64.83396753109847
7.0,9.226937862,67.54533353737983,-58.31839567537983
1.0,78.8652418,62.521053605067934,16.344188194932073
4.5,67.03684366,65.4518835655832,1.5849600944168003
1.0,95.16477977,62.521053605067934,32.64372616493206
6.0,96.53495056,66.70795354866118,29.82699701133882
5.0,29.69965869,65.87057355994253,-36.17091486994253
2.5,45.29941242,63.77712358814591,-18.47771116814591
4.0,89.49645079,65.03319357122388,24.46325721877612
0.0,97.9086358,61.68367361634929,36.22496218365071
10.0,55.79291405,70.05747350353577,-14.264559453535774
3.0,25.95924631,64.19581358250524,-38.23656727250524
4.0,62.69465422,65.03319357122388,-2.3385393512238792
5.5,9.166422739,66.28926355430185,-57.122840815301856
1.5,47.13225379,62.93974359942726,-15.80748980942726
0.5,70.21684634,62.102363610708615,8.114482729291389
2.5,76.30829809,63.77712358814591,12.531174501854082
1.5,16.77923646,62.93974359942726,-46.16050713942726
1.5,90.27931362,62.93974359942726,27.339570020572737
1.5,91.78639402,62.93974359942726,28.846650420572743
3.0,68.80335871,64.19581358250524,4.60754512749476
10.0,98.48215744,70.05747350353577,28.42468393646422
3.0,79.66153065,64.19581358250524,15.465717067494765
5.0,92.44021606,65.87057355994253,26.56964250005747
3.0,35.48942561,64.19581358250524,-28.70638797250524
4.0,13.40735768,65.03319357122388,-51.62583589122387
3.0,92.53251623,64.19581358250524,28.33670264749476
4.0,45.71374899,65.03319357122388,-19.319444581223877
8.0,84.4582919,68.38271352609847,16.075578373901536
4.0,53.24794021,65.03319357122388,-11.785253361223873
2.5,83.57086706,63.77712358814591,19.793743471854086
0.5,90.83184734,62.102363610708615,28.72948372929138
1.0,45.23145513,62.521053605067934,-17.289598475067933
1.0,94.36688785,62.521053605067934,31.845834244932064
4.0,80.10329033,65.03319357122388,15.070096758776117
6.0,67.1343223,66.70795354866118,0.42636875133881347
1.0,61.17255793,62.521053605067934,-1.3484956750679302
4.0,78.31747374,65.03319357122388,13.284280168776121
4.0,73.34615457,65.03319357122388,8.31296099877612
0.5,53.50194471,62.102363610708615,-8.600418900708618
0.0,37.25949068,61.68367361634929,-24.42418293634929
5.0,69.84285364,65.87057355994253,3.972280080057473
4.0,90.05873305,65.03319357122388,25.025539478776125
5.0,35.93437682,65.87057355994253,-29.93619673994253
2.5,81.32008459,63.77712358814591,17.54296100185408
5.0,8.934316669,65.87057355994253,-56.93625689094253
1.5,99.35762909,62.93974359942726,36.41788549057274
3.0,89.82347469,64.19581358250524,25.62766110749476
2.5,53.6985542,63.77712358814591,-10.078569388145915
7.0,98.57848685,67.54533353737983,31.033153312620172
3.0,89.23253452,64.19581358250524,25.036720937494763
1.0,63.97414542,62.521053605067934,1.4530918149320655
1.0,36.46577286,62.521053605067934,-26.055280745067932
2.0,68.0682032,63.358433593786586,4.709769606213413
2.5,52.22408981,63.77712358814591,-11.55303377814591
2.0,41.86935632,63.358433593786586,-21.489077273786584
1.0,43.19281437,62.521053605067934,-19.328239235067933
6.0,98.07642499,66.70795354866118,31.368471441338826
2.0,62.71457269,63.358433593786586,-0.6438609037865888
2.5,37.60087813,63.77712358814591,-26.176245458145914
2.0,98.70126143,63.358433593786586,35.34282783621342
3.0,64.2100524,64.19581358250524,0.014238817494756972
4.0,38.53470375,65.03319357122388,-26.498489821223878
2.5,58.54997123,63.77712358814591,-5.227152358145915
5.0,90.33036536,65.87057355994253,24.459791800057474
3.0,58.54997123,64.19581358250524,-5.645842352505241
5.0,76.63590883,65.87057355994253,10.765335270057477
2.0,38.18531901,63.358433593786586,-25.173114583786585
2.0,64.9623322,63.358433593786586,1.60389860621342
3.0,83.86594073,64.19581358250524,19.670127147494767
7.0,50.27447135,67.54533353737983,-17.270862187379834
0.5,16.01481832,62.102363610708615,-46.08754529070862
0.5,77.43637316,62.102363610708615,15.334009549291387
0.0,76.28817411,61.68367361634929,14.604500493650711
0.5,84.67610222,62.102363610708615,22.57373860929139
0.5,73.92695074,62.102363610708615,11.82458712929138
6.0,75.19016686,66.70795354866118,8.482213311338825
4.0,90.83906742,65.03319357122388,25.80587384877613
1.5,85.37984953,62.93974359942726,22.44010593057274
2.0,56.79061795,63.358433593786586,-6.567815643786588
2.0,33.66779009,63.358433593786586,-29.69064350378659
3.5,78.85919128,64.61450357686456,14.24468770313544
0.5,90.63414561,62.102363610708615,28.53178199929139
2.0,82.19258456,63.358433593786586,18.834150966213414
2.0,85.71224216,63.358433593786586,22.353808566213416
5.0,5.259849103,65.87057355994253,-60.61072445694253
4.0,40.43646118,65.03319357122388,-24.596732391223874
5.0,33.95463725,65.87057355994253,-31.91593630994253
3.5,85.24612213,64.61450357686456,20.63161855313544
4.0,87.1621065,65.03319357122388,22.128912928776117
3.5,38.68988246,64.61450357686456,-25.924621116864564
3.5,87.66542983,64.61450357686456,23.05092625313543
7.0,2.376856943,67.54533353737983,-65.16847659437983
5.0,45.37329807,65.87057355994253,-20.49727548994253
4.0,74.42424318,65.03319357122388,9.391049608776129
10.0,52.12369341,70.05747350353577,-17.933780093535773
2.0,17.57936474,63.358433593786586,-45.77906885378658
8.0,45.29941242,68.38271352609847,-23.083301106098467
6.0,80.05711002,66.70795354866118,13.349156471338816
4.0,80.97504778,65.03319357122388,15.941854208776121
2.0,87.12890032,63.358433593786586,23.770466726213414
4.0,93.60682849,65.03319357122388,28.573634918776122
7.0,88.10213665,67.54533353737983,20.556803112620173
4.0,36.67117542,65.03319357122388,-28.36201815122388
1.5,81.96841613,62.93974359942726,19.028672530572734
4.0,87.46239785,65.03319357122388,22.429204278776126
3.5,72.22436715,64.61450357686456,7.609863573135442
1.0,74.20425736,62.521053605067934,11.683203754932066
5.0,57.85683861,65.87057355994253,-8.013734949942531
1.0,98.92811599,62.521053605067934,36.40706238493206
7.0,97.72309608,67.54533353737983,30.177762542620172
1.0,48.66934789,62.521053605067934,-13.851705715067936
4.0,45.06024111,65.03319357122388,-19.972952461223876
10.0,70.9230108,70.05747350353577,0.8655372964642254
2.0,72.66703407,63.358433593786586,9.308600476213414
3.5,60.75872902,64.61450357686456,-3.855774556864567
5.0,89.78692125,65.87057355994253,23.916347690057478
5.0,30.54443285,65.87057355994253,-35.32614070994253
2.5,58.09322257,63.77712358814591,-5.68390101814591
6.0,64.48479627,66.70795354866118,-2.2231572786611764
4.5,74.18674572,65.4518835655832,8.734862154416803
6.0,81.20841596,66.70795354866118,14.500462411338816
3.0,84.19463662,64.19581358250524,19.99882303749476
5.5,81.16568453,66.28926355430185,14.876420975698139
2.5,58.8744133,63.77712358814591,-4.9027102881459115
3.5,83.95952719,64.61450357686456,19.34502361313544
1.0,66.16040353,62.521053605067934,3.6393499249320627
4.0,95.12950717,65.03319357122388,30.09631359877612
5.0,33.66779009,65.87057355994253,-32.20278346994253
4.5,47.9840088,65.4518835655832,-17.467874765583204
7.0,77.17514356,67.54533353737983,9.629810022620163
4.0,93.99215342,65.03319357122388,28.958959848776118
0.0,35.74194696,61.68367361634929,-25.94172665634929
5.0,31.37615111,65.87057355994253,-34.49442244994253
5.0,41.37528523,65.87057355994253,-24.495288329942525
4.0,79.57774669,65.03319357122388,14.544553118776122
4.5,95.02826581,65.4518835655832,29.57638224441679
4.0,7.032419398,65.03319357122388,-58.000774173223874
0.5,98.18278369,62.102363610708615,36.08042007929138
4.0,53.65951294,65.03319357122388,-11.373680631223877
1.0,13.25816408,62.521053605067934,-49.26288952506793
3.0,70.84066228,64.19581358250524,6.644848697494766
7.0,62.95970228,67.54533353737983,-4.585631257379831
1.5,74.22155378,62.93974359942726,11.281810180572734
4.0,84.71523724,65.03319357122388,19.682043668776117
2.5,71.79758191,63.77712358814591,8.020458321854093
6.0,48.82355055,66.70795354866118,-17.88440299866118
6.0,83.07923933,66.70795354866118,16.371285781338813
1.5,96.62415739,62.93974359942726,33.684413790572734
5.0,62.19393818,65.87057355994253,-3.6766353799425247
5.0,97.76629197,65.87057355994253,31.89571841005747
3.0,99.3755774,64.19581358250524,35.17976381749476
5.0,99.38690541,65.87057355994253,33.51633185005747
3.0,96.98288299,64.19581358250524,32.787069407494755
4.5,98.35931481,65.4518835655832,32.9074312444168
7.0,41.76200357,67.54533353737983,-25.783329967379835
8.0,92.28659902,68.38271352609847,23.903885493901527
6.0,90.98123106,66.70795354866118,24.27327751133882
5.0,94.73738662,65.87057355994253,28.866813060057467
3.0,76.74440845,64.19581358250524,12.548594867494756
7.0,21.16741012,67.54533353737983,-46.37792341737983
1.5,68.33176627,62.93974359942726,5.392022670572743
5.0,82.63365599,65.87057355994253,16.763082430057466
4.0,69.42430866,65.03319357122388,4.391115088776118
2.5,80.98353667,63.77712358814591,17.206413081854095
1.0,47.57670396,62.521053605067934,-14.94434964506793
3.5,72.86170979,64.61450357686456,8.247206213135442
2.0,70.57774417,63.358433593786586,7.219310576213417
4.0,47.57670396,65.03319357122388,-17.456489611223873
4.0,59.84743653,65.03319357122388,-5.185757041223873
2.5,83.93878579,63.77712358814591,20.161662201854085
1.0,59.20569812,62.521053605067934,-3.3153554850679328
8.0,63.18796467,68.38271352609847,-5.194748856098471
1.0,70.79270495,62.521053605067934,8.271651344932067
1.5,57.60270767,62.93974359942726,-5.337035929427259
4.0,94.68291579,65.03319357122388,29.64972221877612
1.0,67.65550199,62.521053605067934,5.134448384932071
8.0,10.29504479,68.38271352609847,-58.08766873609847
0.0,83.39755602,61.68367361634929,21.713882403650707
3.0,72.36220244,64.19581358250524,8.166388857494766
4.0,92.48084439,65.03319357122388,27.447650818776125
6.0,33.25918052,66.70795354866118,-33.44877302866118
1.5,58.68473082,62.93974359942726,-4.255012779427261
5.0,88.08579404,65.87057355994253,22.215220480057468
3.0,8.127031697,64.19581358250524,-56.06878188550524
1.0,65.19757361,62.521053605067934,2.6765200049320725
1.5,61.69382467,62.93974359942726,-1.245918929427262
1.0,20.7059452,62.521053605067934,-41.81510840506793
5.0,72.21362837,65.87057355994253,6.343054810057467
4.5,89.95460086,65.4518835655832,24.502717294416797
1.5,41.5155192,62.93974359942726,-21.42422439942726
6.0,72.95938936,66.70795354866118,6.251435811338823
1.0,64.96446681,62.521053605067934,2.443413204932071
2.5,96.05391791,63.77712358814591,32.276794321854084
0.5,70.79270495,62.102363610708615,8.690341339291386
7.0,21.83181039,67.54533353737983,-45.71352314737983
4.0,1.741250386,65.03319357122388,-63.29194318522388
2.0,98.72004865,63.358433593786586,35.36161505621341
1.0,55.76898634,62.521053605067934,-6.752067265067936
1.0,46.18021898,62.521053605067934,-16.340834625067934
7.0,85.03453453,67.54533353737983,17.48920099262017
9.0,78.13156862,69.22009351481712,8.911475105182873
2.0,16.98469111,63.358433593786586,-46.373742483786586
6.0,37.57997923,66.70795354866118,-29.12797431866118
5.0,89.52466745,65.87057355994253,23.654093890057467
3.0,82.37580436,64.19581358250524,18.179990777494766
6.0,25.01115187,66.70795354866118,-41.69680167866118
2.5,97.54850216,63.77712358814591,33.771378571854086
8.0,61.11298954,68.38271352609847,-7.2697239860984695
1.0,70.75265862,62.521053605067934,8.231605014932072
4.0,35.75781836,65.03319357122388,-29.275375211223874
0.5,52.22408981,62.102363610708615,-9.878273800708612
9.0,91.76883047,69.22009351481712,22.548736955182875
0.5,25.42919289,62.102363610708615,-36.67317072070861
5.0,83.70105037,65.87057355994253,17.830476810057476
5.0,30.25945079,65.87057355994253,-35.611122769942526
2.5,29.08833714,63.77712358814591,-34.68878644814591
1.5,50.96761568,62.93974359942726,-11.972127919427258
4.0,73.35516615,65.03319357122388,8.321972578776126
0.5,25.61355879,62.102363610708615,-36.488804820708616
2.5,19.45471173,63.77712358814591,-44.32241185814591
6.0,38.28337982,66.70795354866118,-28.42457372866118
7.0,48.21839695,67.54533353737983,-19.326936587379834
3.0,98.95494589,64.19581358250524,34.75913230749477
5.0,47.57670396,65.87057355994253,-18.293869599942525
2.0,38.60495566,63.358433593786586,-24.753477933786584
6.0,45.74688984,66.70795354866118,-20.96106370866118
8.0,15.09500065,68.38271352609847,-53.28771287609847
2.5,57.31734359,63.77712358814591,-6.459779998145912
1.0,71.88874208,62.521053605067934,9.367688474932066
3.0,83.65146996,64.19581358250524,19.455656377494762
2.0,96.97120208,63.358433593786586,33.61276848621341
3.5,99.25091611,64.61450357686456,34.63641253313544
5.0,82.0816602,65.87057355994253,16.211086640057474
3.0,95.04052672,64.19581358250524,30.844713137494765
2.5,52.96298965,63.77712358814591,-10.814133938145915
5.0,34.66179887,65.87057355994253,-31.20877468994253
2.0,87.3464244,63.358433593786586,23.987990806213418
7.0,48.91723068,67.54533353737983,-18.62810285737983
8.0,20.2152809,68.38271352609847,-48.167432626098474
3.0,52.59975998,64.19581358250524,-11.596053602505236
1.0,92.43894051,62.521053605067934,29.91788690493206
6.0,40.28123287,66.70795354866118,-26.426720678661184
3.0,98.58926289,64.19581358250524,34.39344930749476
10.0,78.63912229,70.05747350353577,8.581648786464228
2.5,55.0222034,63.77712358814591,-8.75492018814591
1.0,83.06926617,62.521053605067934,20.548212564932072
1.5,84.65510606,62.93974359942726,21.715362460572734
4.0,75.39423481,65.03319357122388,10.361041238776124
2.0,74.18674572,63.358433593786586,10.828312126213419
6.0,71.79758191,66.70795354866118,5.089628361338825
3.5,70.7646632,64.61450357686456,6.150159623135437
2.5,76.17136869,63.77712358814591,12.394245101854082
1.0,42.35560365,62.521053605067934,-20.165449955067935
3.0,87.3451992,64.19581358250524,23.149385617494758
0.5,66.74525704,62.102363610708615,4.642893429291384
4.5,74.10960037,65.4518835655832,8.657716804416793
3.5,39.46630825,64.61450357686456,-25.148195326864567
2.0,57.78994177,63.358433593786586,-5.568491823786587
3.5,88.52503161,64.61450357686456,23.910528033135435
5.0,97.65709632,65.87057355994253,31.786522760057466
6.0,87.43612772,66.70795354866118,20.72817417133882
6.0,54.38998582,66.70795354866118,-12.31796772866118
7.0,32.7490161,67.54533353737983,-34.796317437379834
1.5,69.54558992,62.93974359942726,6.605846320572738
3.0,67.85195185,64.19581358250524,3.656138267494768
2.5,84.29940203,63.77712358814591,20.522278441854084
5.0,60.14676618,65.87057355994253,-5.723807379942528
3.0,67.57774648,64.19581358250524,3.381932897494764
5.0,57.60270767,65.87057355994253,-8.267865889942527
2.5,19.12902502,63.77712358814591,-44.64809856814591
0.0,48.05850021,61.68367361634929,-13.62517340634929
2.0,92.54200651,63.358433593786586,29.183572916213407
1.0,69.5957294,62.521053605067934,7.0746757949320624
1.5,37.60087813,62.93974359942726,-25.33886546942726
4.0,47.65563766,65.03319357122388,-17.37755591122388
1.5,81.20213988,62.93974359942726,18.262396280572744
5.0,20.76571579,65.87057355994253,-45.10485776994253
2.0,81.84300072,63.358433593786586,18.48456712621342
5.0,87.36289335,65.87057355994253,21.492319790057465
2.5,99.40523986,63.77712358814591,35.62811627185408
3.0,64.3318403,64.19581358250524,0.13602671749475803
3.5,75.39750092,64.61450357686456,10.782997343135435
2.0,51.7428672,63.358433593786586,-11.615566393786587
2.0,87.39539654,63.358433593786586,24.036962946213407
5.0,61.12521977,65.87057355994253,-4.745353789942527
3.0,84.62919716,64.19581358250524,20.433383577494766
1.5,14.38180491,62.93974359942726,-48.55793868942726
2.5,69.42430866,63.77712358814591,5.647185071854082
0.5,38.68988246,62.102363610708615,-23.412481150708615
1.5,40.79455963,62.93974359942726,-22.145183969427258
6.0,37.53976013,66.70795354866118,-29.168193418661183
1.5,78.39679845,62.93974359942726,15.457054850572746
4.0,81.07986622,65.03319357122388,16.046672648776124
7.0,21.32932322,67.54533353737983,-46.21601031737983
1.0,47.57875662,62.521053605067934,-14.942296985067934
4.0,95.94478432,65.03319357122388,30.91159074877612
3.0,83.03242619,64.19581358250524,18.836612607494757
4.0,44.42268346,65.03319357122388,-20.610510111223874
2.0,92.09238408,63.358433593786586,28.733950486213416
5.5,86.12647807,66.28926355430185,19.83721451569815
4.5,92.89463228,65.4518835655832,27.442748714416794
2.0,92.14183968,63.358433593786586,28.783406086213418
1.5,74.16259684,62.93974359942726,11.222853240572746
3.5,0.567498492,64.61450357686456,-64.04700508486457
1.5,58.18521241,62.93974359942726,-4.7545311894272615
2.5,74.79862377,63.77712358814591,11.021500181854094
2.5,97.89524154,63.77712358814591,34.11811795185409
3.5,25.04857867,64.61450357686456,-39.565924906864566
1.5,15.54898951,62.93974359942726,-47.39075408942726
4.5,30.79057223,65.4518835655832,-34.66131133558321
1.0,83.39243191,62.521053605067934,20.871378304932065
3.5,56.52032716,64.61450357686456,-8.094176416864563
4.0,26.06924461,65.03319357122388,-38.96394896122388
3.0,62.7269886,64.19581358250524,-1.4688249825052395
0.5,55.50609806,62.102363610708615,-6.596265550708615
1.5,61.69382467,62.93974359942726,-1.245918929427262
3.0,94.93676584,64.19581358250524,30.74095225749477
4.0,77.81153178,65.03319357122388,12.77833820877612
5.0,52.47173699,65.87057355994253,-13.398836569942532
3.0,5.856500014,64.19581358250524,-58.33931356850524
2.5,70.95587793,63.77712358814591,7.178754341854088
1.5,95.72836219,62.93974359942726,32.78861859057274
4.0,87.83227011,65.03319357122388,22.79907653877612
7.0,95.52419469,67.54533353737983,27.97886115262017
5.0,79.30626093,65.87057355994253,13.435687370057465
1.5,95.72836219,62.93974359942726,32.78861859057274
3.0,99.05950452,64.19581358250524,34.863690937494766
3.0,47.24873407,64.19581358250524,-16.94707951250524
6.0,73.71932905,66.70795354866118,7.011375501338819
1.5,95.52759896,62.93974359942726,32.587855360572746
1.5,42.90615422,62.93974359942726,-20.033589379427262
3.5,83.8443561,64.61450357686456,19.229852523135435
0.5,83.87324627,62.102363610708615,21.77088265929138
4.0,44.68713456,65.03319357122388,-20.34605901122388
5.0,5.692348991,65.87057355994253,-60.178224568942525
6.0,93.133314,66.70795354866118,26.42536045133882
3.0,1.131970964,64.19581358250524,-63.06384261850524
6.0,21.39839945,66.70795354866118,-45.30955409866118
1.5,72.16135334,62.93974359942726,9.221609740572745
1.0,57.45496513,62.521053605067934,-5.066088475067936
10.0,17.74504799,70.05747350353577,-52.31242551353577
2.5,30.44393846,63.77712358814591,-33.333185128145914
1.5,73.34132217,62.93974359942726,10.401578570572738
0.5,82.26307439,62.102363610708615,20.160710779291385
0.0,92.68923451,61.68367361634929,31.005560893650717
3.0,30.79057223,64.19581358250524,-33.40524135250524
0.5,43.67494003,62.102363610708615,-18.427423580708613
1.5,90.42668627,62.93974359942726,27.486942670572745
1.0,45.07027385,62.521053605067934,-17.450779755067934
5.0,2.56681879,65.87057355994253,-63.30375476994253
2.0,3.939542483,63.358433593786586,-59.41889111078659
2.0,68.17556258,63.358433593786586,4.817128986213419
4.0,56.72044489,65.03319357122388,-8.312748681223873
2.5,73.09109508,63.77712358814591,9.31397149185409
1.5,74.41919519,62.93974359942726,11.479451590572737
2.5,58.69524984,63.77712358814591,-5.0818737481459095
1.0,22.1628726,62.521053605067934,-40.358181005067934
4.0,47.36951916,65.03319357122388,-17.663674411223873
0.0,38.60495566,61.68367361634929,-23.078717956349287
0.5,57.0210877,62.102363610708615,-5.081275910708612
5.0,31.25098585,65.87057355994253,-34.61958770994253
2.0,41.41226376,63.358433593786586,-21.946169833786584
1.0,53.04799701,62.521053605067934,-9.47305659506793
2.5,29.69965869,63.77712358814591,-34.07746489814591
6.0,96.70157068,66.70795354866118,29.993617131338823
3.0,45.33714908,64.19581358250524,-18.858664502505235
3.5,31.05604841,64.61450357686456,-33.55845516686456
5.0,95.34570281,65.87057355994253,29.475129250057478
6.0,24.19083228,66.70795354866118,-42.517121268661185
1.5,7.332472627,62.93974359942726,-55.60727097242726
1.5,62.19393818,62.93974359942726,-0.7458054194272563
4.5,86.45744949,65.4518835655832,21.0055659244168
5.5,81.07986622,66.28926355430185,14.790602665698145
3.0,47.04174902,64.19581358250524,-17.15406456250524
3.0,64.89755261,64.19581358250524,0.7017390274947672
1.5,47.7153177,62.93974359942726,-15.22442589942726
6.0,64.48479627,66.70795354866118,-2.2231572786611764
4.0,31.47941207,65.03319357122388,-33.55378150122388
3.0,95.58384077,64.19581358250524,31.388027187494757
6.0,87.9197782,66.70795354866118,21.211824651338816
2.5,97.22300278,63.77712358814591,33.44587919185409
10.0,79.94873312,70.05747350353577,9.891259616464225
4.0,97.06117121,65.03319357122388,32.02797763877612
3.0,47.2681565,64.19581358250524,-16.927657082505235
6.0,87.12890032,66.70795354866118,20.42094677133882
3.0,58.09322257,64.19581358250524,-6.102591012505236
3.0,14.12190652,64.19581358250524,-50.07390706250524
3.0,84.4582919,64.19581358250524,20.262478317494768
5.0,58.1206334,65.87057355994253,-7.7499401599425255
7.0,56.4762692,67.54533353737983,-11.069064337379835
7.0,44.95264333,67.54533353737983,-22.59269020737983
2.0,61.78523973,63.358433593786586,-1.5731938637865852
3.0,4.013791725,64.19581358250524,-60.18202185750524
1.5,58.18521241,62.93974359942726,-4.7545311894272615
1.5,50.87045271,62.93974359942726,-12.069290889427258
4.0,25.54426508,65.03319357122388,-39.488928491223874
2.5,38.13156894,63.77712358814591,-25.64555464814591
2.0,93.89286956,63.358433593786586,30.534435966213408
4.0,87.26940456,65.03319357122388,22.236210988776122
3.0,50.10948386,64.19581358250524,-14.08632972250524
1.0,48.48588362,62.521053605067934,-14.035169985067931
3.0,96.35800023,64.19581358250524,32.162186647494764
4.0,21.63321504,65.03319357122388,-43.39997853122388
8.0,56.4762692,68.38271352609847,-11.906444326098473
8.0,30.70445124,68.38271352609847,-37.67826228609847
3.0,51.58725167,64.19581358250524,-12.608561912505238
10.0,53.96737126,70.05747350353577,-16.090102243535775
0.0,92.86681787,61.68367361634929,31.183144253650717
2.0,63.73246211,63.358433593786586,0.37402851621341426
5.0,86.87757138,65.87057355994253,21.006997820057478
5.0,55.18146429,65.87057355994253,-10.689109269942527
3.5,55.06915825,64.61450357686456,-9.545345326864563
10.0,56.31514778,70.05747350353577,-13.742325723535778
2.0,56.80243165,63.358433593786586,-6.556001943786583
4.0,98.93356342,65.03319357122388,33.90036984877612
2.0,98.38539506,63.358433593786586,35.02696146621341
2.5,87.12890032,63.77712358814591,23.351776731854088
3.5,57.42808938,64.61450357686456,-7.186414196864561
1.5,15.52806328,62.93974359942726,-47.41168031942726
1.5,76.31024948,62.93974359942726,13.370505880572736
4.0,97.42156351,65.03319357122388,32.38836993877612
1.5,51.77995186,62.93974359942726,-11.159791739427263
10.0,83.68644276,70.05747350353577,13.62896925646423
3.0,83.59949632,64.19581358250524,19.403682737494762
7.0,98.59515446,67.54533353737983,31.04982092262017
5.0,42.79220671,65.87057355994253,-23.078366849942526
2.0,97.28977513,63.358433593786586,33.93134153621341
5.5,60.78130164,66.28926355430185,-5.507961914301852
3.0,55.68597478,64.19581358250524,-8.509838802505236
4.0,72.83662653,65.03319357122388,7.803432958776128
1.5,94.19146875,62.93974359942726,31.25172515057274
0.5,92.43021368,62.102363610708615,30.32785006929138
3.0,70.84066228,64.19581358250524,6.644848697494766
5.5,17.99896731,66.28926355430185,-48.29029624430186
1.0,89.7600136,62.521053605067934,27.23895999493206
3.5,71.76398959,64.61450357686456,7.14948601313543
3.0,34.52856862,64.19581358250524,-29.667244962505237
3.0,99.25695972,64.19581358250524,35.06114613749476
10.0,89.07168971,70.05747350353577,19.014216206464226
3.0,38.01409877,64.19581358250524,-26.18171481250524
4.0,71.78970487,65.03319357122388,6.756511298776118
2.0,50.5995942,63.358433593786586,-12.758839393786587
2.0,94.62482231,63.358433593786586,31.266388716213413
1.0,58.58364417,62.521053605067934,-3.9374094350679343
1.0,81.88567938,62.521053605067934,19.364625774932065
3.0,27.78101262,64.19581358250524,-36.41480096250524
4.0,30.2601081,65.03319357122388,-34.77308547122388
1.0,92.23837849,62.521053605067934,29.71732488493207
3.5,93.98925052,64.61450357686456,29.374746943135435
5.0,47.9840088,65.87057355994253,-17.88656475994253
5.0,87.21796809,65.87057355994253,21.34739453005747
4.0,31.69146229,65.03319357122388,-33.34173128122387
3.0,66.5318241,64.19581358250524,2.3360105174947563
4.0,93.5524051,65.03319357122388,28.519211528776125
0.5,74.60880949,62.102363610708615,12.506445879291384
2.5,86.28807602,63.77712358814591,22.510952431854093
2.0,84.96007198,63.358433593786586,21.60163838621341
2.5,74.42424318,63.77712358814591,10.647119591854093
2.5,40.85216047,63.77712358814591,-22.92496311814591
2.5,25.62543853,63.77712358814591,-38.151685058145915
4.5,84.50209709,65.4518835655832,19.050213524416804
4.0,41.64225082,65.03319357122388,-23.390942751223875
4.0,42.12549278,65.03319357122388,-22.907700791223874
1.5,75.35975743,62.93974359942726,12.420013830572742
5.0,98.98941235,65.87057355994253,33.11883879005747
5.0,84.10727673,65.87057355994253,18.236703170057467
8.0,93.65518174,68.38271352609847,25.272468213901533
3.0,47.94528537,64.19581358250524,-16.250528212505237
4.0,66.59603856,65.03319357122388,1.5628449887761207
6.0,87.83227011,66.70795354866118,21.124316561338816
6.0,49.0050896,66.70795354866118,-17.702863948661182
1.0,77.62486474,62.521053605067934,15.103811134932073
0.5,90.05873305,62.102363610708615,27.956369439291386
3.0,71.51246478,64.19581358250524,7.316651197494764
7.0,25.09923397,67.54533353737983,-42.44609956737983
2.5,97.61282968,63.77712358814591,33.83570609185409
1.0,48.05850021,62.521053605067934,-14.462553395067935
1.5,64.2100524,62.93974359942726,1.2703088005727352
1.0,74.41879277,62.521053605067934,11.897739164932062
0.5,20.78050138,62.102363610708615,-41.32186223070862
9.0,98.71313612,69.22009351481712,29.49304260518288
6.0,74.42424318,66.70795354866118,7.7162896313388245
7.0,61.62522673,67.54533353737983,-5.920106807379831
4.0,53.62901996,65.03319357122388,-11.404173611223875
1.0,94.42898259,62.521053605067934,31.90792898493207
0.5,86.29768778,62.102363610708615,24.19532416929139
5.0,77.64230289,65.87057355994253,11.771729330057468
3.0,50.9578953,64.19581358250524,-13.237918282505241
2.0,74.71972579,63.358433593786586,11.361292196213412
4.0,70.67451976,65.03319357122388,5.6413261887761195
8.0,86.24134716,68.38271352609847,17.858633633901533
2.5,70.79270495,63.77712358814591,7.015581361854089
3.5,96.59822418,64.61450357686456,31.98372060313544
10.0,32.81098818,70.05747350353577,-37.24648532353577
5.0,10.0980018,65.87057355994253,-55.77257175994253
1.0,44.3348222,62.521053605067934,-18.186231405067936
7.0,82.85855127,67.54533353737983,15.313217732620174
1.5,86.89670795,62.93974359942726,23.956964350572747
3.5,74.42424318,64.61450357686456,9.80973960313544
2.5,98.4709169,63.77712358814591,34.693793311854094
10.0,72.03344585,70.05747350353577,1.975972346464232
6.0,23.68951218,66.70795354866118,-43.01844136866118
5.5,86.94086538,66.28926355430185,20.65160182569815
5.0,78.75181773,65.87057355994253,12.881244170057471
0.5,73.71563971,62.102363610708615,11.61327609929139
4.0,57.00752646,65.03319357122388,-8.025667111223875
2.0,61.96169613,63.358433593786586,-1.396737463786586
2.5,81.94224698,63.77712358814591,18.16512339185408
4.5,87.96821881,65.4518835655832,22.516335244416794
5.5,97.6796868,66.28926355430185,31.390423245698145
0.0,85.29469889,61.68367361634929,23.611025273650718
2.0,85.78892033,63.358433593786586,22.43048673621341
0.5,62.18674919,62.102363610708615,0.08438557929138568
5.5,56.22159575,66.28926355430185,-10.067667804301855
2.5,74.41879277,63.77712358814591,10.641669181854084
3.0,82.6502564,64.19581358250524,18.454442817494765
5.5,95.87732663,66.28926355430185,29.588063075698145
3.0,87.73497018,64.19581358250524,23.539156597494767
2.0,87.73497018,63.358433593786586,24.37653658621342
5.0,82.05508744,65.87057355994253,16.184513880057466
2.5,98.50226141,63.77712358814591,34.72513782185409
1.0,80.03451599,62.521053605067934,17.51346238493207
5.0,85.0778139,65.87057355994253,19.207240340057467
8.0,95.42945459,68.38271352609847,27.046741063901536
1.0,57.95910476,62.521053605067934,-4.561948845067931
5.0,38.77914215,65.87057355994253,-27.09143140994253
4.5,98.48866291,65.4518835655832,33.0367793444168
2.5,28.89083834,63.77712358814591,-34.88628524814591
10.0,95.72836219,70.05747350353577,25.670888686464224
6.0,95.48741179,66.70795354866118,28.779458241338816
6.0,94.7692501,66.70795354866118,28.061296551338813
1.5,95.86987032,62.93974359942726,32.930126720572744
1.5,65.22758067,62.93974359942726,2.287837070572735
5.0,96.35684269,65.87057355994253,30.486269130057465
2.5,26.67157309,63.77712358814591,-37.10555049814592
2.0,98.79634543,63.358433593786586,35.43791183621342
3.0,84.36156807,64.19581358250524,20.165754487494766
5.0,90.64350563,65.87057355994253,24.77293207005748
7.0,87.19812624,67.54533353737983,19.65279270262016
6.0,82.40076803,66.70795354866118,15.692814481338814
2.0,54.38998582,63.358433593786586,-8.968447773786586
5.0,99.65296273,65.87057355994253,33.78238917005747
2.5,95.15545676,63.77712358814591,31.378333171854095
10.0,69.04651079,70.05747350353577,-1.0109627135357755
4.0,63.48927185,65.03319357122388,-1.5439217212238745
3.5,95.24491892,64.61450357686456,30.63041534313544
7.0,57.42808938,67.54533353737983,-10.11724415737983
10.0,71.79758191,70.05747350353577,1.7401084064642305
10.0,21.9624896,70.05747350353577,-48.09498390353578
4.5,82.11890385,65.4518835655832,16.667020284416793
2.0,58.8744133,63.358433593786586,-4.484020293786585
7.0,52.00817272,67.54533353737983,-15.537160817379835
7.0,40.85194501,67.54533353737983,-26.69338852737983
4.5,54.81893823,65.4518835655832,-10.632945335583202
4.0,84.19463662,65.03319357122388,19.16144304877612
1.0,15.24215073,62.521053605067934,-47.278902875067935
3.5,62.8727162,64.61450357686456,-1.7417873768645649
2.0,84.85291377,63.358433593786586,21.494480176213415
2.5,5.65843232,63.77712358814591,-58.11869126814591
8.0,98.84356727,68.38271352609847,30.460853743901524
2.0,80.72337535,63.358433593786586,17.364941756213412
1.0,39.76467297,62.521053605067934,-22.756380635067934
3.0,43.71047529,64.19581358250524,-20.48533829250524
0.5,71.88874208,62.102363610708615,9.786378469291385
8.0,68.83070878,68.38271352609847,0.4479952539015244
5.5,77.86602504,66.28926355430185,11.576761485698142
5.5,48.42401661,66.28926355430185,-17.865246944301852
1.0,60.9983769,62.521053605067934,-1.522676705067937
1.0,86.11772984,62.521053605067934,23.596676234932062
3.0,65.22205679,64.19581358250524,1.0262432074947583
1.0,76.16361312,62.521053605067934,13.64255951493206
6.0,60.6842091,66.70795354866118,-6.0237444486611835
2.0,80.85855022,63.358433593786586,17.500116626213412
5.5,53.20245682,66.28926355430185,-13.086806734301852
4.5,27.55647439,65.4518835655832,-37.8954091755832
6.0,74.71972579,66.70795354866118,8.011772241338818
1.5,78.7304483,62.93974359942726,15.790704700572746
10.0,96.31334391,70.05747350353577,26.255870406464226
6.0,52.12369341,66.70795354866118,-14.584260138661179
9.0,94.25583977,69.22009351481712,25.035746255182872
2.0,69.00760383,63.358433593786586,5.649170236213408
4.0,27.27216578,65.03319357122388,-37.761027791223874
7.0,1.258522652,67.54533353737983,-66.28681088537984
6.0,72.36104809,66.70795354866118,5.653094541338817
5.5,8.419523214,66.28926355430185,-57.86974034030185
2.5,2.692564529,63.77712358814591,-61.08455905914591
4.5,63.18796467,65.4518835655832,-2.2639188955832026
4.5,57.95910476,65.4518835655832,-7.4927788055832
2.5,44.59680433,63.77712358814591,-19.180319258145914
0.0,23.81912584,61.68367361634929,-37.86454777634928
2.0,97.8857456,63.358433593786586,34.52731200621342
2.0,79.72713688,63.358433593786586,16.368703286213417
0.5,97.81969117,62.102363610708615,35.717327559291384
2.5,97.91616983,63.77712358814591,34.13904624185409
1.5,79.56062473,62.93974359942726,16.62088113057274
1.5,45.29941242,62.93974359942726,-17.640331179427257
6.0,95.77294492,66.70795354866118,29.06499137133882
3.0,87.51636498,64.19581358250524,23.320551397494768
2.5,79.67120611,63.77712358814591,15.894082521854088
1.5,38.11680761,62.93974359942726,-24.822935989427258
7.0,11.79596595,67.54533353737983,-55.74936758737984
5.0,65.93660653,65.87057355994253,0.06603297005747777
8.0,48.05850021,68.38271352609847,-20.324213316098472
1.5,87.25000375,62.93974359942726,24.310260150572745
2.5,78.29127754,63.77712358814591,14.514153951854084
0.0,80.25071672,61.68367361634929,18.56704310365071
3.0,36.04892235,64.19581358250524,-28.14689123250524
2.5,25.53707289,63.77712358814591,-38.24005069814591
2.5,74.88770856,63.77712358814591,11.110584971854081
6.0,90.71004354,66.70795354866118,24.00208999133882
3.0,89.89889542,64.19581358250524,25.703081837494764
2.0,0.012446611,63.358433593786586,-63.345986982786584
10.0,23.04928223,70.05747350353577,-47.00819127353577
5.0,92.72243548,65.87057355994253,26.851861920057473
6.0,68.58082347,66.70795354866118,1.8728699213388182
1.0,73.30661232,62.521053605067934,10.785558714932066
0.5,2.30621603,62.102363610708615,-59.79614758070861
1.0,83.87324627,62.521053605067934,21.352192664932062
4.0,67.35761931,65.03319357122388,2.324425738776128
5.0,97.17203626,65.87057355994253,31.30146270005747
3.0,62.19393818,64.19581358250524,-2.0018754025052345
5.0,62.19393818,65.87057355994253,-3.6766353799425247
4.0,30.29781056,65.03319357122388,-34.735383011223874
3.5,39.89788004,64.61450357686456,-24.716623536864567
3.5,46.29997724,64.61450357686456,-18.314526336864567
3.0,99.27575791,64.19581358250524,35.07994432749476
4.0,41.48252506,65.03319357122388,-23.550668511223876
8.0,50.11612649,68.38271352609847,-18.26658703609847
9.0,47.52350758,69.22009351481712,-21.696585934817122
6.0,98.54819525,66.70795354866118,31.840241701338826
2.0,58.8744133,63.358433593786586,-4.484020293786585
3.0,57.7634963,64.19581358250524,-6.432317282505238
0.0,86.88318958,61.68367361634929,25.199515963650718
2.0,52.96298965,63.358433593786586,-10.395443943786589
10.0,92.55508897,70.05747350353577,22.497615466464225
6.0,63.14078915,66.70795354866118,-3.567164398661177
4.0,96.37862337,65.03319357122388,31.345429798776124
5.0,96.43469449,65.87057355994253,30.56412093005747
2.0,61.69742856,63.358433593786586,-1.6610050337865871
5.0,24.92124987,65.87057355994253,-40.94932368994253
4.0,42.79220671,65.03319357122388,-22.240986861223874
5.5,64.16336237,66.28926355430185,-2.1259011843018527
5.0,65.88575167,65.87057355994253,0.015178110057476601
1.5,94.6470681,62.93974359942726,31.70732450057274
8.0,50.27447135,68.38271352609847,-18.10824217609847
4.0,80.92561726,65.03319357122388,15.89242368877612
1.0,73.30661232,62.521053605067934,10.785558714932066
9.0,84.96612732,69.22009351481712,15.746033805182876
5.0,45.71292164,65.87057355994253,-20.15765191994253
4.0,43.30369499,65.03319357122388,-21.72949858122388
10.0,67.45640015,70.05747350353577,-2.6010733535357815
6.0,47.76568644,66.70795354866118,-18.942267108661177
6.0,97.16639571,66.70795354866118,30.458442161338823
6.0,92.67341005,66.70795354866118,25.96545650133882
7.0,68.88518339,67.54533353737983,1.339849852620162
2.0,31.37615111,63.358433593786586,-31.982282483786587
3.0,11.91054027,64.19581358250524,-52.28527331250524
1.5,99.23886379,62.93974359942726,36.29912019057274
2.5,81.30574941,63.77712358814591,17.528625821854092
5.0,96.71597037,65.87057355994253,30.845396810057466
8.0,98.59515446,68.38271352609847,30.212440933901533
5.5,98.58714417,66.28926355430185,32.29788061569815
1.5,71.24517665,62.93974359942726,8.305433050572745
8.0,85.78892033,68.38271352609847,17.406206803901526
0.5,92.80500857,62.102363610708615,30.702644959291383
3.0,97.07453182,64.19581358250524,32.878718237494766
5.0,73.09109508,65.87057355994253,7.220521520057474
7.0,56.82844588,67.54533353737983,-10.716887657379836
4.0,72.96409087,65.03319357122388,7.930897298776131
1.5,68.36172856,62.93974359942726,5.421984960572743
7.0,98.93974214,67.54533353737983,31.394408602620175
4.0,94.92173575,65.03319357122388,29.88854217877612
1.5,18.12467121,62.93974359942726,-44.81507238942726
9.0,98.30381985,69.22009351481712,29.083726335182874
5.5,68.81598162,66.28926355430185,2.526718065698148
0.0,18.31768251,61.68367361634929,-43.365991106349284
7.0,64.31389023,67.54533353737983,-3.231443307379834
0.5,64.73433168,62.102363610708615,2.631968069291382
1.0,99.21377202,62.521053605067934,36.69271841493206
8.0,97.95495343,68.38271352609847,29.572239903901533
2.0,56.7549496,63.358433593786586,-6.603483993786583
0.5,76.3857129,62.102363610708615,14.283349289291387
5.5,99.81526357,66.28926355430185,33.526000015698145
4.0,98.77152217,65.03319357122388,33.73832859877612
8.0,23.03885525,68.38271352609847,-45.34385827609847
4.5,50.25810028,65.4518835655832,-15.193783285583201
4.0,93.16295097,65.03319357122388,28.12975739877612
4.0,95.37465993,65.03319357122388,30.34146635877613
3.5,90.26393394,64.61450357686456,25.649430363135437
5.0,91.77475088,65.87057355994253,25.90417732005747
4.0,75.38267157,65.03319357122388,10.349477998776123
5.0,95.19914134,65.87057355994253,29.32856778005747
2.0,61.96169613,63.358433593786586,-1.396737463786586
3.5,48.83263277,64.61450357686456,-15.781870806864568
6.0,51.69947169,66.70795354866118,-15.008481858661177
6.0,96.14980603,66.70795354866118,29.441852481338813
2.5,98.38539506,63.77712358814591,34.60827147185408
4.0,93.76273186,65.03319357122388,28.729538288776126
2.5,74.52457175,63.77712358814591,10.747448161854095
10.0,98.34389674,70.05747350353577,28.28642323646423
3.0,53.24794021,64.19581358250524,-10.947873372505235
3.0,53.96737126,64.19581358250524,-10.228442322505238
6.0,93.32922868,66.70795354866118,26.62127513133882
4.0,64.96446681,65.03319357122388,-0.06872676122387134
0.5,57.02874133,62.102363610708615,-5.073622280708612
4.0,35.04876286,65.03319357122388,-29.98443071122388
2.0,1.417936365,63.358433593786586,-61.94049722878658
7.0,91.21357792,67.54533353737983,23.668244382620173
5.0,83.65146996,65.87057355994253,17.780896400057472
6.0,56.52032716,66.70795354866118,-10.18762638866118
3.5,97.22669383,64.61450357686456,32.61219025313544
3.5,83.4914366,64.61450357686456,18.876933023135436
4.0,73.71563971,65.03319357122388,8.682446138776129
2.5,90.70856779,63.77712358814591,26.93144420185409
5.0,73.74393215,65.87057355994253,7.873358590057478
10.0,73.05961868,70.05747350353577,3.002145176464225
2.0,74.71972579,63.358433593786586,11.361292196213412
9.0,98.57045855,69.22009351481712,29.350365035182875
2.5,86.52052376,63.77712358814591,22.74340017185409
4.0,96.04149457,65.03319357122388,31.00830099877612
2.5,95.32824266,63.77712358814591,31.55111907185409
0.5,88.6731027,62.102363610708615,26.570739089291386
10.0,93.65518174,70.05747350353577,23.59770823646423
3.0,67.61531882,64.19581358250524,3.4195052374947608
7.0,58.87622836,67.54533353737983,-8.669105177379834
2.0,93.99215342,63.358433593786586,30.633719826213408
8.0,17.34490983,68.38271352609847,-51.03780369609847
3.5,61.81583233,64.61450357686456,-2.798671246864565
6.0,48.98596485,66.70795354866118,-17.72198869866118
6.0,40.5504485,66.70795354866118,-26.15750504866118
5.0,64.190758,65.87057355994253,-1.6798155599425257
1.0,62.39033084,62.521053605067934,-0.13072276506793656
8.0,89.72661081,68.38271352609847,21.343897283901526
1.0,98.34173836,62.521053605067934,35.82068475493206
6.0,88.76340535,66.70795354866118,22.05545180133882
4.0,47.63991712,65.03319357122388,-17.393276451223876
10.0,49.31286868,70.05747350353577,-20.744604823535774
7.0,50.27447135,67.54533353737983,-17.270862187379834
1.5,87.02647953,62.93974359942726,24.086735930572743
10.0,67.16680562,70.05747350353577,-2.8906678835357695
5.0,92.62027788,65.87057355994253,26.749704320057475
6.0,21.84049156,66.70795354866118,-44.86746198866118
8.0,90.14559912,68.38271352609847,21.76288559390153
7.0,90.64452032,67.54533353737983,23.099186782620166
1.0,0.364670184,62.521053605067934,-62.156383421067936
7.0,25.29993613,67.54533353737983,-42.24539740737983
7.0,94.01746926,67.54533353737983,26.472135722620166
0.5,75.31505964,62.102363610708615,13.212696029291386
2.5,35.48942561,63.77712358814591,-28.287697978145914
6.0,97.75494821,66.70795354866118,31.046994661338815
0.5,75.76621161,62.102363610708615,13.663847999291384
10.0,61.78523973,70.05747350353577,-8.272233773535774
1.5,17.93321779,62.93974359942726,-45.00652580942726
7.0,16.31431911,67.54533353737983,-51.23101442737983
1.0,86.58677976,62.521053605067934,24.065726154932065
9.0,14.80529816,69.22009351481712,-54.41479535481712
0.5,74.41919519,62.102363610708615,12.316831579291382
2.0,81.40235683,63.358433593786586,18.043923236213416
5.0,90.445849,65.87057355994253,24.575275440057467
2.5,74.0489888,63.77712358814591,10.271865211854092
1.0,23.32766848,62.521053605067934,-39.193385125067934
1.5,44.95735327,62.93974359942726,-17.98239032942726
0.5,30.69589607,62.102363610708615,-31.406467540708615
3.5,46.60251916,64.61450357686456,-18.011984416864564
1.0,36.04892235,62.521053605067934,-26.472131255067936
7.0,18.46382222,67.54533353737983,-49.081511317379835
1.5,77.20364961,62.93974359942726,14.26390601057274
1.5,57.60270767,62.93974359942726,-5.337035929427259
2.0,26.6755441,63.358433593786586,-36.68288949378659
2.0,78.1614252,63.358433593786586,14.80299160621341
3.0,42.28388655,64.19581358250524,-21.91192703250524
1.5,80.25071672,62.93974359942726,17.31097312057274
0.5,20.6206999,62.102363610708615,-41.48166371070862
1.5,37.25949068,62.93974359942726,-25.68025291942726
2.0,89.17048644,63.358433593786586,25.81205284621342
1.0,96.44223026,62.521053605067934,33.92117665493207
0.5,36.56155956,62.102363610708615,-25.540804050708616
2.5,81.02041569,63.77712358814591,17.24329210185408
0.5,74.23946269,62.102363610708615,12.137099079291382
3.0,81.05083763,64.19581358250524,16.855024047494766
6.0,94.23581671,66.70795354866118,27.527863161338814
3.0,90.68842461,64.19581358250524,26.49261102749476
5.0,69.77678882,65.87057355994253,3.906215260057465
2.0,68.83070878,63.358433593786586,5.472275186213409
1.5,72.98083347,62.93974359942726,10.041089870572733
2.0,85.96959804,63.358433593786586,22.611164446213408
2.0,62.39033084,63.358433593786586,-0.9681027537865887
0.0,62.97929123,61.68367361634929,1.2956176136507125
2.5,30.28405624,63.77712358814591,-33.493067348145914
4.0,84.28101485,65.03319357122388,19.24782127877613
3.0,84.51397897,64.19581358250524,20.31816538749476
2.5,81.79406606,63.77712358814591,18.016942471854094
4.0,53.6985542,65.03319357122388,-11.33463937122388
5.0,78.66079606,65.87057355994253,12.790222500057467
1.0,69.77678882,62.521053605067934,7.255735214932059
5.0,3.163642944,65.87057355994253,-62.706930615942525
5.0,33.01207454,65.87057355994253,-32.85849901994253
4.0,40.85194501,65.03319357122388,-24.181248561223875
2.0,61.87699019,63.358433593786586,-1.4814434037865851
6.0,43.74033114,66.70795354866118,-22.967622408661178
6.0,93.85224358,66.70795354866118,27.144290031338826
2.0,20.16159882,63.358433593786586,-43.19683477378659
1.0,2.73495916,62.521053605067934,-59.78609444506793
4.0,26.20415662,65.03319357122388,-38.82903695122388
7.0,83.78124349,67.54533353737983,16.235909952620162
1.0,55.06915825,62.521053605067934,-7.451895355067933
4.5,74.42424318,65.4518835655832,8.972359614416803
6.0,58.167767,66.70795354866118,-8.540186548661183
3.5,54.76825471,64.61450357686456,-9.846248866864563
6.0,56.67898027,66.70795354866118,-10.028973278661184
2.5,51.77995186,63.77712358814591,-11.997171728145915
3.0,96.59984902,64.19581358250524,32.404035437494755
2.0,58.87622836,63.358433593786586,-4.482205233786587
2.5,72.36104809,63.77712358814591,8.583924501854085
2.5,95.78741386,63.77712358814591,32.01029027185409
3.0,7.907875242,64.19581358250524,-56.287938340505235
3.0,90.10487342,64.19581358250524,25.909059837494766
1.5,51.00040934,62.93974359942726,-11.939334259427262
1.5,73.87758954,62.93974359942726,10.937845940572743
1.5,13.37560078,62.93974359942726,-49.56414281942726
3.0,77.77116511,64.19581358250524,13.57535152749476
1.5,23.90166614,62.93974359942726,-39.03807745942726
10.0,39.31802402,70.05747350353577,-30.739449483535772
4.0,63.74374862,65.03319357122388,-1.289444951223878
4.0,54.04141112,65.03319357122388,-10.991782451223877
3.5,80.3927078,64.61450357686456,15.778204223135432
1.5,20.46953227,62.93974359942726,-42.47021132942726
1.0,62.23219402,62.521053605067934,-0.2888595850679323
0.0,93.9072722,61.68367361634929,32.223598583650706
0.5,59.02079621,62.102363610708615,-3.0815674007086145
1.0,0.006768919,62.521053605067934,-62.51428468606793
6.0,77.76856155,66.70795354866118,11.06060800133882
2.5,88.17235737,63.77712358814591,24.39523378185409
2.0,45.94631988,63.358433593786586,-17.41211371378659
6.0,26.55639437,66.70795354866118,-40.15155917866118
1.0,19.47297454,62.521053605067934,-43.04807906506794
3.0,69.13085778,64.19581358250524,4.935044197494761
1.0,53.02162601,62.521053605067934,-9.499427595067935
0.0,36.42796633,61.68367361634929,-25.255707286349292
3.0,92.37168878,64.19581358250524,28.17587519749476
2.0,80.60383865,63.358433593786586,17.245405056213414
5.0,41.5155192,65.87057355994253,-24.355054359942528
2.0,32.04763915,63.358433593786586,-31.310794443786584
3.5,39.07339722,64.61450357686456,-25.541106356864567
5.0,87.00265796,65.87057355994253,21.132084400057465
2.5,70.81674648,63.77712358814591,7.039622891854094
5.0,79.52427005,65.87057355994253,13.65369649005747
4.0,80.47617765,65.03319357122388,15.44298407877612
6.0,23.32766848,66.70795354866118,-43.38028506866118
2.0,74.41919519,63.358433593786586,11.06076159621341
4.0,99.46839066,65.03319357122388,34.43519708877612
0.5,70.2948453,62.102363610708615,8.192481689291391
1.0,40.44798394,62.521053605067934,-22.073069665067933
3.5,87.89933447,64.61450357686456,23.284830893135435
1.5,44.91365764,62.93974359942726,-18.026085959427263
3.5,92.1853654,64.61450357686456,27.57086182313543
7.0,60.76861032,67.54533353737983,-6.776723217379832
5.0,92.16826247,65.87057355994253,26.297688910057474
3.0,5.844247261,64.19581358250524,-58.35156632150524
2.0,68.87086388,63.358433593786586,5.512430286213416
1.5,56.31514778,62.93974359942726,-6.624595819427263
1.0,35.5438073,62.521053605067934,-26.977246305067936
5.0,90.06979532,65.87057355994253,24.19922176005747
3.5,30.75861295,64.61450357686456,-33.855890626864564
4.5,51.61765844,65.4518835655832,-13.834225125583202
2.0,32.35454194,63.358433593786586,-31.00389165378659
5.0,52.41347462,65.87057355994253,-13.457098939942526
3.0,92.26251615,64.19581358250524,28.066702567494758
0.0,7.032419398,61.68367361634929,-54.65125421834929
2.5,30.97488641,63.77712358814591,-32.802237178145916
2.5,22.82347931,63.77712358814591,-40.953644278145916
2.0,37.38570424,63.358433593786586,-25.972729353786583
2.5,91.80020265,63.77712358814591,28.02307906185409
3.0,47.52350758,64.19581358250524,-16.672306002505238
3.5,97.17532506,64.61450357686456,32.56082148313544
4.0,69.91124718,65.03319357122388,4.878053608776128
1.0,51.32765319,62.521053605067934,-11.193400415067934
4.5,11.72203035,65.4518835655832,-53.729853215583205
9.0,73.17599591,69.22009351481712,3.955902395182875
7.0,58.06394871,67.54533353737983,-9.481384827379834
9.0,98.75339996,69.22009351481712,29.533306445182873
0.5,49.28651193,62.102363610708615,-12.815851680708612
3.0,13.05973687,64.19581358250524,-51.136076712505236
10.0,28.36149003,70.05747350353577,-41.695983473535776
5.0,32.2978179,65.87057355994253,-33.57275565994253
0.5,98.35931481,62.102363610708615,36.256951199291386
1.5,29.7578994,62.93974359942726,-33.18184419942726
5.0,93.80678317,65.87057355994253,27.936209610057475
3.5,38.18531901,64.61450357686456,-26.429184566864564
2.0,38.68988246,63.358433593786586,-24.668551133786586
0.5,89.0955475,62.102363610708615,26.99318388929138
3.0,41.98150796,64.19581358250524,-22.214305622505236
2.5,66.08825915,63.77712358814591,2.311135561854087
2.0,82.78836576,63.358433593786586,19.42993216621342
3.0,21.80091321,64.19581358250524,-42.394900372505234
5.0,49.28651193,65.87057355994253,-16.584061629942525
3.0,67.16680562,64.19581358250524,2.970992037494767
4.0,34.10784442,65.03319357122388,-30.925349151223877
0.0,31.36830176,61.68367361634929,-30.315371856349287
2.0,45.16626978,63.358433593786586,-18.192163813786586
2.0,3.027341461,63.358433593786586,-60.33109213278659
3.5,98.86426475,64.61450357686456,34.24976117313544
7.0,94.06597749,67.54533353737983,26.520643952620162
0.5,34.55230954,62.102363610708615,-27.55005407070861
2.5,87.3464244,63.77712358814591,23.56930081185409
2.0,82.95496038,63.358433593786586,19.596526786213417
5.0,43.7908813,65.87057355994253,-22.079692259942526
3.5,83.33665428,64.61450357686456,18.72215070313544
3.0,29.42980208,64.19581358250524,-34.766011502505236
2.5,96.72437097,63.77712358814591,32.94724738185408
0.5,78.83713773,62.102363610708615,16.73477411929138
3.0,89.34879347,64.19581358250524,25.152979887494766
1.0,33.65244897,62.521053605067934,-28.868604635067932
3.0,68.47284867,64.19581358250524,4.277035087494767
6.0,98.98268561,66.70795354866118,32.274732061338824
1.5,78.01416162,62.93974359942726,15.074418020572736
3.0,56.12271161,64.19581358250524,-8.073101972505235
1.0,38.19668196,62.521053605067934,-24.324371645067934
4.0,25.58698142,65.03319357122388,-39.446212151223875
5.0,30.98255809,65.87057355994253,-34.88801546994253
3.5,36.97561899,64.61450357686456,-27.638884586864563
0.0,39.33113427,61.68367361634929,-22.35253934634929
0.5,61.74825041,62.102363610708615,-0.3541132007086176
5.0,55.62821787,65.87057355994253,-10.242355689942528
6.0,53.24794021,66.70795354866118,-13.460013338661177
1.0,93.85646466,62.521053605067934,31.335411054932067
3.0,64.02279417,64.19581358250524,-0.17301941250524067
3.0,65.2420533,64.19581358250524,1.0462397174947569
5.0,26.1049264,65.87057355994253,-39.76564715994253
5.5,26.38837509,66.28926355430185,-39.90088846430186
7.0,94.65708955,67.54533353737983,27.111756012620162
1.5,6.027926572,62.93974359942726,-56.91181702742726
4.0,97.30672532,65.03319357122388,32.27353174877612
2.0,27.00314433,63.358433593786586,-36.35528926378659
1.5,45.51776657,62.93974359942726,-17.42197702942726
2.0,45.98732433,63.358433593786586,-17.371109263786586
7.0,63.30381582,67.54533353737983,-4.2415177173798355
1.0,96.18504314,62.521053605067934,33.66398953493207
1.5,23.68951218,62.93974359942726,-39.25023141942726
0.5,43.30369499,62.102363610708615,-18.798668620708618
6.0,99.74069637,66.70795354866118,33.032742821338815
3.0,48.98596485,64.19581358250524,-15.209848732505236
5.0,36.3201391,65.87057355994253,-29.55043445994253
0.5,76.72045861,62.102363610708615,14.61809499929138
4.5,51.7428672,65.4518835655832,-13.709016365583203
6.0,13.08187583,66.70795354866118,-53.62607771866118
4.0,26.3552187,65.03319357122388,-38.677974871223874
6.0,92.48084439,66.70795354866118,25.77289084133882
4.0,78.26789871,65.03319357122388,13.234705138776121
3.5,62.71354329,64.61450357686456,-1.9009602868645672
2.5,79.92192149,63.77712358814591,16.14479790185409
4.5,99.28032188,65.4518835655832,33.8284383144168
6.0,75.2628239,66.70795354866118,8.55487035133882
1.5,73.89402899,62.93974359942726,10.954285390572736
9.0,60.51961267,69.22009351481712,-8.700480844817122
7.0,46.60251916,67.54533353737983,-20.942814377379833
3.0,19.03058741,64.19581358250524,-45.16522617250524
1.5,26.04781219,62.93974359942726,-36.89193140942726
6.0,87.51636498,66.70795354866118,20.808411431338826
2.5,63.10741439,63.77712358814591,-0.6697091981459096
3.5,87.29843376,64.61450357686456,22.68393018313543
6.0,90.55383582,66.70795354866118,23.845882271338823
2.0,66.54483144,63.358433593786586,3.18639784621341
2.5,55.79291405,63.77712358814591,-7.984209538145912
4.0,59.36187206,65.03319357122388,-5.671321511223873
5.0,98.10020721,65.87057355994253,32.229633650057465
2.0,54.63077194,63.358433593786586,-8.727661653786583
1.0,82.81974763,62.521053605067934,20.29869402493206
7.0,21.94992936,67.54533353737983,-45.595404177379834
4.0,87.97639476,65.03319357122388,22.94320118877613
10.0,92.48084439,70.05747350353577,22.423370886464227
3.5,58.69524984,64.61450357686456,-5.919253736864562
0.0,82.389679,61.68367361634929,20.706005383650712
5.0,21.293857,65.87057355994253,-44.576716559942525
1.0,28.47427465,62.521053605067934,-34.046778955067936
0.0,48.66934789,61.68367361634929,-13.014325726349291
0.5,86.60972573,62.102363610708615,24.50736211929138
5.5,1.726900972,66.28926355430185,-64.56236258230186
5.0,90.64350563,65.87057355994253,24.77293207005748
3.5,87.8987,64.61450357686456,23.28419642313544
5.5,98.13855509,66.28926355430185,31.849291535698143
1.5,70.28143034,62.93974359942726,7.34168674057274
3.5,84.4582919,64.61450357686456,19.843788323135442
3.0,87.37254389,64.19581358250524,23.176730307494765
3.0,74.74124853,64.19581358250524,10.545434947494755
3.0,59.82968984,64.19581358250524,-4.366123742505238
2.0,69.88257682,63.358433593786586,6.524143226213411
0.5,15.29507487,62.102363610708615,-46.807288740708614
1.5,25.9046623,62.93974359942726,-37.03508129942726
0.0,12.67495059,61.68367361634929,-49.00872302634929
0.5,0.465744534,62.102363610708615,-61.63661907670861
5.0,65.45070989,65.87057355994253,-0.4198636699425293
4.0,72.08322728,65.03319357122388,7.050033708776127
1.0,13.19742369,62.521053605067934,-49.32362991506793
0.5,5.125120423,62.102363610708615,-56.977243187708616
4.5,42.9070731,65.4518835655832,-22.544810465583204
2.5,95.48360779,63.77712358814591,31.70648420185408
2.5,70.59134372,63.77712358814591,6.814220131854086
8.0,87.55552706,68.38271352609847,19.172813533901532
1.5,50.78124507,62.93974359942726,-12.158498529427263
0.0,20.13123816,61.68367361634929,-41.552435456349286
2.0,76.59777271,63.358433593786586,13.239339116213415
2.0,79.94321014,63.358433593786586,16.58477654621342
5.5,53.96737126,66.28926355430185,-12.321892294301854
3.0,74.23946269,64.19581358250524,10.043649107494758
3.0,52.55947074,64.19581358250524,-11.636342842505236
5.0,61.32131796,65.87057355994253,-4.549255599942526
7.0,35.43738756,67.54533353737983,-32.107945977379835
4.0,28.91092809,65.03319357122388,-36.12226548122388
0.0,18.67189653,61.68367361634929,-43.011777086349284
3.0,89.52466745,64.19581358250524,25.328853867494757
4.0,30.61256779,65.03319357122388,-34.420625781223876
7.0,73.97695278,67.54533353737983,6.431619242620172
2.5,92.72607031,63.77712358814591,28.948946721854085
2.5,92.29468816,63.77712358814591,28.517564571854095
0.5,3.72e-09,62.102363610708615,-62.10236360698862
5.0,35.20622619,65.87057355994253,-30.664347369942526
6.0,77.85531727,66.70795354866118,11.14736372133882
3.5,15.29718496,64.61450357686456,-49.31731861686457
1.5,86.03629312,62.93974359942726,23.096549520572736
0.5,57.57312174,62.102363610708615,-4.529241870708617
4.0,48.98596485,65.03319357122388,-16.047228721223874
1.0,15.53240804,62.521053605067934,-46.988645565067934
0.5,68.32870413,62.102363610708615,6.226340519291391
5.0,69.77678882,65.87057355994253,3.906215260057465
0.0,29.49477761,61.68367361634929,-32.18889600634929
5.5,79.67120611,66.28926355430185,13.381942555698146
1.0,41.5155192,62.521053605067934,-21.005534405067934
3.0,83.83716201,64.19581358250524,19.641348427494762
6.0,94.79049664,66.70795354866118,28.08254309133882
3.0,10.0980018,64.19581358250524,-54.09781178250524
3.5,81.73093016,64.61450357686456,17.116426583135436
8.0,80.59668985,68.38271352609847,12.213976323901534
0.0,80.97504778,61.68367361634929,19.29137416365071
2.0,71.77650233,63.358433593786586,8.418068736213414
3.0,51.57061646,64.19581358250524,-12.625197122505242
3.0,74.97339737,64.19581358250524,10.777583787494763
1.5,78.31747374,62.93974359942726,15.377730140572737
6.0,93.8867959,66.70795354866118,27.178842351338815
0.0,61.73415715,61.68367361634929,0.050483533650712786
6.0,21.63321504,66.70795354866118,-45.074738508661184
4.5,98.83229328,65.4518835655832,33.3804097144168
3.0,67.02760826,64.19581358250524,2.8317946774947558
2.5,1.827930997,63.77712358814591,-61.94919259114591
8.0,66.68729588,68.38271352609847,-1.695417646098477
3.5,96.01314028,64.61450357686456,31.398636703135438
5.0,31.08786145,65.87057355994253,-34.78271210994253
1.5,10.67598675,62.93974359942726,-52.26375684942726
6.0,85.9657027,66.70795354866118,19.257749151338814
3.0,70.84066228,64.19581358250524,6.644848697494766
3.5,85.94819628,64.61450357686456,21.33369270313544
3.0,21.45872612,64.19581358250524,-42.73708746250524
8.0,96.6144673,68.38271352609847,28.23175377390153
5.0,47.7153177,65.87057355994253,-18.155255859942528
5.5,47.50952011,66.28926355430185,-18.779743444301857
0.0,69.15980796,61.68367361634929,7.476134343650706
4.0,61.71262234,65.03319357122388,-3.320571231223873
3.0,49.78650358,64.19581358250524,-14.409310002505237
2.5,14.38794383,63.77712358814591,-49.389179758145914
2.5,47.28464354,63.77712358814591,-16.492480048145914
7.0,57.43872869,67.54533353737983,-10.106604847379835
2.5,66.27569222,63.77712358814591,2.4985686318540843
4.0,28.54864874,65.03319357122388,-36.48454483122387
6.0,72.15157479,66.70795354866118,5.443621241338818
6.0,4.846548785,66.70795354866118,-61.86140476366118
3.5,69.5988229,64.61450357686456,4.984319323135438
6.0,97.05875281,66.70795354866118,30.35079926133882
3.5,60.25938216,64.61450357686456,-4.355121416864563
3.0,89.52466745,64.19581358250524,25.328853867494757
5.0,78.9594291,65.87057355994253,13.088855540057466
2.5,98.04566662,63.77712358814591,34.268543031854094
0.5,98.13004196,62.102363610708615,36.027678349291385
4.0,9.353982255,65.03319357122388,-55.67921131622388
2.0,78.49593958,63.358433593786586,15.137505986213412
6.0,60.50842316,66.70795354866118,-6.199530388661181
1.5,69.90936567,62.93974359942726,6.96962207057274
2.0,37.86086693,63.358433593786586,-25.497566663786586
2.0,24.37249185,63.358433593786586,-38.98594174378658
2.5,74.22155378,63.77712358814591,10.444430191854082
1.0,23.65339914,62.521053605067934,-38.86765446506793
4.0,53.96737126,65.03319357122388,-11.065822311223876
1.0,40.55138048,62.521053605067934,-21.969673125067935
3.0,40.79455963,64.19581358250524,-23.401253952505236
2.0,71.98123934,63.358433593786586,8.622805746213416
0.0,66.99718709,61.68367361634929,5.313513473650708
1.0,47.52350758,62.521053605067934,-14.997546025067933
2.0,50.280802,63.358433593786586,-13.077631593786585
4.0,99.53623348,65.03319357122388,34.50303990877613
3.0,98.60730006,64.19581358250524,34.41148647749476
5.0,92.62027788,65.87057355994253,26.749704320057475
2.0,28.65543817,63.358433593786586,-34.70299542378659
6.0,70.24465288,66.70795354866118,3.5366993313388235
5.0,48.66934789,65.87057355994253,-17.20122566994253
1.0,14.40031342,62.521053605067934,-48.12074018506793
0.5,35.66865835,62.102363610708615,-26.433705260708614
5.0,62.18797285,65.87057355994253,-3.682600709942527
1.0,56.72044489,62.521053605067934,-5.800608715067931
4.0,37.60087813,65.03319357122388,-27.432315441223878
5.0,35.48539341,65.87057355994253,-30.385180149942528
3.5,99.39565843,64.61450357686456,34.78115485313543
5.0,10.4345235,65.87057355994253,-55.43605005994253
0.5,52.12369341,62.102363610708615,-9.978670200708613
0.5,37.59782411,62.102363610708615,-24.504539500708617
4.0,76.09828891,65.03319357122388,11.065095338776118
2.0,95.36826172,63.358433593786586,32.00982812621342
1.0,33.17546115,62.521053605067934,-29.345592455067937
2.0,84.62919716,63.358433593786586,21.270763566213418
0.5,68.17556258,62.102363610708615,6.07319896929139
1.5,75.2628239,62.93974359942726,12.323080300572741
5.0,45.29941242,65.87057355994253,-20.571161139942525
7.0,23.32766848,67.54533353737983,-44.21766505737983
5.0,54.236927,65.87057355994253,-11.633646559942527
6.0,74.45590053,66.70795354866118,7.7479469813388135
10.0,70.11393651,70.05747350353577,0.056463006464227306
0.0,49.07165942,61.68367361634929,-12.612014196349286
2.5,21.08701585,63.77712358814591,-42.69010773814591
6.0,95.74178272,66.70795354866118,29.033829171338823
0.0,98.57239439,61.68367361634929,36.88872077365071
6.0,67.15545224,66.70795354866118,0.44749869133882214
3.0,48.05850021,64.19581358250524,-16.13731337250524
1.5,11.97711072,62.93974359942726,-50.96263287942726
1.5,52.55947074,62.93974359942726,-10.380272859427258
6.0,53.96737126,66.70795354866118,-12.74058228866118
3.0,79.68910751,64.19581358250524,15.493293927494761
3.5,67.95392435,64.61450357686456,3.33942077313543
8.0,1.952437721,68.38271352609847,-66.43027580509847
2.5,45.26674712,63.77712358814591,-18.510376468145914
3.0,91.66386894,64.19581358250524,27.468055357494762
5.0,17.74504799,65.87057355994253,-48.125525569942525
1.5,53.96737126,62.93974359942726,-8.97237233942726
2.0,59.66409628,63.358433593786586,-3.6943373137865834
2.0,37.86086693,63.358433593786586,-25.497566663786586
1.5,53.96737126,62.93974359942726,-8.97237233942726
3.5,97.43899555,64.61450357686456,32.82449197313544
1.0,35.43738756,62.521053605067934,-27.083666045067936
0.5,47.52350758,62.102363610708615,-14.578856030708614
0.5,59.66409628,62.102363610708615,-2.4382673307086122
4.0,99.11437844,65.03319357122388,34.08118486877612
2.5,45.33714908,63.77712358814591,-18.43997450814591
1.5,70.42286025,62.93974359942726,7.48311665057274
4.0,15.09582517,65.03319357122388,-49.93736840122388
10.0,83.38854727,70.05747350353577,13.331073766464229
1.0,70.83973772,62.521053605067934,8.318684114932068
4.0,87.14410018,65.03319357122388,22.11090660877612
2.0,39.48701713,63.358433593786586,-23.871416463786588
2.0,59.41356498,63.358433593786586,-3.944868613786589
2.5,71.24031837,63.77712358814591,7.463194781854085
2.0,69.13113635,63.358433593786586,5.77270275621342
5.5,96.23617059,66.28926355430185,29.946907035698146
1.0,31.54545269,62.521053605067934,-30.975600915067933
2.5,67.04361636,63.77712358814591,3.2664927718540895
3.0,59.65366863,64.19581358250524,-4.5421449525052395
0.5,63.84716861,62.102363610708615,1.7448049992913823
6.0,87.16521278,66.70795354866118,20.457259231338824
2.5,1.40030369,63.77712358814591,-62.37681989814591
1.0,51.7428672,62.521053605067934,-10.778186405067935
1.0,82.9105435,62.521053605067934,20.38948989493207
6.0,98.65022745,66.70795354866118,31.942273901338822
2.5,87.39539654,63.77712358814591,23.61827295185408
2.5,3.961497341,63.77712358814591,-59.815626247145914
2.5,99.35762909,63.77712358814591,35.58050550185409
1.5,88.42538193,62.93974359942726,25.48563833057274
3.0,47.75711216,64.19581358250524,-16.43870142250524
3.0,58.93820481,64.19581358250524,-5.257608772505236
8.0,20.75904023,68.38271352609847,-47.623673296098474
4.0,67.12889615,65.03319357122388,2.0957025787761268
0.0,47.57670396,61.68367361634929,-14.106969656349285
4.0,67.16680562,65.03319357122388,2.133612048776129
4.0,77.04936127,65.03319357122388,12.01616769877613
2.0,74.23946269,63.358433593786586,10.88102909621341
5.0,23.65339914,65.87057355994253,-42.21717441994252
2.0,47.49270385,63.358433593786586,-15.865729743786588
4.0,83.65146996,65.03319357122388,18.618276388776124
4.0,41.64225082,65.03319357122388,-23.390942751223875
2.5,96.21000485,63.77712358814591,32.43288126185409
0.0,98.57693347,61.68367361634929,36.89325985365071
2.0,71.04047181,63.358433593786586,7.682038216213414
1.0,62.71354329,62.521053605067934,0.1924896849320632
9.0,90.445849,69.22009351481712,21.225755485182873
7.0,83.83716201,67.54533353737983,16.291828472620168
3.0,99.28624069,64.19581358250524,35.09042710749476
3.0,92.10805787,64.19581358250524,27.912244287494758
7.0,68.85850245,67.54533353737983,1.3131689126201707
0.0,14.65283658,61.68367361634929,-47.03083703634929
4.5,23.56629787,65.4518835655832,-41.8855856955832
10.0,72.30226596,70.05747350353577,2.244792456464225
4.5,99.10797503,65.4518835655832,33.656091464416804
6.0,67.1343223,66.70795354866118,0.42636875133881347
6.0,83.59949632,66.70795354866118,16.89154277133882
5.0,96.59544979,65.87057355994253,30.724876230057475
10.0,25.54426508,70.05747350353577,-44.51320842353577
0.0,92.04190884,61.68367361634929,30.358235223650716
5.0,90.37184496,65.87057355994253,24.501271400057476
8.0,95.1818145,68.38271352609847,26.79910097390153
9.0,76.61594979,69.22009351481712,7.395856275182879
9.0,65.06251814,69.22009351481712,-4.157575374817128
8.0,86.00972589,68.38271352609847,17.627012363901528
10.0,66.88800531,70.05747350353577,-3.169468193535778
5.0,58.96570164,65.87057355994253,-6.904871919942529
0.0,8.562650114,61.68367361634929,-53.12102350234929
10.0,69.50735514,70.05747350353577,-0.5501183635357734
10.0,80.45814115,70.05747350353577,10.400667646464228
7.0,86.76286104,67.54533353737983,19.21752750262017
6.0,84.4582919,66.70795354866118,17.750338351338826
5.0,99.40401672,65.87057355994253,33.53344316005747
8.0,34.20904036,68.38271352609847,-34.17367316609847
7.0,65.35196241,67.54533353737983,-2.1933711273798338
10.0,63.79345154,70.05747350353577,-6.264021963535775
6.0,39.68746738,66.70795354866118,-27.02048616866118
6.0,16.46165604,66.70795354866118,-50.24629750866118
4.5,99.16331374,65.4518835655832,33.711430174416805
3.0,96.82674473,64.19581358250524,32.63093114749476
4.0,76.41320295,65.03319357122388,11.380009378776123
5.0,62.41050615,65.87057355994253,-3.460067409942525
7.0,97.91458622,67.54533353737983,30.36925268262017
7.0,93.57527412,67.54533353737983,26.02994058262017
4.0,54.76825471,65.03319357122388,-10.264938861223875
3.5,58.87622836,64.61450357686456,-5.738275216864565
10.0,96.02199137,70.05747350353577,25.96451786646422
6.0,60.66321529,66.70795354866118,-6.044738258661184
2.0,99.5863426,63.358433593786586,36.22790900621341
3.5,90.64452032,64.61450357686456,26.030016743135434
1.5,92.43406491,62.93974359942726,29.494321310572744
9.0,86.63046297,69.22009351481712,17.410369455182874
3.0,58.87622836,64.19581358250524,-5.319585222505239
7.0,47.9840088,67.54533353737983,-19.561324737379834
7.0,94.58699394,67.54533353737983,27.041660402620167
8.0,52.16728949,68.38271352609847,-16.21542403609847
6.0,95.58384077,66.70795354866118,28.875887221338814
6.0,97.02213328,66.70795354866118,30.314179731338825
3.5,25.66497134,64.61450357686456,-38.94953223686456
5.5,99.81953982,66.28926355430185,33.53027626569815
6.0,70.1846005,66.70795354866118,3.4766469513388216
3.0,77.27245919,64.19581358250524,13.076645607494768
6.0,70.98914018,66.70795354866118,4.2811866313388265
5.0,56.0248962,65.87057355994253,-9.845677359942528
3.0,66.78441167,64.19581358250524,2.588598087494759
4.0,83.59949632,65.03319357122388,18.566302748776124
1.5,84.41178425,62.93974359942726,21.472040650572737
0.0,87.25071452,61.68367361634929,25.567040903650714
0.0,87.89933447,61.68367361634929,26.21566085365071
4.5,17.15405869,65.4518835655832,-48.2978248755832
1.5,87.87854754,62.93974359942726,24.93880394057274
7.0,86.58677976,67.54533353737983,19.041446222620166
4.5,71.7892736,65.4518835655832,6.337390034416799
5.0,98.53601962,65.87057355994253,32.66544606005748
5.0,87.3464244,65.87057355994253,21.475850840057475
0.0,45.1520129,61.68367361634929,-16.531660716349286
9.0,60.47945217,69.22009351481712,-8.74064134481712
3.5,60.47945217,64.61450357686456,-4.135051406864562
2.0,83.83716201,63.358433593786586,20.478728416213414
3.0,55.79291405,64.19581358250524,-8.402899532505238
2.5,74.88770856,63.77712358814591,11.110584971854081
7.0,91.93597549,67.54533353737983,24.39064195262017
3.5,58.8744133,64.61450357686456,-5.740090276864564
0.0,33.66779009,61.68367361634929,-28.015883526349292
3.0,43.53539984,64.19581358250524,-20.66041374250524
5.5,97.86343961,66.28926355430185,31.574176055698146
4.5,66.76021312,65.4518835655832,1.308329554416801
4.0,71.8600337,65.03319357122388,6.8268401287761264
1.5,58.96570164,62.93974359942726,-3.974041959427261
5.0,97.42544743,65.87057355994253,31.554873870057477
4.0,17.54872121,65.03319357122388,-47.48447236122388
7.0,87.37254389,67.54533353737983,19.82721035262017
6.0,71.24517665,66.70795354866118,4.5372231013388244
5.0,62.47075585,65.87057355994253,-3.399817709942525
4.5,62.95970228,65.4518835655832,-2.4921812855832
5.5,89.01623617,66.28926355430185,22.726972615698145
5.5,76.31024948,66.28926355430185,10.020985925698142
3.5,95.43893776,64.61450357686456,30.824434183135438
6.0,53.01344219,66.70795354866118,-13.694511358661181
8.0,57.31734359,68.38271352609847,-11.06536993609847
4.0,63.18796467,65.03319357122388,-1.8452289012238765
1.5,93.01064782,62.93974359942726,30.070904220572743
3.0,91.49215597,64.19581358250524,27.29634238749476
1.0,65.43024833,62.521053605067934,2.909194724932064
7.0,94.71159568,67.54533353737983,27.16626214262017
2.5,18.33302569,63.77712358814591,-45.44409789814591
6.0,54.64792215,66.70795354866118,-12.060031398661181
0.0,87.3464244,61.68367361634929,25.662750783650715
3.5,60.47945217,64.61450357686456,-4.135051406864562
3.5,94.84709336,64.61450357686456,30.232589783135438
1.5,42.05103451,62.93974359942726,-20.88870908942726
1.0,57.23154694,62.521053605067934,-5.2895066650679325
0.5,87.3464244,62.102363610708615,25.24406078929139
2.0,2.974353394,63.358433593786586,-60.38408019978659
2.0,13.05895813,63.358433593786586,-50.299475463786585
2.5,29.69965869,63.77712358814591,-34.07746489814591
3.0,64.55841927,64.19581358250524,0.36260568749476363
3.0,99.60183928,64.19581358250524,35.406025697494755
7.0,79.37279924,67.54533353737983,11.827465702620174
4.0,47.3616047,65.03319357122388,-17.671588871223875
2.5,65.46843271,63.77712358814591,1.6913091218540899
4.0,13.58495237,65.03319357122388,-51.44824120122388
3.0,89.13675181,64.19581358250524,24.94093822749477
4.5,50.74874814,65.4518835655832,-14.703135425583206
2.0,92.43136828,63.358433593786586,29.072934686213415
4.0,6.915720496,65.03319357122388,-58.11747307522388
5.0,94.05766279,65.87057355994253,28.187089230057467
7.0,77.88268248,67.54533353737983,10.337348942620167
7.0,96.42850179,67.54533353737983,28.883168252620166
0.5,35.48942561,62.102363610708615,-26.612938000708617
4.5,57.02874133,65.4518835655832,-8.4231422355832
2.0,61.77258749,63.358433593786586,-1.5858461037865865
2.0,19.66638439,63.358433593786586,-43.69204920378658
1.0,98.31369577,62.521053605067934,35.79264216493206
4.0,61.00492226,65.03319357122388,-4.028271311223875
10.0,98.86253946,70.05747350353577,28.80506595646422
3.0,75.92719998,64.19581358250524,11.73138639749476
3.0,83.81277898,64.19581358250524,19.616965397494766
5.0,73.31969158,65.87057355994253,7.449118020057469
6.0,83.06926617,66.70795354866118,16.361312621338826
5.0,92.64639674,65.87057355994253,26.775823180057472
4.5,50.280802,65.4518835655832,-15.1710815655832
1.0,43.40450412,62.521053605067934,-19.116549485067935
7.0,78.27296534,67.54533353737983,10.727631802620166
4.5,50.57461132,65.4518835655832,-14.8772722455832
6.0,97.10558728,66.70795354866118,30.397633731338814
2.0,56.95841633,63.358433593786586,-6.400017263786587
10.0,93.79543511,70.05747350353577,23.737961606464225
5.0,71.28169648,65.87057355994253,5.4111229200574655
5.0,90.00057,65.87057355994253,24.129996440057468
4.0,98.50877172,65.03319357122388,33.47557814877612
6.0,52.93975746,66.70795354866118,-13.768196088661178
10.0,62.75875953,70.05747350353577,-7.298713973535776
6.0,95.80634472,66.70795354866118,29.098391171338818
5.0,29.08833714,65.87057355994253,-36.78223641994253
3.0,88.37481573,64.19581358250524,24.179002147494757
0.0,96.89394797,61.68367361634929,35.21027435365071
8.0,88.47985603,68.38271352609847,20.097142503901523
3.5,22.13344692,64.61450357686456,-42.48105665686457
5.5,98.32881877,66.28926355430185,32.039555215698144
1.0,73.67631258,62.521053605067934,11.155258974932067
0.0,76.77275392,61.68367361634929,15.08908030365071
5.0,21.34001702,65.87057355994253,-44.53055653994252
0.5,85.71224216,62.102363610708615,23.609878549291388
5.5,95.00879807,66.28926355430185,28.719534515698143
5.5,59.20436934,66.28926355430185,-7.084894214301855
2.5,21.08701585,63.77712358814591,-42.69010773814591
5.0,98.11904317,65.87057355994253,32.24846961005747
1.5,5.086495135,62.93974359942726,-57.85324846442726
5.0,63.94021415,65.87057355994253,-1.9303594099425254
4.0,33.83135098,65.03319357122388,-31.201842591223873
7.0,55.80107617,67.54533353737983,-11.74425736737983
3.0,88.52541065,64.19581358250524,24.32959706749476
3.0,89.6840555,64.19581358250524,25.48824191749476
1.0,92.6891161,62.521053605067934,30.168062494932073
6.0,17.13053094,66.70795354866118,-49.57742260866118
1.0,91.35221412,62.521053605067934,28.831160514932066
5.0,86.17092387,65.87057355994253,20.300350310057468
5.0,47.9840088,65.87057355994253,-17.88656475994253
1.0,64.26150224,62.521053605067934,1.740448634932065
1.0,99.19735127,62.521053605067934,36.676297664932065
4.0,26.68936925,65.03319357122388,-38.34382432122388
9.0,95.50889982,69.22009351481712,26.288806305182874
0.0,38.4571486,61.68367361634929,-23.226525016349292
7.0,78.35309341,67.54533353737983,10.807759872620167
5.0,47.57670396,65.87057355994253,-18.293869599942525
1.0,85.48805015,62.521053605067934,22.966996544932073
1.5,87.87850996,62.93974359942726,24.938766360572743
10.0,21.80091321,70.05747350353577,-48.25656029353577
5.0,97.23423628,65.87057355994253,31.363662720057476
0.5,71.88874208,62.102363610708615,9.786378469291385
6.0,87.48967496,66.70795354866118,20.781721411338822
5.0,98.88068789,65.87057355994253,33.010114330057476
4.0,84.99585684,65.03319357122388,19.962663268776126
4.0,91.7723057,65.03319357122388,26.739112128776128
2.5,63.81111277,63.77712358814591,0.03398918185408917
2.0,97.82278208,63.358433593786586,34.46434848621341
2.0,90.34205382,63.358433593786586,26.983620226213418
0.5,62.21357175,62.102363610708615,0.11120813929138507
6.0,20.6206999,66.70795354866118,-46.087253648661175
5.5,31.95457566,66.28926355430185,-34.33468789430185
1.0,89.53706561,62.521053605067934,27.016012004932065
8.0,43.18972253,68.38271352609847,-25.192990996098473
5.5,68.98660927,66.28926355430185,2.697345715698148
3.0,55.56946877,64.19581358250524,-8.626344812505238
0.0,94.18128667,61.68367361634929,32.49761305365072
2.0,38.60495566,63.358433593786586,-24.753477933786584
2.0,62.45929785,63.358433593786586,-0.8991357437865872
6.0,51.29024652,66.70795354866118,-15.417707028661184
1.5,84.50475698,62.93974359942726,21.565013380572736
1.5,95.34309976,62.93974359942726,32.40335616057274
7.0,98.83048713,67.54533353737983,31.285153592620162
1.5,98.21904951,62.93974359942726,35.279305910572745
1.0,78.15995475,62.521053605067934,15.638901144932063
1.5,45.82424345,62.93974359942726,-17.115500149427262
3.0,6.550834406,64.19581358250524,-57.64497917650524
1.0,85.93465272,62.521053605067934,23.41359911493207
3.0,64.3505125,64.19581358250524,0.1546989174947555
3.0,53.9997225,64.19581358250524,-10.19609108250524
3.0,0.008377636,64.19581358250524,-64.18743594650523
1.5,95.38126273,62.93974359942726,32.44151913057274
3.0,61.00492226,64.19581358250524,-3.1908913225052373
6.0,90.51467987,66.70795354866118,23.806726321338815
6.0,23.69329413,66.70795354866118,-43.01465941866118
5.5,8.872856689,66.28926355430185,-57.41640686530185
1.0,82.29706707,62.521053605067934,19.776013464932063
7.0,91.87246689,67.54533353737983,24.327133352620166
5.0,96.82674473,65.87057355994253,30.956171170057473
1.0,91.1233667,62.521053605067934,28.60231309493207
1.0,26.14959455,62.521053605067934,-36.37145905506793
8.0,69.47510881,68.38271352609847,1.0923952839015243
3.0,73.77661547,64.19581358250524,9.580801887494758
6.0,96.98186719,66.70795354866118,30.273913641338822
4.0,78.34535674,65.03319357122388,13.312163168776124
2.5,69.87171391,63.77712358814591,6.094590321854085
5.0,75.19502904,65.87057355994253,9.324455480057466
1.0,32.49797332,62.521053605067934,-30.023080285067934
3.5,67.21733084,64.61450357686456,2.6028272631354383
5.0,57.42808938,65.87057355994253,-8.442484179942525
5.5,97.11031481,66.28926355430185,30.82105125569815
5.0,15.52806328,65.87057355994253,-50.34251027994253
5.0,87.55552706,65.87057355994253,21.684953500057475
0.5,15.52806328,62.102363610708615,-46.57430033070862
6.0,97.80553512,66.70795354866118,31.09758157133882
9.0,54.81893823,69.22009351481712,-14.401155284817122
4.5,47.27609887,65.4518835655832,-18.175784695583204
6.0,22.1204249,66.70795354866118,-44.58752864866118
5.0,94.72887813,65.87057355994253,28.85830457005747
1.5,72.03344585,62.93974359942726,9.093702250572747
4.0,88.13348835,65.03319357122388,23.100294778776117
4.0,10.71269185,65.03319357122388,-54.32050172122388
4.0,82.29706707,65.03319357122388,17.26387349877612
2.5,11.36765591,63.77712358814591,-52.409467678145916
1.5,26.53569654,62.93974359942726,-36.404047059427256
2.0,87.80388484,63.358433593786586,24.44545124621341
5.0,1.885574364,65.87057355994253,-63.98499919594253
0.0,83.09080929,61.68367361634929,21.407135673650707
5.0,81.02041569,65.87057355994253,15.149842130057465
5.0,94.64554346,65.87057355994253,28.77496990005747
5.5,95.59023937,66.28926355430185,29.300975815698152
2.0,20.75904023,63.358433593786586,-42.59939336378659
3.0,74.58652474,64.19581358250524,10.390711157494763
6.0,26.06924461,66.70795354866118,-40.63870893866118
7.0,85.0778139,67.54533353737983,17.532480362620163
3.5,79.66153065,64.61450357686456,15.047027073135439
5.0,90.83184734,65.87057355994253,24.961273780057468
0.5,69.88557207,62.102363610708615,7.78320845929138
0.5,45.17144028,62.102363610708615,-16.930923330708616
1.5,96.96335469,62.93974359942726,34.02361109057274
3.0,84.41178425,64.19581358250524,20.21597066749476
6.0,81.4080139,66.70795354866118,14.70006035133882
4.5,93.98925052,65.4518835655832,28.537366954416797
4.0,48.98596485,65.03319357122388,-16.047228721223874
5.0,74.74124853,65.87057355994253,8.870674970057465
4.0,75.23984427,65.03319357122388,10.20665069877613
1.0,89.74113165,62.521053605067934,27.220078044932066
2.5,36.8619196,63.77712358814591,-26.91520398814591
2.5,66.95017509,63.77712358814591,3.17305150185409
7.0,70.6224724,67.54533353737983,3.077138862620174
7.0,30.05780971,67.54533353737983,-37.48752382737983
7.0,17.61193643,67.54533353737983,-49.93339710737983
2.0,86.46995254,63.358433593786586,23.11151894621341
3.5,59.36187206,64.61450357686456,-5.252631516864561
6.0,10.71269185,66.70795354866118,-55.99526169866118
2.5,14.63758165,63.77712358814591,-49.13954193814591
5.5,78.31570259,66.28926355430185,12.026439035698147
3.0,88.17445486,64.19581358250524,23.97864127749476
3.0,10.90589105,64.19581358250524,-53.28992253250524
7.0,38.60495566,67.54533353737983,-28.94037787737983
5.0,65.56463771,65.87057355994253,-0.30593584994252865
4.5,32.04763915,65.4518835655832,-33.4042444155832
1.5,87.51636498,62.93974359942726,24.576621380572746
2.5,98.27574094,63.77712358814591,34.498617351854094
3.0,68.13816439,64.19581358250524,3.942350807494762
1.5,53.32509373,62.93974359942726,-9.61464986942726
3.0,83.70656699,64.19581358250524,19.51075340749476
0.0,96.33023876,61.68367361634929,34.64656514365071
1.0,18.09721231,62.521053605067934,-44.42384129506793
6.0,55.79291405,66.70795354866118,-10.91503949866118
8.0,98.10020721,68.38271352609847,29.717493683901523
3.0,26.06924461,64.19581358250524,-38.12656897250524
5.5,93.51033526,66.28926355430185,27.22107170569815
3.0,66.62027906,64.19581358250524,2.4244654774947634
5.0,87.0929914,65.87057355994253,21.222417840057474
6.0,86.65090397,66.70795354866118,19.94295042133882
3.0,86.74519316,64.19581358250524,22.54937957749476
2.5,17.71649199,63.77712358814591,-46.06063159814591
4.5,58.167767,65.4518835655832,-7.284116565583204
1.0,42.90537454,62.521053605067934,-19.615679065067937
2.5,46.07997675,63.77712358814591,-17.697146838145912
2.0,54.40819125,63.358433593786586,-8.950242343786584
4.0,98.76650545,65.03319357122388,33.73331187877612
9.0,69.17629728,69.22009351481712,-0.04379623481712258
5.0,54.36682368,65.87057355994253,-11.503749879942525
5.5,21.67031209,66.28926355430185,-44.61895146430186
1.5,81.5523064,62.93974359942726,18.612562800572746
3.0,52.12369341,64.19581358250524,-12.072120172505237
6.0,65.02133515,66.70795354866118,-1.6866183986611816
5.5,67.48018081,66.28926355430185,1.1909172556981389
3.0,46.07997675,64.19581358250524,-18.115836832505238
3.5,40.43646118,64.61450357686456,-24.178042396864562
7.0,46.48345897,67.54533353737983,-21.06187456737983
2.0,62.32337542,63.358433593786586,-1.035058173786588
1.0,67.35690955,62.521053605067934,4.835855944932064
5.0,87.55552706,65.87057355994253,21.684953500057475
4.0,15.95140216,65.03319357122388,-49.081791411223875
10.0,97.65709632,70.05747350353577,27.59962281646422
10.0,99.46013039,70.05747350353577,29.40265688646423
3.5,81.84609896,64.61450357686456,17.231595383135442
4.0,94.96319001,65.03319357122388,29.92999643877613
3.0,84.34610709,64.19581358250524,20.150293507494766
1.0,10.74991568,62.521053605067934,-51.77113792506793
8.0,42.54722762,68.38271352609847,-25.83548590609847
9.0,92.76540444,69.22009351481712,23.545310925182875
7.0,67.50042545,67.54533353737983,-0.04490808737983798
7.0,89.14379405,67.54533353737983,21.598460512620164
3.0,63.80400179,64.19581358250524,-0.3918117925052371
2.0,98.81450204,63.358433593786586,35.45606844621341
4.0,40.42179003,65.03319357122388,-24.61140354122388
1.0,7.097946712,62.521053605067934,-55.42310689306793
7.0,35.33010211,67.54533353737983,-32.215231427379834
3.0,71.86076545,64.19581358250524,7.664951867494764
4.0,27.25450767,65.03319357122388,-37.77868590122388
5.0,28.59861823,65.87057355994253,-37.27195532994253
8.0,8.934316669,68.38271352609847,-59.44839685709847
6.0,51.05664155,66.70795354866118,-15.651311998661178
3.0,82.389679,64.19581358250524,18.193865417494763
3.0,86.44425669,64.19581358250524,22.248443107494765
6.0,72.08322728,66.70795354866118,5.375273731338822
1.5,81.37814313,62.93974359942726,18.438399530572738
8.0,1.880128952,68.38271352609847,-66.50258457409846
4.0,53.56656078,65.03319357122388,-11.466632791223873
10.0,45.29941242,70.05747350353577,-24.75806108353577
4.0,83.57086706,65.03319357122388,18.53767348877612
4.0,55.93203647,65.03319357122388,-9.101157101223876
3.0,98.67993506,64.19581358250524,34.48412147749477
0.0,96.39064078,61.68367361634929,34.70696716365071
3.5,97.60681416,64.61450357686456,32.992310583135435
3.0,90.17639273,64.19581358250524,25.980579147494765
3.0,63.80400179,64.19581358250524,-0.3918117925052371
3.0,30.10853564,64.19581358250524,-34.08727794250524
1.5,84.4582919,62.93974359942726,21.518548300572746
1.0,33.85803965,62.521053605067934,-28.66301395506793
3.0,61.12841374,64.19581358250524,-3.067399842505239
1.5,47.58837238,62.93974359942726,-15.351371219427257
2.0,96.5329539,63.358433593786586,33.17452030621341
1.0,83.22082473,62.521053605067934,20.69977112493207
2.0,48.82355055,63.358433593786586,-14.534883043786586
5.0,48.23109301,65.87057355994253,-17.639480549942526
3.0,84.03120163,64.19581358250524,19.83538804749476
1.5,71.98950536,62.93974359942726,9.049761760572736
3.0,20.85281344,64.19581358250524,-43.34300014250524
1.0,58.13000792,62.521053605067934,-4.391045685067937
0.0,36.19686746,61.68367361634929,-25.48680615634929
0.5,19.85959677,62.102363610708615,-42.24276684070861
3.5,60.75872902,64.61450357686456,-3.855774556864567
1.0,24.20501231,62.521053605067934,-38.31604129506793
2.0,43.53539984,63.358433593786586,-19.82303375378659
3.0,77.95096361,64.19581358250524,13.755150027494764
3.0,53.96737126,64.19581358250524,-10.228442322505238
1.5,45.87527465,62.93974359942726,-17.06446894942726
3.0,85.49414996,64.19581358250524,21.298336377494763
1.0,76.31024948,62.521053605067934,13.789195874932062
3.0,85.37984953,64.19581358250524,21.184035947494763
2.5,46.57601987,63.77712358814591,-17.20110371814591
4.0,90.74861503,65.03319357122388,25.71542145877612
2.0,56.12875598,63.358433593786586,-7.229677613786585
4.0,73.99784099,65.03319357122388,8.964647418776124
2.5,52.22408981,63.77712358814591,-11.55303377814591
2.0,46.60251916,63.358433593786586,-16.755914433786586
4.0,38.18531901,65.03319357122388,-26.847874561223875
3.0,40.69479916,64.19581358250524,-23.501014422505236
3.0,51.57969595,64.19581358250524,-12.616117632505237
1.0,41.49272193,62.521053605067934,-21.028331675067932
5.0,49.63757589,65.87057355994253,-16.232997669942527
7.0,93.41714885,67.54533353737983,25.87181531262017
3.0,95.79080965,64.19581358250524,31.594996067494762
8.0,51.72230403,68.38271352609847,-16.660409496098474
8.0,64.18957538,68.38271352609847,-4.193138146098477
3.0,58.62211115,64.19581358250524,-5.573702432505236
10.0,31.37223778,70.05747350353577,-38.685235723535776
2.0,59.36187206,63.358433593786586,-3.9965615337865827
2.5,98.06647645,63.77712358814591,34.289352861854084
6.0,65.99443629,66.70795354866118,-0.7135172586611844
4.0,52.05919311,65.03319357122388,-12.974000461223874
1.0,48.61492211,62.521053605067934,-13.906131495067932
2.5,54.64792215,63.77712358814591,-9.129201438145913
5.0,64.02636095,65.87057355994253,-1.844212609942531
5.0,99.07673276,65.87057355994253,33.20615920005747
5.5,93.5206906,66.28926355430185,27.23142704569814
3.0,11.79596595,64.19581358250524,-52.39984763250524
1.5,29.69965869,62.93974359942726,-33.24008490942726
4.0,46.01991841,65.03319357122388,-19.013275161223874
1.0,72.98083347,62.521053605067934,10.45977986493206
0.5,22.86186612,62.102363610708615,-39.24049749070862
1.5,6.552161061,62.93974359942726,-56.38758253842726
1.5,80.60383865,62.93974359942726,17.66409505057274
3.5,12.03046883,64.61450357686456,-52.58403474686456
1.5,4.896787058,62.93974359942726,-58.04295654142726
7.0,91.43711707,67.54533353737983,23.891783532620167
6.0,84.60145534,66.70795354866118,17.89350179133882
4.5,69.69082794,65.4518835655832,4.238944374416803
5.0,62.71354329,65.87057355994253,-3.157030269942531
3.0,73.46695264,64.19581358250524,9.271139057494764
1.0,76.1728684,62.521053605067934,13.651814794932065
0.5,73.34615457,62.102363610708615,11.243790959291381
0.5,26.68403934,62.102363610708615,-35.41832427070861
2.0,39.62479013,63.358433593786586,-23.733643463786585
5.0,29.93458107,65.87057355994253,-35.93599248994253
5.0,64.94375303,65.87057355994253,-0.9268205299425318
3.5,65.43024833,64.61450357686456,0.8157447531354336
1.5,19.12650374,62.93974359942726,-43.813239859427256
3.0,54.36795158,64.19581358250524,-9.827862002505235
2.5,94.81601353,63.77712358814591,31.038889941854094
8.0,64.35810075,68.38271352609847,-4.024612776098465
2.0,58.18521241,63.358433593786586,-5.173221183786588
3.0,89.52466745,64.19581358250524,25.328853867494757
0.5,23.65339914,62.102363610708615,-38.44896447070862
2.5,22.00897479,63.77712358814591,-41.768148798145916
3.0,87.96800731,64.19581358250524,23.772193727494766
3.0,63.80400179,64.19581358250524,-0.3918117925052371
3.0,1.69182758,64.19581358250524,-62.503986002505236
2.0,70.90474907,63.358433593786586,7.546315476213408
4.0,93.70593285,65.03319357122388,28.67273927877612
1.5,40.55138048,62.93974359942726,-22.38836311942726
2.5,27.78101262,63.77712358814591,-35.99611096814591
0.5,24.92124987,62.102363610708615,-37.18111374070861
3.5,48.82355055,64.61450357686456,-15.790953026864564
5.0,55.68597478,65.87057355994253,-10.184598779942526
1.5,94.51177834,62.93974359942726,31.572034740572747
5.0,32.04763915,65.87057355994253,-33.822934409942526
5.5,45.37329807,66.28926355430185,-20.915965484301857
2.0,55.88270128,63.358433593786586,-7.475732313786587
1.0,45.84835334,62.521053605067934,-16.67270026506793
1.0,35.25725233,62.521053605067934,-27.263801275067934
3.0,96.13778319,64.19581358250524,31.941969607494755
4.0,82.19258456,65.03319357122388,17.159390988776124
2.0,29.4673806,63.358433593786586,-33.89105299378659
4.0,89.49035517,65.03319357122388,24.457161598776125
4.0,95.34309976,65.03319357122388,30.309906188776125
6.0,21.08701585,66.70795354866118,-45.62093769866118
1.5,10.1266046,62.93974359942726,-52.81313899942726
0.5,30.69589607,62.102363610708615,-31.406467540708615
2.5,51.05664155,63.77712358814591,-12.72048203814591
6.0,71.77650233,66.70795354866118,5.068548781338819
3.0,70.98914018,64.19581358250524,6.793326597494769
5.5,47.27950047,66.28926355430185,-19.009763084301852
4.0,91.1916951,65.03319357122388,26.158501528776128
2.5,33.10249599,63.77712358814591,-30.67462759814591
9.0,52.25342381,69.22009351481712,-16.96666970481712
2.0,81.39556377,63.358433593786586,18.03713017621341
5.0,27.32900004,65.87057355994253,-38.54157351994253
2.5,53.65951294,63.77712358814591,-10.117610648145913
1.5,78.55466671,62.93974359942726,15.614923110572747
2.5,25.80518778,63.77712358814591,-37.971935808145915
2.5,82.96083327,63.77712358814591,19.183709681854083
10.0,99.04701118,70.05747350353577,28.989537676464224
3.0,76.32444601,64.19581358250524,12.128632427494765
0.5,66.97871065,62.102363610708615,4.876347039291382
3.5,90.08387554,64.61450357686456,25.46937196313543
4.0,90.88377986,65.03319357122388,25.850586288776128
1.5,54.59226081,62.93974359942726,-8.34748278942726
2.5,93.33379186,63.77712358814591,29.556668271854093
0.5,22.82347931,62.102363610708615,-39.27888430070861
1.5,57.00752646,62.93974359942726,-5.932217139427259
2.0,6.658598987,63.358433593786586,-56.69983460678659
3.0,90.35369669,64.19581358250524,26.15788310749477
4.5,81.96841613,65.4518835655832,16.516532564416792
3.5,15.52368583,64.61450357686456,-49.090817746864566
0.5,68.46914024,62.102363610708615,6.366776629291387
3.0,53.24794021,64.19581358250524,-10.947873372505235
3.0,83.06926617,64.19581358250524,18.873452587494768
0.5,44.29519256,62.102363610708615,-17.807171050708618
2.5,46.48345897,63.77712358814591,-17.29366461814591
2.5,51.28932037,63.77712358814591,-12.487803218145913
0.5,63.80149613,62.102363610708615,1.699132519291382
10.0,41.9402773,70.05747350353577,-28.117196203535777
4.5,95.26783193,65.4518835655832,29.815948364416798
2.5,91.47307317,63.77712358814591,27.695949581854094
4.0,58.8744133,65.03319357122388,-6.1587802712238755
2.5,44.29519256,63.77712358814591,-19.481931028145915
2.0,79.81648603,63.358433593786586,16.458052436213407
6.0,62.18674919,66.70795354866118,-4.52120435866118
1.5,44.35698162,62.93974359942726,-18.58276197942726
1.0,50.11797826,62.521053605067934,-12.403075345067933
5.0,71.44508093,65.87057355994253,5.574507370057475
2.0,63.43400792,63.358433593786586,0.0755743262134132
5.0,90.51467987,65.87057355994253,24.644106310057467
6.0,95.1818145,66.70795354866118,28.47386095133882
1.0,65.06251814,62.521053605067934,2.541464534932061
2.0,73.71563971,63.358433593786586,10.357206116213419
5.0,72.40258838,65.87057355994253,6.532014820057469
0.5,64.26150224,62.102363610708615,2.159138629291384
2.5,98.1399927,63.77712358814591,34.36286911185408
4.0,14.37822027,65.03319357122388,-50.654973301223876
3.0,55.88558481,64.19581358250524,-8.31022877250524
4.0,92.07589905,65.03319357122388,27.042705478776128
2.5,90.83545252,63.77712358814591,27.058328931854092
3.0,63.43400792,64.19581358250524,-0.761805662505239
2.0,30.75861295,63.358433593786586,-32.599820643786586
7.0,84.62919716,67.54533353737983,17.08386362262017
3.5,94.06365921,64.61450357686456,29.449155633135433
1.5,78.57483463,62.93974359942726,15.635091030572738
6.0,49.47526706,66.70795354866118,-17.23268648866118
7.0,70.67451976,67.54533353737983,3.129186222620163
2.0,48.70332794,63.358433593786586,-14.655105653786585
1.0,38.68988246,62.521053605067934,-23.831171145067934
5.0,61.78523973,65.87057355994253,-4.0853338299425275
2.5,57.0210877,63.77712358814591,-6.7560358881459095
6.0,99.26231078,66.70795354866118,32.55435723133883
5.0,88.25294834,65.87057355994253,22.382374780057475
2.0,58.56914139,63.358433593786586,-4.789292203786587
1.0,94.28729221,62.521053605067934,31.76623860493207
6.0,97.54438547,66.70795354866118,30.836431921338814
2.0,98.45548413,63.358433593786586,35.097050536213416
3.0,93.26943276,64.19581358250524,29.073619177494763
5.5,66.76021312,66.28926355430185,0.47094956569814883
1.0,47.9840088,62.521053605067934,-14.537044805067936
2.5,63.45405946,63.77712358814591,-0.32306412814590857
3.0,49.63757589,64.19581358250524,-14.558237692505237
4.5,73.24079093,65.4518835655832,7.788907364416801
3.0,29.15654311,64.19581358250524,-35.03927047250524
3.5,97.93430209,64.61450357686456,33.31979851313544
2.5,56.79061795,63.77712358814591,-6.986505638145914
4.0,92.09238408,65.03319357122388,27.059190508776126
1.0,84.61437224,62.521053605067934,22.09331863493206
2.5,74.18674572,63.77712358814591,10.409622131854093
3.0,5.526833422,64.19581358250524,-58.668980160505235
2.0,92.95491985,63.358433593786586,29.59648625621341
4.0,80.10061405,65.03319357122388,15.067420478776128
5.0,25.57495635,65.87057355994253,-40.29561720994253
4.0,94.08941914,65.03319357122388,29.056225568776128
5.5,40.85216047,66.28926355430185,-25.437103084301853
5.0,47.49270385,65.87057355994253,-18.37786970994253
7.0,85.37984953,67.54533353737983,17.83451599262017
1.0,25.70763057,62.521053605067934,-36.813423035067935
1.0,82.19258456,62.521053605067934,19.671530954932066
5.5,62.69465422,66.28926355430185,-3.5946093343018575
2.5,33.90171182,63.77712358814591,-29.87541176814591
6.0,18.46382222,66.70795354866118,-48.24413132866118
5.0,77.19065117,65.87057355994253,11.320077610057467
1.5,99.13914732,62.93974359942726,36.19940372057275
4.0,14.85540624,65.03319357122388,-50.177787331223875
1.0,41.98150796,62.521053605067934,-20.539545645067932
5.0,92.80500857,65.87057355994253,26.93443501005747
1.0,40.66304844,62.521053605067934,-21.858005165067937
1.0,63.97414542,62.521053605067934,1.4530918149320655
6.0,27.98383826,66.70795354866118,-38.72411528866118
0.5,60.51961267,62.102363610708615,-1.582750940708614
2.5,59.44602403,63.77712358814591,-4.331099558145915
5.5,37.18895874,66.28926355430185,-29.100304814301857
2.0,11.66060835,63.358433593786586,-51.69782524378658
4.0,73.74393215,65.03319357122388,8.71073857877613
0.5,98.81371351,62.102363610708615,36.711349899291385
2.0,71.51246478,63.358433593786586,8.154031186213416
0.0,97.91385948,61.68367361634929,36.23018586365071
2.5,67.38519263,63.77712358814591,3.608069041854094
4.0,64.78380301,65.03319357122388,-0.24939056122387626
6.0,30.02862565,66.70795354866118,-36.679327898661185
2.0,94.77783987,63.358433593786586,31.419406276213408
1.5,80.50659742,62.93974359942726,17.566853820572746
1.5,1.427180351,62.93974359942726,-61.51256324842726
5.0,73.28808125,65.87057355994253,7.417507690057477
5.0,47.27950047,65.87057355994253,-18.591073089942526
6.0,98.88074689,66.70795354866118,32.17279334133882
3.0,86.28807602,64.19581358250524,22.092262437494767
0.5,33.17546115,62.102363610708615,-28.926902460708618
4.5,13.56097159,65.4518835655832,-51.8909119755832
5.0,96.82674473,65.87057355994253,30.956171170057473
10.0,79.92192149,70.05747350353577,9.864447986464228
3.5,86.44033934,64.61450357686456,21.82583576313543
2.0,51.7091278,63.358433593786586,-11.649305793786588
1.0,24.2039299,62.521053605067934,-38.317123705067935
5.0,40.5504485,65.87057355994253,-25.320125059942526
2.0,42.12549278,63.358433593786586,-21.232940813786584
4.0,49.76026598,65.03319357122388,-15.272927591223876
0.0,95.92220406,61.68367361634929,34.23853044365071
3.0,98.50036964,64.19581358250524,34.304556057494764
2.0,97.11438355,63.358433593786586,33.75594995621341
10.0,98.72004865,70.05747350353577,28.66257514646422
0.5,43.08896674,62.102363610708615,-19.01339687070862
4.0,23.08528326,65.03319357122388,-41.94791031122388
4.0,93.87619898,65.03319357122388,28.843005408776122
8.0,28.59690405,68.38271352609847,-39.78580947609847
3.0,81.09092045,64.19581358250524,16.89510686749476
2.5,77.19065117,63.77712358814591,13.413527581854083
1.0,80.08049978,62.521053605067934,17.559446174932063
1.5,98.28179242,62.93974359942726,35.34204882057274
5.0,75.25467178,65.87057355994253,9.384098220057467
10.0,94.25583977,70.05747350353577,24.19836626646422
2.0,31.37615111,63.358433593786586,-31.982282483786587
1.0,81.25482362,62.521053605067934,18.733770014932063
2.0,92.04692796,63.358433593786586,28.68849436621342
2.0,91.6123508,63.358433593786586,28.253917206213416
3.0,37.93399836,64.19581358250524,-26.26181522250524
4.0,57.42808938,65.03319357122388,-7.605104191223873
2.5,17.86301794,63.77712358814591,-45.91410564814591
3.5,77.08613535,64.61450357686456,12.471631773135442
8.0,98.12527971,68.38271352609847,29.74256618390153
6.0,79.08474787,66.70795354866118,12.37679432133882
5.5,97.36908003,66.28926355430185,31.079816475698152
5.0,5.844247261,65.87057355994253,-60.02632629894253
5.0,77.50875462,65.87057355994253,11.638181060057477
3.0,51.12976971,64.19581358250524,-13.06604387250524
5.0,79.35690895,65.87057355994253,13.486335390057477
1.5,69.47510881,62.93974359942726,6.535365210572735
5.0,62.87405109,65.87057355994253,-2.9965224699425264
9.0,9.146699212,69.22009351481712,-60.07339430281712
2.5,72.51532623,63.77712358814591,8.738202641854087
3.0,59.65366863,64.19581358250524,-4.5421449525052395
4.0,92.68103481,65.03319357122388,27.647841238776124
2.5,1.102355892,63.77712358814591,-62.67476769614591
1.5,47.22319469,62.93974359942726,-15.71654890942726
7.0,98.23104473,67.54533353737983,30.68571119262016
0.5,73.91347781,62.102363610708615,11.811114199291389
3.0,72.89828737,64.19581358250524,8.702473787494768
2.5,99.02743624,63.77712358814591,35.25031265185409
0.5,29.93458107,62.102363610708615,-32.167782540708615
1.0,40.97445028,62.521053605067934,-21.546603325067935
2.0,64.73433168,63.358433593786586,1.375898086213411
2.5,53.68218412,63.77712358814591,-10.09493946814591
0.5,94.27133997,62.102363610708615,32.168976359291385
5.0,62.69465422,65.87057355994253,-3.1759193399425314
3.0,27.21710391,64.19581358250524,-36.97870967250524
7.0,99.47500235,67.54533353737983,31.929668812620164
4.0,61.12521977,65.03319357122388,-3.907973801223875
8.0,68.58082347,68.38271352609847,0.19810994390152814
4.0,95.19610739,65.03319357122388,30.16291381877612
10.0,99.79119733,70.05747350353577,29.733723826464228
4.0,16.27643656,65.03319357122388,-48.756757011223876
6.0,60.40220895,66.70795354866118,-6.305744598661178
2.0,91.89342822,63.358433593786586,28.534994626213418
4.0,95.71804948,65.03319357122388,30.68485590877613
3.0,76.41946002,64.19581358250524,12.223646437494764
1.0,76.16976792,62.521053605067934,13.648714314932064
3.5,77.31131058,64.61450357686456,12.696807003135433
6.0,72.0708302,66.70795354866118,5.362876651338823
10.0,99.03346054,70.05747350353577,28.97598703646422
3.5,96.33551746,64.61450357686456,31.72101388313544
8.0,53.24794021,68.38271352609847,-15.134773316098467
1.5,68.38112974,62.93974359942726,5.441386140572746
10.0,47.13837771,70.05747350353577,-22.919095793535774
6.0,73.50873326,66.70795354866118,6.800779711338819
0.5,49.68153626,62.102363610708615,-12.420827350708613
3.5,76.82307269,64.61450357686456,12.20856911313544
1.5,98.1088027,62.93974359942726,35.16905910057274
2.0,88.99955787,63.358433593786586,25.641124276213418
0.5,48.61485744,62.102363610708615,-13.487506170708613
1.0,71.56498153,62.521053605067934,9.043927924932063
1.0,89.96770983,62.521053605067934,27.44665622493207
1.0,14.4149222,62.521053605067934,-48.106131405067934
5.0,49.86074291,65.87057355994253,-16.00983064994253
5.0,23.90166614,65.87057355994253,-41.968907419942525
0.5,88.70169832,62.102363610708615,26.59933470929139
6.0,96.59814222,66.70795354866118,29.89018867133882
1.0,50.11797826,62.521053605067934,-12.403075345067933
0.0,73.17599591,61.68367361634929,11.492322293650709
1.5,63.74374862,62.93974359942726,0.8040050205727383
6.0,56.12875598,66.70795354866118,-10.57919756866118
4.5,89.78692125,65.4518835655832,24.335037684416804
1.0,77.80336579,62.521053605067934,15.282312184932067
1.0,75.39423481,62.521053605067934,12.873181204932067
2.5,27.70125092,63.77712358814591,-36.07587266814591
2.0,79.92043653,63.358433593786586,16.562002936213418
6.0,80.88250689,66.70795354866118,14.174553341338822
6.0,13.40735768,66.70795354866118,-53.300595868661176
3.0,67.35761931,64.19581358250524,3.161805727494766
3.0,91.91194746,64.19581358250524,27.716133877494755
1.5,36.15395902,62.93974359942726,-26.785784579427258
0.5,56.0328903,62.102363610708615,-6.0694733107086165
8.0,68.81281941,68.38271352609847,0.4301058839015326
6.0,6.797928916,66.70795354866118,-59.91002463266118
1.0,27.00314433,62.521053605067934,-35.517909275067936
2.0,80.3927078,63.358433593786586,17.03427420621341
1.5,98.33712352,62.93974359942726,35.397379920572746
7.0,41.63382054,67.54533353737983,-25.91151299737983
2.5,83.88148292,63.77712358814591,20.104359331854084
5.0,51.61765844,65.87057355994253,-14.252915119942529
1.5,95.71804948,62.93974359942726,32.778305880572745
7.0,68.28027307,67.54533353737983,0.7349395326201744
2.0,97.55486968,63.358433593786586,34.19643608621341
1.5,63.8076547,62.93974359942726,0.8679111005727407
8.0,99.00320271,68.38271352609847,30.620489183901526
1.5,19.43625279,62.93974359942726,-43.50349080942726
3.0,66.71501558,64.19581358250524,2.5192019974947613
2.0,87.43612772,63.358433593786586,24.077694126213416
2.5,5.048846836,63.77712358814591,-58.72827675214591
9.0,59.82968984,69.22009351481712,-9.390403674817122
2.0,91.80481592,63.358433593786586,28.44638232621341
5.5,50.22133866,66.28926355430185,-16.067924894301854
6.0,93.54789111,66.70795354866118,26.839937561338814
4.5,15.83870002,65.4518835655832,-49.613183545583205
5.0,33.10249599,65.87057355994253,-32.76807756994253
1.5,96.0698293,62.93974359942726,33.130085700572735
3.0,94.87057241,64.19581358250524,30.674758827494756
3.0,89.82347469,64.19581358250524,25.62766110749476
2.5,98.08131795,63.77712358814591,34.30419436185409
7.0,84.52270324,67.54533353737983,16.977369702620166
5.5,0.536231599,66.28926355430185,-65.75303195530185
4.0,54.44058283,65.03319357122388,-10.59261074122388
6.0,15.91302316,66.70795354866118,-50.79493038866118
1.5,31.5614485,62.93974359942726,-31.37829509942726
6.0,39.55289509,66.70795354866118,-27.15505845866118
3.0,73.05961868,64.19581358250524,8.863805097494762
6.0,92.43894051,66.70795354866118,25.730986961338814
2.0,44.91365764,63.358433593786586,-18.44477595378659
2.0,39.55289509,63.358433593786586,-23.805538503786586
2.0,92.59198524,63.358433593786586,29.233551646213414
4.5,10.90589105,65.4518835655832,-54.5459925155832
1.0,93.04692328,62.521053605067934,30.525869674932068
5.0,92.23028448,65.87057355994253,26.359710920057466
1.0,62.39033084,62.521053605067934,-0.13072276506793656
2.0,12.36612789,63.358433593786586,-50.992305703786585
7.0,6.687566565,67.54533353737983,-60.857766972379835
2.0,70.40604141,63.358433593786586,7.047607816213414
2.0,24.47152508,63.358433593786586,-38.88690851378659
4.0,86.65399841,65.03319357122388,21.620804838776124
1.5,38.53470375,62.93974359942726,-24.40503984942726
5.0,74.16259684,65.87057355994253,8.292023280057478
1.0,92.31852205,62.521053605067934,29.797468444932065
5.5,55.41633193,66.28926355430185,-10.872931624301856
9.0,87.63003201,69.22009351481712,18.40993849518287
4.0,85.82505189,65.03319357122388,20.79185831877612
1.5,79.93333423,62.93974359942726,16.99359063057274
1.0,76.61594979,62.521053605067934,14.094896184932068
8.0,12.10331267,68.38271352609847,-56.27940085609847
4.5,99.08272923,65.4518835655832,33.630845664416796
3.5,96.43759959,64.61450357686456,31.82309601313544
4.0,96.39687055,65.03319357122388,31.363676978776127
2.5,95.19977655,63.77712358814591,31.422652961854084
2.5,55.49169732,63.77712358814591,-8.285426268145912
1.5,78.34535674,62.93974359942726,15.40561314057274
2.5,88.35210708,63.77712358814591,24.574983491854084
5.0,46.34039738,65.87057355994253,-19.53017617994253
5.0,67.73802914,65.87057355994253,1.8674555800574666
4.5,87.76360369,65.4518835655832,22.311720124416794
1.0,98.541742,62.521053605067934,36.020688394932066
1.5,64.99645913,62.93974359942726,2.0567155305727454
5.0,63.88776352,65.87057355994253,-1.9828100399425281
5.0,96.42623468,65.87057355994253,30.555661120057465
1.0,62.32337542,62.521053605067934,-0.19767818506793589
5.0,79.81648603,65.87057355994253,13.945912470057465
7.0,63.79127104,67.54533353737983,-3.7540624973798344
2.0,94.7766232,63.358433593786586,31.418189606213417
4.0,70.84066228,65.03319357122388,5.807468708776128
3.0,97.86397875,64.19581358250524,33.66816516749476
9.0,5.735872818,69.22009351481712,-63.484220696817125
8.0,10.00242351,68.38271352609847,-58.38029001609847
3.0,55.43852255,64.19581358250524,-8.757291032505236
7.0,62.27885472,67.54533353737983,-5.266478817379834
3.0,32.93493989,64.19581358250524,-31.260873692505236
0.5,19.93522525,62.102363610708615,-42.16713836070862
3.0,67.35690955,64.19581358250524,3.1610959674947594
3.0,8.736717357,64.19581358250524,-55.459096225505235
3.0,19.73341356,64.19581358250524,-44.462400022505236
6.0,83.59949632,66.70795354866118,16.89154277133882
2.0,39.1170399,63.358433593786586,-24.241393693786584
2.5,69.13113635,63.77712358814591,5.354012761854094
4.5,41.49272193,65.4518835655832,-23.9591616355832
7.0,98.38539506,67.54533353737983,30.84006152262016
4.0,80.55410129,65.03319357122388,15.52090771877613
3.0,99.5097722,64.19581358250524,35.31395861749476
2.0,96.34581803,63.358433593786586,32.98738443621342
3.5,49.86074291,64.61450357686456,-14.753760666864565
0.0,90.31734336,61.68367361634929,28.633669743650707
6.0,91.76466524,66.70795354866118,25.05671169133882
4.0,46.07997675,65.03319357122388,-18.953216821223876
5.0,92.37266985,65.87057355994253,26.502096290057466
5.0,87.35443832,65.87057355994253,21.48386476005747
6.0,41.67982919,66.70795354866118,-25.02812435866118
1.5,64.26150224,62.93974359942726,1.3217586405727388
2.5,74.07077883,63.77712358814591,10.293655241854083
4.0,86.65399841,65.03319357122388,21.620804838776124
0.5,77.49110831,62.102363610708615,15.388744699291387
2.0,44.68713456,63.358433593786586,-18.67129903378659
2.5,69.82409651,63.77712358814591,6.046972921854092
6.0,65.06251814,66.70795354866118,-1.6454354086611858
8.0,35.20622619,68.38271352609847,-33.17648733609847
5.5,26.12873047,66.28926355430185,-40.16053308430185
1.5,92.91305705,62.93974359942726,29.973313450572746
3.0,87.65979453,64.19581358250524,23.46398094749476
3.0,86.23633881,64.19581358250524,22.04052522749477
4.0,69.77678882,65.03319357122388,4.743595248776117
5.0,15.52368583,65.87057355994253,-50.34688772994253
4.0,58.18521241,65.03319357122388,-6.847981161223878
2.0,35.48942561,63.358433593786586,-27.869007983786588
5.0,95.40421618,65.87057355994253,29.533642620057478
6.0,95.75709653,66.70795354866118,29.049142981338818
5.0,82.26307439,65.87057355994253,16.39250083005747
1.0,40.53775276,62.521053605067934,-21.983300845067937
0.5,24.58722165,62.102363610708615,-37.51514196070862
2.5,90.14101997,63.77712358814591,26.36389638185409
5.0,94.3336208,65.87057355994253,28.463047240057477
2.5,25.09923397,63.77712358814591,-38.67788961814591
2.5,87.87850996,63.77712358814591,24.10138637185409
2.0,91.45626301,63.358433593786586,28.097829416213415
3.5,93.2482272,64.61450357686456,28.633723623135438
0.5,16.73999365,62.102363610708615,-45.36236996070862
4.0,73.74393215,65.03319357122388,8.71073857877613
5.0,72.60095123,65.87057355994253,6.730377670057479
0.5,53.80555731,62.102363610708615,-8.296806300708617
3.0,20.56260973,64.19581358250524,-43.63320385250524
3.0,47.08338833,64.19581358250524,-17.11242525250524
3.0,79.56062473,64.19581358250524,15.364811147494763
3.0,68.32870413,64.19581358250524,4.1328905474947675
4.0,5.460817256,65.03319357122388,-59.57237631522388
5.0,13.56097159,65.87057355994253,-52.30960196994253
2.0,26.67157309,63.358433593786586,-36.68686050378659
3.0,47.25298589,64.19581358250524,-16.94282769250524
2.0,69.20991024,63.358433593786586,5.851476646213413
0.0,53.04799701,61.68367361634929,-8.635676606349286
5.0,55.38514727,65.87057355994253,-10.48542628994253
5.0,78.57310447,65.87057355994253,12.702530910057476
0.5,46.96778525,62.102363610708615,-15.134578360708616
2.0,14.41009254,63.358433593786586,-48.948341053786585
2.0,25.09923397,63.358433593786586,-38.259199623786586
2.5,5.333037125,63.77712358814591,-58.444086463145915
1.5,70.01219992,62.93974359942726,7.072456320572741
0.0,38.60495566,61.68367361634929,-23.078717956349287
4.0,47.57670396,65.03319357122388,-17.456489611223873
2.5,39.22259532,63.77712358814591,-24.55452826814591
2.5,67.48018081,63.77712358814591,3.703057221854081
1.5,83.30380638,62.93974359942726,20.364062780572738
4.0,74.23946269,65.03319357122388,9.20626911877612
6.0,30.29728583,66.70795354866118,-36.41066771866118
1.5,47.75711216,62.93974359942726,-15.182631439427261
3.0,19.63535407,64.19581358250524,-44.56045951250523
4.0,80.88250689,65.03319357122388,15.849313318776126
1.5,62.29315889,62.93974359942726,-0.646584709427259
0.5,95.85259366,62.102363610708615,33.75023004929138
1.0,95.15545676,62.521053605067934,32.63440315493207
4.0,63.29331458,65.03319357122388,-1.7398789912238755
5.0,93.41714885,65.87057355994253,27.546575290057476
0.5,35.74194696,62.102363610708615,-26.360416650708615
5.0,89.90289405,65.87057355994253,24.032320490057472
3.5,21.02306116,64.61450357686456,-43.59144241686457
4.0,89.78692125,65.03319357122388,24.75372767877613
3.0,89.22539268,64.19581358250524,25.02957909749476
0.0,23.65339914,61.68367361634929,-38.03027447634929
5.0,81.80727095,65.87057355994253,15.936697390057475
2.5,47.81069547,63.77712358814591,-15.966428118145913
3.5,83.33936103,64.61450357686456,18.724857453135442
7.0,14.02708141,67.54533353737983,-53.51825212737983
1.0,92.9182893,62.521053605067934,30.397235694932064
6.0,65.18999438,66.70795354866118,-1.5179591686611786
2.0,41.79514038,63.358433593786586,-21.563293213786586
10.0,99.80152204,70.05747350353577,29.74404853646422
3.5,11.52267639,64.61450357686456,-53.09182718686456
4.0,91.97158547,65.03319357122388,26.938391898776118
2.5,53.35115646,63.77712358814591,-10.425967128145913
0.0,83.38004367,61.68367361634929,21.696370053650718
1.5,13.05973687,62.93974359942726,-49.88000672942726
1.0,52.93975746,62.521053605067934,-9.581296145067931
3.0,7.402370058,64.19581358250524,-56.793443524505236
1.5,14.41009254,62.93974359942726,-48.52965105942726
5.0,38.20450888,65.87057355994253,-27.66606467994253
0.5,70.79270495,62.102363610708615,8.690341339291386
4.0,90.44548067,65.03319357122388,25.41228709877612
2.5,15.52806328,63.77712358814591,-48.249060308145914
3.0,69.30817653,64.19581358250524,5.112362947494759
5.0,31.72624599,65.87057355994253,-34.14432756994253
0.5,85.96959804,62.102363610708615,23.86723442929138
0.0,40.85194501,61.68367361634929,-20.831728606349287
5.0,73.05961868,65.87057355994253,7.189045120057472
1.0,83.86594073,62.521053605067934,21.34488712493207
4.0,45.71374899,65.03319357122388,-19.319444581223877
2.0,39.14343244,63.358433593786586,-24.215001153786588
10.0,98.7263144,70.05747350353577,28.668840896464232
0.5,26.68936925,62.102363610708615,-35.412994360708616
1.5,45.8140614,62.93974359942726,-17.12568219942726
1.0,32.35454194,62.521053605067934,-30.166511665067937
2.0,95.93407485,63.358433593786586,32.575641256213416
1.5,75.73428595,62.93974359942726,12.79454235057274
2.5,71.62358012,63.77712358814591,7.846456531854088
3.0,87.69719593,64.19581358250524,23.50138234749477
2.0,68.5660012,63.358433593786586,5.207567606213416
10.0,26.68936925,70.05747350353577,-43.368104253535776
0.5,88.26731787,62.102363610708615,26.164954259291385
4.0,38.52844039,65.03319357122388,-26.504753181223876
5.0,68.33176627,65.87057355994253,2.4611927100574746
1.5,87.46561902,62.93974359942726,24.525875420572746
1.5,16.00966847,62.93974359942726,-46.93007512942726
5.0,41.90479909,65.87057355994253,-23.96577446994253
5.0,97.23509707,65.87057355994253,31.364523510057467
1.0,73.96064707,62.521053605067934,11.43959346493206
5.0,15.98973041,65.87057355994253,-49.88084314994253
6.0,93.32023059,66.70795354866118,26.612277041338814
4.0,71.24031837,65.03319357122388,6.207124798776121
3.0,94.03000955,64.19581358250524,29.834195967494765
3.0,85.11249224,64.19581358250524,20.916678657494757
4.0,31.5940479,65.03319357122388,-33.439145671223876
4.5,75.16771195,65.4518835655832,9.715828384416795
5.0,78.31747374,65.87057355994253,12.446900180057469
7.0,94.42913799,67.54533353737983,26.88380445262017
2.0,87.21546133,63.358433593786586,23.85702773621341
4.5,76.74440845,65.4518835655832,11.292524884416792
1.5,76.26236309,62.93974359942726,13.322619490572734
5.0,87.43612772,65.87057355994253,21.565554160057474
2.5,93.9072722,63.77712358814591,30.130148611854082
3.0,94.10910243,64.19581358250524,29.913288847494755
4.0,64.26150224,65.03319357122388,-0.7716913312238773
4.0,76.41946002,65.03319357122388,11.386266448776126
1.5,70.10209786,62.93974359942726,7.162354260572741
2.0,97.39552779,63.358433593786586,34.03709419621342
2.5,32.32902173,63.77712358814591,-31.44810185814591
6.0,43.94501206,66.70795354866118,-22.762941488661177
10.0,97.18411845,70.05747350353577,27.126644946464225
9.0,74.82378525,69.22009351481712,5.603691735182878
4.0,99.17004588,65.03319357122388,34.13685230877613
5.5,54.04791735,66.28926355430185,-12.241346204301855
10.0,98.88347517,70.05747350353577,28.826001666464222
6.0,26.67777119,66.70795354866118,-40.03018235866118
3.0,68.28027307,64.19581358250524,4.084459487494769
6.0,56.12875598,66.70795354866118,-10.57919756866118
3.0,60.06952126,64.19581358250524,-4.126292322505236
4.0,16.64616988,65.03319357122388,-48.387023691223874
5.0,61.96169613,65.87057355994253,-3.908877429942528
1.0,86.87757138,62.521053605067934,24.356517774932072
3.5,68.47284867,64.61450357686456,3.8583450931354406
6.0,21.89069518,66.70795354866118,-44.81725836866118
3.5,50.34303343,64.61450357686456,-14.271470146864566
1.0,38.68988246,62.521053605067934,-23.831171145067934
3.0,26.55639437,64.19581358250524,-37.63941921250524
2.0,93.85236598,63.358433593786586,30.493932386213416
6.0,40.43646118,66.70795354866118,-26.27149236866118
4.0,30.98255809,65.03319357122388,-34.05063548122388
1.0,84.8664492,62.521053605067934,22.34539559493207
2.5,83.52857393,63.77712358814591,19.75145034185408
3.0,70.67451976,64.19581358250524,6.478706177494757
5.0,97.95641591,65.87057355994253,32.085842350057476
2.0,81.37544358,63.358433593786586,18.01700998621341
3.0,74.71972579,64.19581358250524,10.52391220749476
2.5,1.087001536,63.77712358814591,-62.69012205214591
1.0,82.66847222,62.521053605067934,20.147418614932064
4.0,78.75181773,65.03319357122388,13.718624158776123
8.0,47.9840088,68.38271352609847,-20.398704726098472
2.0,38.18531901,63.358433593786586,-25.173114583786585
0.0,77.99562031,61.68367361634929,16.311946693650718
4.0,15.58185576,65.03319357122388,-49.45133781122388
1.5,20.56534845,62.93974359942726,-42.37439514942726
2.0,31.07256054,63.358433593786586,-32.28587305378659
5.5,8.27954203,66.28926355430185,-58.00972152430185
5.0,93.79838032,65.87057355994253,27.92780676005748
2.5,92.27855416,63.77712358814591,28.501430571854087
1.5,44.74587403,62.93974359942726,-18.193869569427257
8.0,90.08907671,68.38271352609847,21.70636318390153
6.0,93.79838032,66.70795354866118,27.090426771338826
8.0,96.03592725,68.38271352609847,27.65321372390153
1.0,79.68545682,62.521053605067934,17.164403214932065
1.5,92.69826382,62.93974359942726,29.758520220572734
0.0,86.11772984,61.68367361634929,24.434056223650707
10.0,13.16010488,70.05747350353577,-56.897368623535776
2.0,51.57061646,63.358433593786586,-11.78781713378659
7.0,99.91646014,67.54533353737983,32.371126602620166
4.5,47.18050149,65.4518835655832,-18.271382075583205
1.0,51.44659085,62.521053605067934,-11.074462755067934
1.0,23.10048656,62.521053605067934,-39.42056704506793
2.5,76.45531451,63.77712358814591,12.678190921854082
8.0,45.29941242,68.38271352609847,-23.083301106098467
7.0,57.23154694,67.54533353737983,-10.313786597379831
2.5,48.77385878,63.77712358814591,-15.003264808145914
9.0,31.68377923,69.22009351481712,-37.536314284817124
2.0,37.68315042,63.358433593786586,-25.67528317378659
1.0,36.56155956,62.521053605067934,-25.959494045067935
7.0,53.20245682,67.54533353737983,-14.34287671737983
0.5,81.63658484,62.102363610708615,19.534221229291383
1.0,92.68923451,62.521053605067934,30.168180904932072
6.0,26.20002495,66.70795354866118,-40.50792859866118
2.5,28.36503577,63.77712358814591,-35.41208781814591
4.0,92.84085921,65.03319357122388,27.80766563877613
4.0,1.548373589,65.03319357122388,-63.484819982223875
4.5,85.05950283,65.4518835655832,19.607619264416797
3.5,28.91092809,64.61450357686456,-35.703575486864565
6.0,76.80212944,66.70795354866118,10.094175891338821
5.0,5.460817256,65.87057355994253,-60.40975630394253
4.0,5.564325761,65.03319357122388,-59.46886781022388
4.0,82.84233361,65.03319357122388,17.80914003877612
5.0,95.17142983,65.87057355994253,29.300856270057466
4.0,94.62610005,65.03319357122388,29.59290647877613
0.5,81.10224079,62.102363610708615,18.99987717929138
1.5,14.4149222,62.93974359942726,-48.52482139942726
1.0,87.02647953,62.521053605067934,24.50542592493207
1.0,4.998105217,62.521053605067934,-57.52294838806793
4.5,45.26674712,65.4518835655832,-20.185136445583204
5.0,14.02708141,65.87057355994253,-51.84349214994253
2.0,17.10726474,63.358433593786586,-46.25116885378658
8.0,64.26150224,68.38271352609847,-4.121211286098472
2.0,54.23681268,63.358433593786586,-9.121620913786586
3.0,98.38097797,64.19581358250524,34.185164387494765
6.0,89.05760213,66.70795354866118,22.349648581338826
0.0,97.84387544,61.68367361634929,36.160201823650716
2.0,24.8135936,63.358433593786586,-38.54483999378658
6.0,80.19448455,66.70795354866118,13.486531001338818
0.5,95.74178272,62.102363610708615,33.63941910929139
2.0,92.62027788,63.358433593786586,29.261844286213417
3.0,85.44054833,64.19581358250524,21.24473474749476
0.0,89.2327369,61.68367361634929,27.549063283650717
1.0,61.96169613,62.521053605067934,-0.5593574750679338
1.0,76.57272333,62.521053605067934,14.051669724932069
3.0,99.20320095,64.19581358250524,35.00738736749476
2.0,56.10159588,63.358433593786586,-7.256837713786588
0.5,37.05898785,62.102363610708615,-25.043375760708614
1.0,12.61287102,62.521053605067934,-49.908182585067934
5.0,83.07923933,65.87057355994253,17.208665770057465
0.5,65.31513573,62.102363610708615,3.2127721192913796
6.0,84.47433409,66.70795354866118,17.76638054133882
2.0,89.89691409,63.358433593786586,26.53848049621341
1.0,76.17136869,62.521053605067934,13.65031508493206
5.0,88.3736372,65.87057355994253,22.503063640057476
0.5,93.26847806,62.102363610708615,31.166114449291392
1.5,83.88148292,62.93974359942726,20.941739320572736
4.0,98.65089869,65.03319357122388,33.61770511877613
0.5,58.96570164,62.102363610708615,-3.136661970708616
4.0,76.4894434,65.03319357122388,11.456249828776123
5.0,95.15722244,65.87057355994253,29.28664888005747
3.5,58.96570164,64.61450357686456,-5.648801936864565
3.0,66.99718709,64.19581358250524,2.801373507494759
4.5,46.90774989,65.4518835655832,-18.544133675583204
4.0,87.12890032,65.03319357122388,22.095706748776124
1.5,84.98193234,62.93974359942726,22.04218874057274
0.5,4.451368991,62.102363610708615,-57.65099461970861
2.5,93.81519655,63.77712358814591,30.038072961854084
9.0,41.67982919,69.22009351481712,-27.540264324817123
4.0,90.69443219,65.03319357122388,25.661238618776125
4.0,32.75232754,65.03319357122388,-32.28086603122387
10.0,78.86617896,70.05747350353577,8.808705456464224
6.0,97.23364986,66.70795354866118,30.52569631133882
6.0,86.04575277,66.70795354866118,19.337799221338827
3.0,88.35210708,64.19581358250524,24.156293497494758
2.0,90.31734336,63.358433593786586,26.95890976621341
7.0,86.99550206,67.54533353737983,19.450168522620174
0.0,98.29400004,61.68367361634929,36.61032642365071
2.5,24.2039299,63.77712358814591,-39.57319368814591
7.0,66.25080662,67.54533353737983,-1.2945269173798266
9.0,99.56585198,69.22009351481712,30.345758465182882
6.0,61.87699019,66.70795354866118,-4.8309633586611795
4.0,28.02050682,65.03319357122388,-37.012686751223875
3.5,97.57620271,64.61450357686456,32.96169913313544
1.0,63.8076547,62.521053605067934,1.2866010949320668
2.0,23.70077074,63.358433593786586,-39.65766285378659
6.0,97.63389229,66.70795354866118,30.925938741338825
5.0,94.42406928,65.87057355994253,28.55349572005747
3.0,84.24782523,64.19581358250524,20.052011647494766
3.0,67.35761931,64.19581358250524,3.161805727494766
5.0,99.69799321,65.87057355994253,33.82741965005748
1.5,83.63868449,62.93974359942726,20.698940890572743
3.0,32.70762694,64.19581358250524,-31.48818664250524
0.0,80.06893476,61.68367361634929,18.385261143650716
1.0,94.75775586,62.521053605067934,32.23670225493207
3.0,85.24612213,64.19581358250524,21.050308547494765
3.0,37.41808551,64.19581358250524,-26.77772807250524
4.5,75.35975743,65.4518835655832,9.9078738644168
7.0,55.7534678,67.54533353737983,-11.79186573737983
6.0,97.84676339,66.70795354866118,31.138809841338826
3.0,97.60043247,64.19581358250524,33.40461888749476
3.5,54.76825471,64.61450357686456,-9.846248866864563
4.0,86.78281777,65.03319357122388,21.749624198776118
5.0,18.66682582,65.87057355994253,-47.20374773994253
2.5,79.49711986,63.77712358814591,15.719996271854086
1.0,77.91537579,62.521053605067934,15.394322184932065
0.5,76.63748728,62.102363610708615,14.535123669291387
6.0,99.15906287,66.70795354866118,32.45110932133882
7.0,76.77275392,67.54533353737983,9.227420382620167
5.5,94.15907136,66.28926355430185,27.869807805698144
5.0,66.2563695,65.87057355994253,0.3857959400574771
1.5,46.38654034,62.93974359942726,-16.553203259427256
5.0,83.85654626,65.87057355994253,17.985972700057474
3.0,79.76001749,64.19581358250524,15.564203907494758
3.0,57.62712177,64.19581358250524,-6.568691812505236
0.0,91.45626301,61.68367361634929,29.772589393650712
1.0,43.36390952,62.521053605067934,-19.157144085067934
0.0,93.61188158,61.68367361634929,31.928207963650713
5.0,96.76671682,65.87057355994253,30.89614326005747
2.5,97.73477455,63.77712358814591,33.957650961854085
0.0,29.05692312,61.68367361634929,-32.62675049634929
3.0,92.84085921,64.19581358250524,28.645045627494767
9.0,99.6878911,69.22009351481712,30.46779758518288
0.0,90.63852931,61.68367361634929,28.954855693650707
4.0,16.03372613,65.03319357122388,-48.99946744122387
3.0,90.45285503,64.19581358250524,26.257041447494757
0.5,74.88770856,62.102363610708615,12.785344949291378
6.0,95.75824133,66.70795354866118,29.050287781338824
2.5,57.52992298,63.77712358814591,-6.24720060814591
3.0,33.3792411,64.19581358250524,-30.816572482505237
7.0,85.68386349,67.54533353737983,18.13852995262016
3.0,20.54967205,64.19581358250524,-43.64614153250524
2.5,93.14373338,63.77712358814591,29.36660979185409
0.5,30.69589607,62.102363610708615,-31.406467540708615
5.0,97.20800873,65.87057355994253,31.337435170057475
1.5,75.73428595,62.93974359942726,12.79454235057274
0.5,36.3201391,62.102363610708615,-25.782224510708616
4.0,59.36187206,65.03319357122388,-5.671321511223873
3.5,52.25342381,64.61450357686456,-12.361079766864563
2.0,90.25187365,63.358433593786586,26.893440056213407
4.0,90.43366411,65.03319357122388,25.40047053877612
5.0,99.10766044,65.87057355994253,33.237086880057475
7.0,28.59861823,67.54533353737983,-38.94671530737983
0.5,97.59572153,62.102363610708615,35.49335791929139
1.5,95.67864261,62.93974359942726,32.73889901057274
6.0,96.59366997,66.70795354866118,29.885716421338813
5.0,51.28932037,65.87057355994253,-14.58125318994253
1.0,49.86074291,62.521053605067934,-12.660310695067935
2.5,62.39033084,63.77712358814591,-1.3867927481459148
4.0,45.42668553,65.03319357122388,-19.606508041223876
6.0,88.70562889,66.70795354866118,21.99767534133882
3.5,13.74578822,64.61450357686456,-50.86871535686456
4.0,93.79838032,65.03319357122388,28.76518674877613
9.0,36.79918713,69.22009351481712,-32.42090638481712
2.5,84.62919716,63.77712358814591,20.852073571854092
2.5,96.82674473,63.77712358814591,33.04962114185409
3.0,32.92812842,64.19581358250524,-31.267685162505238
1.0,29.42980208,62.521053605067934,-33.09125152506793
7.0,43.19239213,67.54533353737983,-24.35294140737983
3.5,90.43366411,64.61450357686456,25.81916053313543
2.5,72.60095123,63.77712358814591,8.823827641854095
1.0,73.71563971,62.521053605067934,11.194586104932071
2.5,95.17725169,63.77712358814591,31.400128101854094
10.0,46.65281051,70.05747350353577,-23.404662993535773
2.0,92.46529889,63.358433593786586,29.106865296213414
1.0,46.75078327,62.521053605067934,-15.770270335067934
5.0,93.60197238,65.87057355994253,27.73139882005748
1.5,68.61475199,62.93974359942726,5.675008390572742
8.0,97.9086358,68.38271352609847,29.52592227390153
0.5,95.52931923,62.102363610708615,33.426955619291384
1.5,91.36788571,62.93974359942726,28.428142110572736
8.0,97.47836051,68.38271352609847,29.09564698390153
3.5,92.98915736,64.61450357686456,28.37465378313543
0.0,96.8822424,61.68367361634929,35.19856878365071
1.0,44.29519256,62.521053605067934,-18.225861045067937
7.0,98.33447761,67.54533353737983,30.78914407262016
2.0,47.58837238,63.358433593786586,-15.770061213786583
2.0,94.7766232,63.358433593786586,31.418189606213417
5.0,98.37125308,65.87057355994253,32.500679520057474
6.0,78.32242217,66.70795354866118,11.614468621338816
4.0,98.57684626,65.03319357122388,33.54365268877612
2.5,48.66934789,63.77712358814591,-15.107775698145915
3.0,44.70926386,64.19581358250524,-19.486549722505238
7.0,24.2619529,67.54533353737983,-43.283380637379835
5.0,30.82641153,65.87057355994253,-35.04416202994253
5.0,98.541742,65.87057355994253,32.67116844005747
2.0,92.02545766,63.358433593786586,28.667024066213415
3.0,94.2265113,64.19581358250524,30.03069771749476
5.0,24.50642323,65.87057355994253,-41.36415032994253
4.0,21.9624896,65.03319357122388,-43.07070397122388
4.0,34.43712977,65.03319357122388,-30.596063801223877
3.5,96.30579304,64.61450357686456,31.691289463135433
0.5,79.02184663,62.102363610708615,16.919483019291384
4.0,78.81888198,65.03319357122388,13.785688408776124
1.0,2.812401276,62.521053605067934,-59.70865232906793
9.0,75.82198411,69.22009351481712,6.60189059518288
2.5,92.59985649,63.77712358814591,28.82273290185408
8.0,95.21258449,68.38271352609847,26.829870963901527
3.0,97.18069276,64.19581358250524,32.98487917749476
1.0,44.48848749,62.521053605067934,-18.032566115067937
1.0,71.66639004,62.521053605067934,9.145336434932062
0.5,96.77602067,62.102363610708615,34.67365705929138
8.0,95.49722419,68.38271352609847,27.114510663901527
1.0,90.64452032,62.521053605067934,28.123466714932064
0.0,66.94864532,61.68367361634929,5.264971703650708
8.0,98.83366057,68.38271352609847,30.450947043901536
1.0,92.49213082,62.521053605067934,29.971077214932066
10.0,75.2628239,70.05747350353577,5.205350396464226
1.0,63.35195197,62.521053605067934,0.830898364932068
2.0,91.53513044,63.358433593786586,28.176696846213417
5.0,93.5108241,65.87057355994253,27.640250540057465
9.0,98.18275445,69.22009351481712,28.962660935182882
2.0,94.79404677,63.358433593786586,31.43561317621341
5.0,74.57239196,65.87057355994253,8.701818400057476
3.0,94.7249625,64.19581358250524,30.529148917494766
1.5,11.08119691,62.93974359942726,-51.85854668942726
7.0,63.94021415,67.54533353737983,-3.6051193873798297
2.0,97.66610716,63.358433593786586,34.30767356621341
5.0,47.9840088,65.87057355994253,-17.88656475994253
4.0,96.59006517,65.03319357122388,31.556871598776127
7.0,68.18239155,67.54533353737983,0.637058012620173
4.0,31.95457566,65.03319357122388,-33.07861791122387
1.0,72.3235904,62.521053605067934,9.802536794932067
0.5,52.08583923,62.102363610708615,-10.016524380708617
3.5,96.45674953,64.61450357686456,31.842245953135432
1.0,45.84835334,62.521053605067934,-16.67270026506793
3.0,88.43534523,64.19581358250524,24.239531647494758
5.5,59.02079621,66.28926355430185,-7.268467344301854
5.0,40.55138048,65.87057355994253,-25.31919307994253
5.0,95.48360779,65.87057355994253,29.613034230057465
9.0,64.3318403,69.22009351481712,-4.8882532148171265
3.0,35.74194696,64.19581358250524,-28.453866622505238
6.0,12.7812687,66.70795354866118,-53.92668484866118
3.0,60.05460846,64.19581358250524,-4.141205122505241
3.0,71.68439234,64.19581358250524,7.488578757494764
7.0,67.82536767,67.54533353737983,0.2800341326201732
5.5,87.95841164,66.28926355430185,21.66914808569814
1.5,92.63103874,62.93974359942726,29.691295140572734
5.0,33.25918052,65.87057355994253,-32.61139303994253
2.0,38.59972863,63.358433593786586,-24.758704963786585
1.0,99.58315517,62.521053605067934,37.062101564932064
0.5,87.3464244,62.102363610708615,25.24406078929139
9.0,99.90752915,69.22009351481712,30.68743563518288
10.0,78.44672535,70.05747350353577,8.38925184646422
5.0,84.62919716,65.87057355994253,18.758623600057476
3.0,93.57527412,64.19581358250524,29.379460537494765
6.0,99.80942363,66.70795354866118,33.10147008133882
2.0,92.84632248,63.358433593786586,29.487888886213412
0.5,25.61355879,62.102363610708615,-36.488804820708616
10.0,66.37745614,70.05747350353577,-3.680017363535768
6.0,47.49538891,66.70795354866118,-19.212564638661178
5.5,97.91675276,66.28926355430185,31.62748920569814
3.0,97.80884941,64.19581358250524,33.613035827494755
5.0,59.96662845,65.87057355994253,-5.903945109942526
3.0,86.68320514,64.19581358250524,22.48739155749476
4.0,79.4047303,65.03319357122388,14.371536728776121
2.5,24.47152508,63.77712358814591,-39.30559850814591
2.0,12.31976023,63.358433593786586,-51.038673363786586
1.0,68.36172856,62.521053605067934,5.840674954932069
10.0,73.99784099,70.05747350353577,3.9403674864642255
2.5,45.31636422,63.77712358814591,-18.460759368145915
3.0,98.80219861,64.19581358250524,34.60638502749477
9.0,82.19258456,69.22009351481712,12.972491045182878
0.0,33.66779009,61.68367361634929,-28.015883526349292
0.0,69.87171391,61.68367361634929,8.188040293650708
4.0,83.84809589,65.03319357122388,18.81490231877612
10.0,68.02339104,70.05747350353577,-2.0340824635357677
5.0,27.97089061,65.87057355994253,-37.89968294994253
4.0,33.3792411,65.03319357122388,-31.653952471223874
0.0,30.2601081,61.68367361634929,-31.42356551634929
0.5,31.05604841,62.102363610708615,-31.046315200708616
0.5,95.66881713,62.102363610708615,33.56645351929138
4.5,85.24060559,65.4518835655832,19.7887220244168
3.0,15.52806328,64.19581358250524,-48.66775030250524
3.0,53.32097199,64.19581358250524,-10.874841592505241
1.0,58.74510972,62.521053605067934,-3.7759438850679317
3.5,87.76360369,64.61450357686456,23.149100113135432
2.0,19.85959677,63.358433593786586,-43.49883682378659
4.0,63.79345154,65.03319357122388,-1.2397420312238765
3.0,62.86281029,64.19581358250524,-1.3330032925052393
3.0,19.09517655,64.19581358250524,-45.10063703250523
0.5,75.82756492,62.102363610708615,13.725201309291386
4.0,32.11184331,65.03319357122388,-32.92135026122388
3.0,1.169384923,64.19581358250524,-63.026428659505235
1.5,98.70449633,62.93974359942726,35.76475273057274
3.0,53.75452172,64.19581358250524,-10.441291862505238
3.0,99.72865527,64.19581358250524,35.532841687494766
1.0,36.20974188,62.521053605067934,-26.31131172506793
0.5,73.70743646,62.102363610708615,11.605072849291382
4.0,93.89286956,65.03319357122388,28.859675988776118
3.5,79.41760222,64.61450357686456,14.803098643135442
0.5,80.83682069,62.102363610708615,18.73445707929138
1.0,47.49270385,62.521053605067934,-15.028349755067936
1.5,94.42406928,62.93974359942726,31.484325680572738
5.0,78.85919128,65.87057355994253,12.988617720057476
0.0,9.19463971,61.68367361634929,-52.48903390634929
1.5,69.5957294,62.93974359942726,6.655985800572736
5.0,42.06321618,65.87057355994253,-23.80735737994253
7.0,98.59611658,67.54533353737983,31.050783042620168
0.5,48.86370739,62.102363610708615,-13.238656220708613
2.5,34.47387616,63.77712358814591,-29.30324742814591
3.0,98.0925937,64.19581358250524,33.89678011749476
0.0,40.29373995,61.68367361634929,-21.389933666349286
2.5,97.45264335,63.77712358814591,33.67551976185409
2.5,61.12521977,63.77712358814591,-2.651903818145911
3.0,22.22112875,64.19581358250524,-41.97468483250524
0.5,71.04047181,62.102363610708615,8.938108199291385
5.0,97.10812506,65.87057355994253,31.237551500057478
7.0,83.57086706,67.54533353737983,16.025533522620165
1.0,33.83135098,62.521053605067934,-28.68970262506793
2.0,97.32417296,63.358433593786586,33.96573936621341
10.0,80.2091906,70.05747350353577,10.151717096464225
5.0,70.21684634,65.87057355994253,4.346272780057475
2.0,84.67610222,63.358433593786586,21.31766862621342
3.5,62.18674919,64.61450357686456,-2.4277543868645637
6.0,86.31896631,66.70795354866118,19.611012761338813
2.5,73.05961868,63.77712358814591,9.282495091854088
4.0,69.86952348,65.03319357122388,4.836329908776122
6.0,32.92812842,66.70795354866118,-33.77982512866118
6.0,12.85383669,66.70795354866118,-53.85411685866118
9.0,74.60880949,69.22009351481712,5.388715975182876
5.0,32.67138795,65.87057355994253,-33.199185609942525
3.0,91.45626301,64.19581358250524,27.260449427494763
2.5,98.97265088,63.77712358814591,35.19552729185409
3.5,41.98150796,64.61450357686456,-22.632995616864562
6.0,80.06893476,66.70795354866118,13.360981211338824
3.5,93.70323473,64.61450357686456,29.08873115313544
4.0,59.46218097,65.03319357122388,-5.571012601223877
2.5,37.95309013,63.77712358814591,-25.824033458145912
10.0,92.20562076,70.05747350353577,22.148147256464227
3.0,45.23145513,64.19581358250524,-18.964358452505238
5.0,78.01416162,65.87057355994253,12.143588060057468
6.0,35.75781836,66.70795354866118,-30.95013518866118
3.5,87.87850996,64.61450357686456,23.26400638313544
0.5,96.60292401,62.102363610708615,34.50056039929138
5.5,97.46205604,66.28926355430185,31.17279248569814
8.0,56.95841633,68.38271352609847,-11.424297196098472
4.0,53.24794021,65.03319357122388,-11.785253361223873
4.0,82.31303268,65.03319357122388,17.27983910877613
2.0,74.10960037,63.358433593786586,10.75116677621341
0.5,55.37197011,62.102363610708615,-6.730393500708615
6.0,87.68662103,66.70795354866118,20.978667481338817
4.0,62.75875953,65.03319357122388,-2.274434041223877
2.5,43.63390292,63.77712358814591,-20.143220668145915
8.0,57.61149421,68.38271352609847,-10.771219316098474
6.0,43.94501206,66.70795354866118,-22.762941488661177
3.5,89.72936724,64.61450357686456,25.114863663135438
2.5,13.9696424,63.77712358814591,-49.807481188145914
5.0,31.84410473,65.87057355994253,-34.02646882994253
5.0,67.24002801,65.87057355994253,1.369454450057475
2.5,13.16010488,63.77712358814591,-50.61701870814591
8.0,71.64337995,68.38271352609847,3.260666423901526
4.0,55.7534678,65.03319357122388,-9.279725771223873
2.0,17.15405869,63.358433593786586,-46.20437490378659
0.5,57.52992298,62.102363610708615,-4.572440630708613
6.0,29.36620695,66.70795354866118,-37.34174659866118
1.0,57.23154694,62.521053605067934,-5.2895066650679325
3.0,57.07419468,64.19581358250524,-7.12161890250524
1.5,52.12369341,62.93974359942726,-10.816050189427258
3.0,79.67120611,64.19581358250524,15.475392527494762
0.5,89.39610072,62.102363610708615,27.293737109291392
6.0,57.38131801,66.70795354866118,-9.32663553866118
1.0,50.92911636,62.521053605067934,-11.591937245067932
6.0,67.48018081,66.70795354866118,0.7722272613388128
6.0,89.34879347,66.70795354866118,22.640839921338824
8.0,25.70913017,68.38271352609847,-42.67358335609847
9.0,35.49137813,69.22009351481712,-33.72871538481712
3.0,98.75001419,64.19581358250524,34.554200607494764
3.5,95.56621853,64.61450357686456,30.951714953135436
6.0,28.42198352,66.70795354866118,-38.28597002866118
6.0,52.67438769,66.70795354866118,-14.033565858661177
1.5,6.813762243,62.93974359942726,-56.12598135642726
5.0,88.08713036,65.87057355994253,22.216556800057475
10.0,58.96570164,70.05747350353577,-11.091771863535776
9.0,99.03346054,69.22009351481712,29.81336702518287
7.0,78.81888198,67.54533353737983,11.273548442620168
2.0,82.92959778,63.358433593786586,19.57116418621341
9.0,99.63393555,69.22009351481712,30.41384203518288
2.0,10.90941439,63.358433593786586,-52.449019203786584
1.0,70.33923046,62.521053605067934,7.818176854932062
3.0,94.7644682,64.19581358250524,30.568654617494758
9.0,82.5405866,69.22009351481712,13.320493085182875
4.0,94.15806083,65.03319357122388,29.12486725877612
6.0,38.01943648,66.70795354866118,-28.688517068661177
3.0,86.35803709,64.19581358250524,22.162223507494758
8.0,41.76200357,68.38271352609847,-26.620709956098473
6.0,75.67052072,66.70795354866118,8.962567171338819
10.0,99.71790133,70.05747350353577,29.66042782646423
2.5,54.01035189,63.77712358814591,-9.76677169814591
7.0,69.13113635,67.54533353737983,1.585802812620173
1.0,58.167767,62.521053605067934,-4.353286605067936
8.0,89.90649736,68.38271352609847,21.523783833901533
4.0,19.43625279,65.03319357122388,-45.59694078122388
7.0,58.40828186,67.54533353737983,-9.13705167737983
7.0,99.87592303,67.54533353737983,32.33058949262016
7.0,74.72220037,67.54533353737983,7.1768668326201634
1.0,63.48927185,62.521053605067934,0.9682182449320678
1.0,25.04857867,62.521053605067934,-37.472474935067936
2.5,38.28337982,63.77712358814591,-25.49374376814591
0.5,38.97746919,62.102363610708615,-23.124894420708614
2.5,87.52960981,63.77712358814591,23.752486221854085
6.0,61.05151517,66.70795354866118,-5.6564383786611785
5.0,28.36149003,65.87057355994253,-37.50908352994253
1.5,33.86369686,62.93974359942726,-29.076046739427262
1.0,63.18671378,62.521053605067934,0.6656601749320643
4.0,62.19393818,65.03319357122388,-2.8392553912238725
9.0,88.13215349,69.22009351481712,18.91205997518287
0.5,79.81648603,62.102363610708615,17.714122419291378
7.0,87.02647953,67.54533353737983,19.48114599262017
5.0,38.42613501,65.87057355994253,-27.444438549942525
3.5,95.1822868,64.61450357686456,30.567783223135436
3.0,89.77527939,64.19581358250524,25.579465807494756
10.0,97.37935273,70.05747350353577,27.32187922646422
0.5,90.63878637,62.102363610708615,28.53642275929139
9.0,51.66244191,69.22009351481712,-17.557651604817124
5.0,90.25187365,65.87057355994253,24.381300090057465
1.5,85.850767,62.93974359942726,22.911023400572745
3.0,96.8446544,64.19581358250524,32.64884081749476
3.0,3.317083177,64.19581358250524,-60.87873040550524
5.0,85.61622775,65.87057355994253,19.745654190057465
4.5,33.66779009,65.4518835655832,-31.784093475583205
4.0,90.42668627,65.03319357122388,25.39349269877613
6.0,76.16361312,66.70795354866118,9.455659571338813
5.0,68.36945909,65.87057355994253,2.4988855300574784
2.5,85.44054833,63.77712358814591,21.663424741854087
2.5,74.23946269,63.77712358814591,10.462339101854084
8.0,88.54882586,68.38271352609847,20.166112333901523
1.0,27.90530303,62.521053605067934,-34.615750575067935
8.0,98.09399692,68.38271352609847,29.711283393901525
1.5,67.61599886,62.93974359942726,4.676255260572745
2.5,3.494132149,63.77712358814591,-60.28299143914591
6.0,88.99955787,66.70795354866118,22.291604321338824
8.0,99.20873256,68.38271352609847,30.82601903390153
1.0,92.66928372,62.521053605067934,30.148230114932062
5.0,64.22682777,65.87057355994253,-1.6437457899425283
2.5,35.07000003,63.77712358814591,-28.70712355814591
1.0,68.21013236,62.521053605067934,5.689078754932069
1.0,94.87268291,62.521053605067934,32.35162930493206
2.0,26.28707365,63.358433593786586,-37.07135994378659
4.5,96.92706419,65.4518835655832,31.475180624416794
5.0,43.19281437,65.87057355994253,-22.677759189942527
1.0,91.7964296,62.521053605067934,29.275375994932062
1.5,61.78523973,62.93974359942726,-1.1545038694272591
0.5,51.32765319,62.102363610708615,-10.774710420708615
5.0,96.32896727,65.87057355994253,30.45839371005748
1.0,79.94321014,62.521053605067934,17.42215653493207
1.0,27.29502022,62.521053605067934,-35.226033385067936
3.0,99.16716938,64.19581358250524,34.971355797494766
8.0,93.44949042,68.38271352609847,25.066776893901533
0.0,39.55289509,61.68367361634929,-22.13077852634929
8.0,99.12269805,68.38271352609847,30.739984523901526
3.0,73.50873326,64.19581358250524,9.312919677494762
1.0,60.51961267,62.521053605067934,-2.001440935067933
1.0,90.19806803,62.521053605067934,27.677014424932068
2.0,61.65712192,63.358433593786586,-1.7013116737865843
4.0,94.62206272,65.03319357122388,29.588869148776126
3.5,87.35917274,64.61450357686456,22.74466916313544
0.5,96.07552631,62.102363610708615,33.973162699291386
4.0,95.8355588,65.03319357122388,30.802365228776125
1.5,2.175168917,62.93974359942726,-60.76457468242726
2.5,6.655533385,63.77712358814591,-57.121590203145914
7.0,29.96016595,67.54533353737983,-37.58516758737983
2.5,27.97089061,63.77712358814591,-35.806232978145914
4.0,45.84835334,65.03319357122388,-19.184840231223873
4.0,82.19258456,65.03319357122388,17.159390988776124
0.5,62.69465422,62.102363610708615,0.592290609291382
3.0,26.06924461,64.19581358250524,-38.12656897250524
3.5,57.565051,64.61450357686456,-7.049452576864567
2.0,98.93356342,63.358433593786586,35.57512982621341
9.0,95.9022995,69.22009351481712,26.682205985182875
7.0,93.8867959,67.54533353737983,26.341462362620163
5.5,58.96570164,66.28926355430185,-7.323561914301855
2.5,71.8600337,63.77712358814591,8.08291011185409
5.0,82.31303268,65.87057355994253,16.442459120057478
4.0,98.68186073,65.03319357122388,33.64866715877612
10.0,2.632932408,70.05747350353577,-67.42454109553577
1.5,97.49494147,62.93974359942726,34.55519787057274
3.0,56.12875598,64.19581358250524,-8.067057602505237
4.0,96.62103194,65.03319357122388,31.58783836877612
1.5,55.0222034,62.93974359942726,-7.917540199427258
10.0,47.93952923,70.05747350353577,-22.117944273535777
3.0,50.87045271,64.19581358250524,-13.325360872505236
4.0,55.2253558,65.03319357122388,-9.807837771223873
0.5,95.59492172,62.102363610708615,33.49255810929139
3.0,10.74991568,64.19581358250524,-53.44589790250524
5.0,28.59746673,65.87057355994253,-37.27310682994253
3.0,37.20642533,64.19581358250524,-26.989388252505236
4.0,89.7600136,65.03319357122388,24.726820028776118
2.0,78.10688836,63.358433593786586,14.748454766213413
5.0,98.26218648,65.87057355994253,32.39161292005747
5.0,70.57774417,65.87057355994253,4.707170610057474
5.0,84.71523724,65.87057355994253,18.844663680057465
3.0,70.31917473,64.19581358250524,6.123361147494762
1.5,30.29781056,62.93974359942726,-32.64193303942726
3.0,23.95145566,64.19581358250524,-40.24435792250524
4.5,83.06926617,65.4518835655832,17.617382604416804
4.0,99.72444337,65.03319357122388,34.69124979877613
4.0,94.55168836,65.03319357122388,29.518494788776124
1.5,90.84423422,62.93974359942726,27.904490620572744
4.0,85.66452114,65.03319357122388,20.63132756877613
6.0,80.88250689,66.70795354866118,14.174553341338822
10.0,57.43695893,70.05747350353577,-12.620514573535772
1.5,82.96524493,62.93974359942726,20.025501330572737
1.0,97.62057642,62.521053605067934,35.09952281493207
4.0,90.51954947,65.03319357122388,25.486355898776125
7.0,96.38418786,67.54533353737983,28.838854322620165
5.0,95.98466217,65.87057355994253,30.114088610057465
3.0,63.8076547,64.19581358250524,-0.38815888250523756
4.0,80.10329033,65.03319357122388,15.070096758776117
3.0,86.48349966,64.19581358250524,22.28768607749477
5.0,31.10573203,65.87057355994253,-34.76484152994253
0.0,99.05225979,61.68367361634929,37.368586173650705
1.0,99.64742226,62.521053605067934,37.126368654932065
4.0,86.76286104,65.03319357122388,21.729667468776128
8.0,98.1460872,68.38271352609847,29.763373673901526
1.0,98.75115036,62.521053605067934,36.23009675493206
7.0,57.92472989,67.54533353737983,-9.62060364737983
5.0,45.72376131,65.87057355994253,-20.146812249942528
5.0,61.87699019,65.87057355994253,-3.9935833699425274
6.0,89.59808958,66.70795354866118,22.890136031338827
7.0,91.12573304,67.54533353737983,23.580399502620168
7.0,87.68018936,67.54533353737983,20.134855822620167
1.5,76.7529281,62.93974359942726,13.813184500572746
2.0,92.11841054,63.358433593786586,28.759976946213413
3.5,71.82594097,64.61450357686456,7.211437393135441
8.0,98.31705479,68.38271352609847,29.93434126390153
6.0,51.44659085,66.70795354866118,-15.26136269866118
8.0,87.44951172,68.38271352609847,19.066798193901533
5.5,78.52962614,66.28926355430185,12.24036258569815
2.5,96.10989199,63.77712358814591,32.33276840185408
6.0,27.95943151,66.70795354866118,-38.74852203866118
1.0,99.32690909,62.521053605067934,36.80585548493207
0.0,92.69214213,61.68367361634929,31.008468513650705
6.0,70.40604141,66.70795354866118,3.69808786133882
5.0,40.43646118,65.87057355994253,-25.434112379942526
1.0,70.32729671,62.521053605067934,7.806243104932065
0.5,36.62675879,62.102363610708615,-25.475604820708618
5.0,52.22408981,65.87057355994253,-13.646483749942526
2.5,75.83754765,63.77712358814591,12.060424061854093
0.0,96.36348072,61.68367361634929,34.67980710365071
1.5,91.79155426,62.93974359942726,28.85181066057274
3.0,98.57111616,64.19581358250524,34.375302577494764
4.0,83.72166177,65.03319357122388,18.68846819877612
0.5,27.97089061,62.102363610708615,-34.13147300070861
7.0,51.05664155,67.54533353737983,-16.48869198737983
1.0,97.88877383,62.521053605067934,35.36772022493207
3.0,77.04936127,64.19581358250524,12.853547687494768
4.5,0.724566961,65.4518835655832,-64.72731660458321
6.0,95.46208919,66.70795354866118,28.75413564133882
6.0,95.0514929,66.70795354866118,28.34353935133882
1.0,98.56692425,62.521053605067934,36.045870644932066
0.0,94.40512436,61.68367361634929,32.72145074365071
6.0,92.1853654,66.70795354866118,25.477411851338815
1.5,84.10727673,62.93974359942726,21.167533130572735
0.5,65.06251814,62.102363610708615,2.96015452929138
7.0,99.9134097,67.54533353737983,32.36807616262017
4.0,73.05961868,65.03319357122388,8.026425108776124
3.0,90.64350563,64.19581358250524,26.44769204749477
7.0,80.47634366,67.54533353737983,12.931010122620165
1.5,63.30381582,62.93974359942726,0.36407222057273714
0.0,93.22750186,61.68367361634929,31.543828243650715
6.0,60.9709885,66.70795354866118,-5.736965048661183
7.0,91.80411399,67.54533353737983,24.258780452620172
3.5,51.75407526,64.61450357686456,-12.860428316864564
2.0,94.25583977,63.358433593786586,30.89740617621341
4.0,59.82968984,65.03319357122388,-5.203503731223876
4.0,60.11766537,65.03319357122388,-4.915528201223879
1.0,92.07828469,62.521053605067934,29.55723108493207
3.5,76.81101667,64.61450357686456,12.196513093135437
1.0,98.08497592,62.521053605067934,35.56392231493207
4.0,88.49147119,65.03319357122388,23.458277618776123
4.0,76.73558847,65.03319357122388,11.70239489877612
4.0,96.22983178,65.03319357122388,31.196638208776122
2.0,64.82966753,63.358433593786586,1.4712339362134088
9.0,42.55781123,69.22009351481712,-26.662282284817124
1.0,32.8547859,62.521053605067934,-29.66626770506793
2.5,31.95457566,63.77712358814591,-31.822547928145912
2.5,77.04936127,63.77712358814591,13.272237681854094
2.0,87.10946842,63.358433593786586,23.751034826213413
1.5,58.87622836,62.93974359942726,-4.063515239427261
5.0,69.10074798,65.87057355994253,3.230174420057466
0.0,1.223660196,61.68367361634929,-60.46001342034929
2.5,83.74313112,63.77712358814591,19.96600753185409
2.5,96.70053418,63.77712358814591,32.92341059185409
7.0,62.71457269,67.54533353737983,-4.830760847379835
2.0,50.9578953,63.358433593786586,-12.400538293786589
9.0,0.547917747,69.22009351481712,-68.67217576781712
3.0,88.62004626,64.19581358250524,24.424232677494757
2.0,23.20778037,63.358433593786586,-40.15065322378659
8.0,98.42558696,68.38271352609847,30.042873433901534
1.0,4.130907243,62.521053605067934,-58.39014636206793
3.0,77.04936127,64.19581358250524,12.853547687494768
4.0,70.40604141,65.03319357122388,5.372847838776124
7.0,41.98150796,67.54533353737983,-25.56382557737983
4.0,60.75926332,65.03319357122388,-4.273930251223874
6.0,64.82354026,66.70795354866118,-1.8844132886611789
5.0,78.9594291,65.87057355994253,13.088855540057466
3.5,36.20974188,64.61450357686456,-28.40476169686456
10.0,21.27668456,70.05747350353577,-48.780788943535775
3.0,58.10402513,64.19581358250524,-6.0917884525052415
0.5,75.4557675,62.102363610708615,13.353403889291378
2.5,95.34570281,63.77712358814591,31.568579221854094
3.0,81.80727095,64.19581358250524,17.611457367494765
3.5,94.62482231,64.61450357686456,30.010318733135435
0.0,71.24184164,61.68367361634929,9.558168023650715
3.5,99.299729,64.61450357686456,34.685225423135435
5.0,13.40735768,65.87057355994253,-52.463215879942524
1.0,72.66703407,62.521053605067934,10.145980464932066
0.5,87.26940456,62.102363610708615,25.167040949291383
0.0,25.12705458,61.68367361634929,-36.55661903634929
3.5,81.20841596,64.61450357686456,16.593912383135432
2.5,59.60632436,63.77712358814591,-4.17079922814591
0.0,17.33603611,61.68367361634929,-44.34763750634929
7.0,96.55412822,67.54533353737983,29.008794682620163
3.0,51.86878089,64.19581358250524,-12.327032692505242
3.5,76.13757745,64.61450357686456,11.52307387313543
5.0,19.43625279,65.87057355994253,-46.43432076994253
3.0,40.35535561,64.19581358250524,-23.84045797250524
3.5,98.13287674,64.61450357686456,33.518373163135436
5.0,97.55486968,65.87057355994253,31.684296120057468
2.0,69.25493117,63.358433593786586,5.89649757621342
7.0,70.84066228,67.54533353737983,3.295328742620171
2.5,30.29781056,63.77712358814591,-33.47931302814591
0.0,38.07674169,61.68367361634929,-23.60693192634929
5.0,94.79064882,65.87057355994253,28.920075260057473
5.0,72.35863492,65.87057355994253,6.488061360057472
6.0,97.02155615,66.70795354866118,30.313602601338815
1.0,36.20974188,62.521053605067934,-26.31131172506793
5.0,61.15442362,65.87057355994253,-4.716149939942525
4.5,86.71569586,65.4518835655832,21.263812294416795
9.0,92.62027788,69.22009351481712,23.40018436518288
1.5,61.12521977,62.93974359942726,-1.8145238294272588
4.5,97.90132413,65.4518835655832,32.449440564416804
3.0,78.81888198,64.19581358250524,14.623068397494762
2.0,70.8375548,63.358433593786586,7.479121206213421
5.0,90.64452032,65.87057355994253,24.77394676005747
9.0,25.56692339,69.22009351481712,-43.65317012481712
8.0,89.46779081,68.38271352609847,21.085077283901526
10.0,32.79325237,70.05747350353577,-37.26422113353578
4.0,78.00883755,65.03319357122388,12.97564397877612
0.5,83.06926617,62.102363610708615,20.96690255929139
5.0,88.37481573,65.87057355994253,22.504242170057466
2.5,83.35027142,63.77712358814591,19.573147831854087
2.0,47.52350758,63.358433593786586,-15.834926013786585
4.0,89.36136023,65.03319357122388,24.328166658776126
4.5,93.73884735,65.4518835655832,28.2869637844168
7.0,98.06460833,67.54533353737983,30.519274792620166
7.0,99.24376583,67.54533353737983,31.69843229262017
3.0,62.0396385,64.19581358250524,-2.1561750825052357
4.0,95.23595706,65.03319357122388,30.202763488776128
6.0,66.5996364,66.70795354866118,-0.10831714866118602
8.0,61.12521977,68.38271352609847,-7.257493756098469
3.0,64.26150224,64.19581358250524,0.0656886574947606
1.0,83.93195549,62.521053605067934,21.410901884932073
1.5,36.51864466,62.93974359942726,-26.42109893942726
4.5,40.72196729,65.4518835655832,-24.7299162755832
6.0,79.30626093,66.70795354866118,12.598307381338813
1.5,99.46701582,62.93974359942726,36.52727222057274
2.0,76.82307269,63.358433593786586,13.464639096213418
3.5,82.19258456,64.61450357686456,17.578080983135436
7.0,51.50184448,67.54533353737983,-16.04348905737983
4.0,98.18663857,65.03319357122388,33.15344499877612
4.0,74.34578782,65.03319357122388,9.312594248776122
5.0,62.34594798,65.87057355994253,-3.52462557994253
3.5,79.21086246,64.61450357686456,14.596358883135437
2.5,80.06893476,63.77712358814591,16.291811171854093
10.0,71.88874208,70.05747350353577,1.8312685764642254
5.0,47.66003889,65.87057355994253,-18.210534669942525
3.0,41.00114576,64.19581358250524,-23.194667822505238
0.0,78.71212761,61.68367361634929,17.028453993650707
2.0,88.43534523,63.358433593786586,25.07691163621341
2.0,51.80247465,63.358433593786586,-11.555958943786585
2.0,90.63985419,63.358433593786586,27.281420596213408
3.0,95.43496389,64.19581358250524,31.239150307494768
6.0,46.18021898,66.70795354866118,-20.52773456866118
3.0,99.14344131,64.19581358250524,34.94762772749476
2.5,36.17262129,63.77712358814591,-27.60450229814591
7.0,40.5504485,67.54533353737983,-26.99488503737983
2.0,55.76898634,63.358433593786586,-7.589447253786588
6.0,8.92763896,66.70795354866118,-57.780314588661184
5.0,99.4695108,65.87057355994253,33.59893724005747
5.0,11.48385318,65.87057355994253,-54.38672037994253
3.5,69.72394584,64.61450357686456,5.109442263135435
7.0,90.20103751,67.54533353737983,22.655703972620174
0.0,70.4065741,61.68367361634929,8.722900483650712
3.0,62.8727162,64.19581358250524,-1.3230973825052388
6.0,62.35877188,66.70795354866118,-4.349181668661181
4.0,51.50184448,65.03319357122388,-13.531349091223873
4.0,95.18170789,65.03319357122388,30.148514318776122
4.0,98.83069962,65.03319357122388,33.79750604877613
5.0,96.91761075,65.87057355994253,31.047037190057466
5.0,66.62027906,65.87057355994253,0.7497055000574733
2.0,83.57367457,63.358433593786586,20.21524097621341
1.0,90.96310485,62.521053605067934,28.44205124493206
2.5,71.3714958,63.77712358814591,7.594372211854093
3.5,99.33620353,64.61450357686456,34.72169995313544
3.5,90.08789852,64.61450357686456,25.473394943135432
6.0,68.13632888,66.70795354866118,1.4283753313388132
2.0,93.13168881,63.358433593786586,29.773255216213414
5.0,53.96737126,65.87057355994253,-11.903202299942528
2.5,95.9856148,63.77712358814591,32.20849121185408
5.0,68.25363425,65.87057355994253,2.3830606900574764
5.5,65.52232649,66.28926355430185,-0.7669370643018567
2.0,80.88250689,63.358433593786586,17.524073296213416
1.0,21.39839945,62.521053605067934,-41.122654155067934
5.0,89.3252867,65.87057355994253,23.45471314005748
1.5,1.467305445,62.93974359942726,-61.47243815442726
7.0,95.80234046,67.54533353737983,28.257006922620164
3.0,90.17639273,64.19581358250524,25.980579147494765
4.0,63.79345154,65.03319357122388,-1.2397420312238765
2.0,76.13757745,63.358433593786586,12.779143856213409
2.5,92.88151042,63.77712358814591,29.104386831854086
0.0,38.29380716,61.68367361634929,-23.38986645634929
6.0,75.7094979,66.70795354866118,9.001544351338822
2.5,86.85621487,63.77712358814591,23.07909128185409
0.0,58.90305846,61.68367361634929,-2.780615156349292
2.5,25.09923397,63.77712358814591,-38.67788961814591
2.0,34.21869952,63.358433593786586,-29.139734073786585
2.0,45.77338203,63.358433593786586,-17.585051563786585
3.0,92.68923451,64.19581358250524,28.493420927494768
6.0,61.04994431,66.70795354866118,-5.6580092386611796
2.5,40.43646118,63.77712358814591,-23.34066240814591
1.5,99.02675217,62.93974359942726,36.087008570572735
4.5,21.293857,65.4518835655832,-44.1580265655832
9.0,97.55514838,69.22009351481712,28.335054865182883
10.0,57.22512416,70.05747350353577,-12.832349343535775
3.5,19.66638439,64.61450357686456,-44.94811918686456
6.0,32.65896145,66.70795354866118,-34.04899209866118
3.0,40.79455963,64.19581358250524,-23.401253952505236
10.0,50.74874814,70.05747350353577,-19.30872536353578
3.0,23.2287809,64.19581358250524,-40.967032682505234
6.0,2.156739631,66.70795354866118,-64.55121391766119
2.5,60.08886446,63.77712358814591,-3.6882591281459085
2.5,61.77258749,63.77712358814591,-2.0045360981459126
3.0,75.39423481,64.19581358250524,11.198421227494762
0.0,88.10799552,61.68367361634929,26.424321903650714
0.0,71.37819577,61.68367361634929,9.694522153650716
1.0,43.67278106,62.521053605067934,-18.848272545067935
2.0,56.89389424,63.358433593786586,-6.464539353786584
1.0,70.40604141,62.521053605067934,7.8849878049320665
0.5,9.166422739,62.102363610708615,-52.93594087170862
2.5,50.9578953,63.77712358814591,-12.819228288145915
3.0,68.0682032,64.19581358250524,3.872389617494761
1.0,97.46011005,62.521053605067934,34.93905644493206
7.0,76.00083929,67.54533353737983,8.45550575262017
3.0,98.35118754,64.19581358250524,34.15537395749476
8.0,92.93539976,68.38271352609847,24.552686233901525
1.0,16.77923646,62.521053605067934,-45.741817145067934
1.5,16.41178618,62.93974359942726,-46.52795741942726
4.0,86.87757138,65.03319357122388,21.84437780877613
2.5,88.76340535,63.77712358814591,24.986281761854087
2.0,30.33526448,63.358433593786586,-33.02316911378659
9.0,49.54884889,69.22009351481712,-19.67124462481712
2.0,99.11612712,63.358433593786586,35.757693526213416
8.0,96.72530291,68.38271352609847,28.342589383901526
2.5,82.18267485,63.77712358814591,18.405551261854086
5.0,34.26346397,65.87057355994253,-31.60710958994253
6.0,76.4894434,66.70795354866118,9.781489851338819
4.0,90.3259285,65.03319357122388,25.292734928776127
9.0,98.63342533,69.22009351481712,29.41333181518287
6.0,12.35928755,66.70795354866118,-54.34866599866118
9.0,14.65283658,69.22009351481712,-54.567256934817124
1.0,97.17383472,62.521053605067934,34.65278111493207
3.0,41.67982919,64.19581358250524,-22.51598439250524
7.0,18.94191976,67.54533353737983,-48.60341377737983
6.0,58.40828186,66.70795354866118,-8.299671688661178
3.0,25.57495635,64.19581358250524,-38.62085723250524
7.0,87.0393965,67.54533353737983,19.494062962620163
6.0,50.27447135,66.70795354866118,-16.43348219866118
5.0,95.79080965,65.87057355994253,29.92023609005747
3.0,58.54997123,64.19581358250524,-5.645842352505241
6.0,82.60338502,66.70795354866118,15.895431471338824
4.5,89.50532587,65.4518835655832,24.05344230441679
3.0,93.2851331,64.19581358250524,29.089319517494758
5.5,15.58185576,66.28926355430185,-50.70740779430186
3.0,7.032419398,64.19581358250524,-57.163394184505236
10.0,73.71563971,70.05747350353577,3.65816620646423
2.0,67.65550199,63.358433593786586,4.297068396213419
7.0,95.55270084,67.54533353737983,28.007367302620167
7.0,92.85720138,67.54533353737983,25.311867842620174
7.0,80.27293634,67.54533353737983,12.727602802620169
1.0,46.19583969,62.521053605067934,-16.325213915067934
0.0,65.93660653,61.68367361634929,4.252932913650717
2.0,76.1728684,63.358433593786586,12.814434806213413
3.0,75.83754765,64.19581358250524,11.641734067494767
1.5,91.16514243,62.93974359942726,28.225398830572743
4.0,98.73640282,65.03319357122388,33.70320924877612
4.0,99.21816534,65.03319357122388,34.18497176877612
0.5,90.62652344,62.102363610708615,28.524159829291385
10.0,3.967517444,70.05747350353577,-66.08995605953578
10.0,74.79862377,70.05747350353577,4.741150266464231
6.0,68.08272065,66.70795354866118,1.3747671013388185
8.0,62.41050615,68.38271352609847,-5.972207376098467
3.0,42.12549278,64.19581358250524,-22.070320802505236
3.0,85.44636716,64.19581358250524,21.250553577494756
4.0,71.17867121,65.03319357122388,6.1454776387761285
5.0,90.64452032,65.87057355994253,24.77394676005747
2.0,47.95897712,63.358433593786586,-15.399456473786586
1.0,94.12362289,62.521053605067934,31.60256928493206
3.0,99.66244946,64.19581358250524,35.46663587749477
3.0,54.17779991,64.19581358250524,-10.01801367250524
3.0,99.72525782,64.19581358250524,35.52944423749476
3.0,40.88568895,64.19581358250524,-23.310124632505236
2.5,19.38451665,63.77712358814591,-44.39260693814592
4.0,77.91420948,65.03319357122388,12.88101590877612
3.0,44.91365764,64.19581358250524,-19.28215594250524
1.0,25.58313701,62.521053605067934,-36.93791659506793
5.0,17.57936474,65.87057355994253,-48.291208819942526
5.0,57.23154694,65.87057355994253,-8.639026619942527
4.0,47.04819998,65.03319357122388,-17.984993591223876
5.0,96.18913908,65.87057355994253,30.318565520057476
0.5,92.86925353,62.102363610708615,30.76688991929138
3.0,77.80336579,64.19581358250524,13.607552207494763
2.0,83.56723067,63.358433593786586,20.208797076213415
0.0,52.44652705,61.68367361634929,-9.237146566349288
0.0,76.66545155,61.68367361634929,14.981777933650712
6.0,89.55002756,66.70795354866118,22.842074011338823
1.5,18.69230858,62.93974359942726,-44.24743501942726
7.0,70.07852644,67.54533353737983,2.533192902620172
4.0,85.48936906,65.03319357122388,20.456175488776125
7.0,97.46539684,67.54533353737983,29.920063302620164
4.0,89.27573572,65.03319357122388,24.242542148776124
1.5,43.67494003,62.93974359942726,-19.264803569427258
6.0,67.12399595,66.70795354866118,0.41604240133881376
1.0,55.07332384,62.521053605067934,-7.447729765067933
1.0,89.7600136,62.521053605067934,27.23895999493206
2.5,48.21839695,63.77712358814591,-15.558726638145913
2.5,95.41758153,63.77712358814591,31.640457941854095
4.0,97.76428474,65.03319357122388,32.73109116877612
4.5,27.92771638,65.4518835655832,-37.5241671855832
6.0,25.61355879,66.70795354866118,-41.09439475866118
3.0,90.10083402,64.19581358250524,25.905020437494755
9.0,35.83341702,69.22009351481712,-33.386676494817124
7.0,99.81257424,67.54533353737983,32.26724070262017
3.0,81.46368349,64.19581358250524,17.267869907494756
7.0,95.78110722,67.54533353737983,28.235773682620163
1.5,83.91905866,62.93974359942726,20.979315060572745
2.0,50.10948386,63.358433593786586,-13.248949733786588
2.5,67.1343223,63.77712358814591,3.357198711854082
1.0,74.70028036,62.521053605067934,12.17922675493206
4.0,96.43759959,65.03319357122388,31.40440601877613
5.5,78.31747374,66.28926355430185,12.028210185698143
10.0,99.86609195,70.05747350353577,29.808618446464223
2.0,82.5405866,63.358433593786586,19.18215300621341
5.5,98.92238016,66.28926355430185,32.63311660569815
2.5,43.19239213,63.77712358814591,-20.58473145814591
6.0,51.57061646,66.70795354866118,-15.137337088661184
1.0,90.49868957,62.521053605067934,27.977635964932063
3.0,69.30983048,64.19581358250524,5.114016897494764
5.5,90.06979532,66.28926355430185,23.780531765698143
3.0,72.83796204,64.19581358250524,8.642148457494756
4.0,27.19555899,65.03319357122388,-37.83763458122388
4.0,49.0050896,65.03319357122388,-16.028103971223878
5.5,65.85064058,66.28926355430185,-0.4386229743018504
3.0,94.30345823,64.19581358250524,30.107644647494766
5.0,31.07256054,65.87057355994253,-34.79801301994253
8.0,38.83045384,68.38271352609847,-29.552259686098473
3.0,81.37544358,64.19581358250524,17.179629997494757
5.0,50.78272854,65.87057355994253,-15.087845019942527
6.0,29.93458107,66.70795354866118,-36.77337247866118
6.0,46.48345897,66.70795354866118,-20.22449457866118
2.5,58.55681428,63.77712358814591,-5.220309308145914
4.5,90.66773339,65.4518835655832,25.215849824416793
7.0,91.53513044,67.54533353737983,23.98979690262017
4.0,88.53323553,65.03319357122388,23.500041958776123
1.5,81.05074651,62.93974359942726,18.111002910572736
4.0,84.67610222,65.03319357122388,19.642908648776128
10.0,76.54830302,70.05747350353577,6.490829516464231
2.0,62.39033084,63.358433593786586,-0.9681027537865887
7.0,29.94956941,67.54533353737983,-37.59576412737984
4.0,93.83224704,65.03319357122388,28.799053468776123
2.0,25.01115187,63.358433593786586,-38.34728172378659
5.0,88.58354019,65.87057355994253,22.712966630057466
6.0,76.38362459,66.70795354866118,9.675671041338816
5.0,59.29891652,65.87057355994253,-6.571657039942529
7.0,4.087600395,67.54533353737983,-63.45773314237983
0.0,72.40807813,61.68367361634929,10.724404513650718
1.0,78.32242217,62.521053605067934,15.801368564932062
4.0,84.69244832,65.03319357122388,19.65925474877612
5.0,61.55910233,65.87057355994253,-4.311471229942526
5.0,63.14078915,65.87057355994253,-2.729784409942525
4.5,68.46914024,65.4518835655832,3.0172566744167995
4.0,94.4575907,65.03319357122388,29.42439712877612
4.0,91.03140042,65.03319357122388,25.99820684877612
4.0,15.38208801,65.03319357122388,-49.65110556122387
1.0,17.61737062,62.521053605067934,-44.90368298506793
6.0,95.15545676,66.70795354866118,28.447503211338827
7.0,88.74763127,67.54533353737983,21.202297732620167
10.0,95.68377115,70.05747350353577,25.626297646464224
0.0,76.13913858,61.68367361634929,14.455464963650705
4.0,91.84623179,65.03319357122388,26.81303821877613
7.0,87.63003201,67.54533353737983,20.08469847262016
9.0,98.80605527,69.22009351481712,29.58596175518288
5.0,99.70792773,65.87057355994253,33.837354170057466
7.0,13.32950299,67.54533353737983,-54.21583054737983
6.0,72.94059249,66.70795354866118,6.23263894133882
4.5,96.74778478,65.4518835655832,31.2959012144168
0.0,91.75202934,61.68367361634929,30.06835572365072
4.0,36.79918713,65.03319357122388,-28.234006441223876
10.0,63.51825265,70.05747350353577,-6.539220853535774
1.0,73.17599591,62.521053605067934,10.654942304932064
0.5,82.96083327,62.102363610708615,20.85846965929138
4.0,98.93254279,65.03319357122388,33.89934921877612
6.0,40.79455963,66.70795354866118,-25.91339391866118
3.5,73.74850859,64.61450357686456,9.134005013135436
4.0,24.92124987,65.03319357122388,-40.11194370122388
4.0,84.28101485,65.03319357122388,19.24782127877613
1.0,61.87259156,62.521053605067934,-0.6484620450679373
4.0,44.95264333,65.03319357122388,-20.080550241223875
1.0,99.12390785,62.521053605067934,36.60285424493206
1.0,13.9696424,62.521053605067934,-48.551411205067936
2.5,6.076679326,63.77712358814591,-57.700444262145915
4.0,94.76146621,65.03319357122388,29.72827263877612
3.0,51.05664155,64.19581358250524,-13.139172032505236
2.5,24.7571985,63.77712358814591,-39.01992508814591
3.5,19.33318438,64.61450357686456,-45.281319196864565
5.5,49.3682143,66.28926355430185,-16.921049254301856
3.5,77.3798864,64.61450357686456,12.76538282313544
2.0,84.57523065,63.358433593786586,21.21679705621341
2.5,50.14851643,63.77712358814591,-13.628607158145911
2.5,79.67120611,63.77712358814591,15.894082521854088
5.0,48.95054647,65.87057355994253,-16.92002708994253
8.0,54.236927,68.38271352609847,-14.145786526098469
6.0,57.23154694,66.70795354866118,-9.47640660866118
1.0,67.72101249,62.521053605067934,5.199958884932073
8.0,19.38451665,68.38271352609847,-48.998196876098476
4.0,17.21244391,65.03319357122388,-47.82074966122387
9.0,64.61238292,69.22009351481712,-4.607710594817121
2.5,77.80336579,63.77712358814591,14.026242201854089
4.0,68.26816807,65.03319357122388,3.2349744987761255
4.5,97.99975667,65.4518835655832,32.547873104416794
5.0,99.19946963,65.87057355994253,33.32889607005747
8.0,95.90918335,68.38271352609847,27.526469823901536
1.5,97.27056855,62.93974359942726,34.33082495057273
3.0,61.05151517,64.19581358250524,-3.1442984125052362
3.0,72.22436715,64.19581358250524,8.028553567494768
1.0,25.66497134,62.521053605067934,-36.85608226506793
1.5,89.41503623,62.93974359942726,26.47529263057274
7.0,54.38998582,67.54533353737983,-13.155347717379833
5.0,54.04791735,65.87057355994253,-11.82265620994253
5.0,98.16575788,65.87057355994253,32.29518432005747
3.0,73.02490789,64.19581358250524,8.829094307494756
8.0,68.57391364,68.38271352609847,0.19120011390153024
6.0,30.85649979,66.70795354866118,-35.85145375866118
4.0,93.30345341,65.03319357122388,28.270259838776127
1.0,74.41879277,62.521053605067934,11.897739164932062
1.5,53.50194471,62.93974359942726,-9.437798889427263
3.0,8.684484664,64.19581358250524,-55.51132891850524
5.5,23.81912584,66.28926355430185,-42.470137714301856
3.5,83.09080929,64.61450357686456,18.47630571313543
5.0,7.402370058,65.87057355994253,-58.468203501942526
1.5,63.18671378,62.93974359942726,0.24697018057273823
0.5,83.25621967,62.102363610708615,21.15385605929138
3.0,92.3283158,64.19581358250524,28.13250221749476
1.0,86.68366062,62.521053605067934,24.162607014932064
6.0,71.91187626,66.70795354866118,5.203922711338819
1.0,98.4709169,62.521053605067934,35.94986329493207
2.5,92.98915736,63.77712358814591,29.21203377185408
4.0,92.43894051,65.03319357122388,27.40574693877612
6.0,49.0050896,66.70795354866118,-17.702863948661182
4.0,17.21244391,65.03319357122388,-47.82074966122387
4.5,72.47803563,65.4518835655832,7.026152064416792
7.0,79.93438595,67.54533353737983,12.389052412620174
5.0,87.32139369,65.87057355994253,21.450820130057465
5.0,65.99443629,65.87057355994253,0.12386273005746773
10.0,98.93344125,70.05747350353577,28.875967746464227
3.0,49.0050896,64.19581358250524,-15.19072398250524
0.0,97.91131841,61.68367361634929,36.22764479365072
4.0,95.0797674,65.03319357122388,30.04657382877612
4.0,40.5504485,65.03319357122388,-24.482745071223874
0.5,1.711308661,62.102363610708615,-60.39105494970862
2.5,50.9578953,63.77712358814591,-12.819228288145915
3.0,23.20778037,64.19581358250524,-40.98803321250524
3.0,82.53242125,64.19581358250524,18.33660766749476
0.5,26.04781219,62.102363610708615,-36.05455142070862
6.0,95.0857953,66.70795354866118,28.37784175133882
5.0,94.42898259,65.87057355994253,28.558409030057476
5.0,51.80247465,65.87057355994253,-14.068098909942528
9.0,83.90660452,69.22009351481712,14.68651100518288
6.0,92.41928342,66.70795354866118,25.71132987133882
7.0,98.82695609,67.54533353737983,31.281622552620163
2.0,69.91124718,63.358433593786586,6.552813586213418
10.0,98.41070272,70.05747350353577,28.35322921646423
4.0,41.49272193,65.03319357122388,-23.540471641223874
1.5,93.79838032,62.93974359942726,30.858636720572747
1.5,98.95895127,62.93974359942726,36.01920767057274
0.0,36.8619196,61.68367361634929,-24.82175401634929
4.0,99.59802359,65.03319357122388,34.56483001877612
6.0,51.77995186,66.70795354866118,-14.928001688661183
0.5,93.41714885,62.102363610708615,31.31478523929139
4.0,22.1204249,65.03319357122388,-42.91276867122387
0.0,97.91131841,61.68367361634929,36.22764479365072
5.0,98.75114001,65.87057355994253,32.88056645005747
9.0,74.65501612,69.22009351481712,5.4349226051828765
8.0,69.82409651,68.38271352609847,1.4413829839015335
7.0,4.217236339,67.54533353737983,-63.32809719837983
6.0,98.19385553,66.70795354866118,31.485901981338813
8.0,74.54847047,68.38271352609847,6.165756943901528
3.0,71.97879286,64.19581358250524,7.782979277494761
6.0,74.82378525,66.70795354866118,8.11583170133882
6.0,98.14033408,66.70795354866118,31.432380531338822
3.0,99.5177041,64.19581358250524,35.321890517494765
0.5,44.91365764,62.102363610708615,-17.188705970708618
2.0,49.28651193,63.358433593786586,-14.071921663786583
0.5,93.79543511,62.102363610708615,31.693071499291385
4.0,92.76540444,65.03319357122388,27.73221086877612
0.0,67.50042545,61.68367361634929,5.816751833650706
4.0,71.24517665,65.03319357122388,6.211983078776129
0.5,23.52098729,62.102363610708615,-38.581376320708614
3.0,12.07937576,64.19581358250524,-52.11643782250524
8.0,88.13511723,68.38271352609847,19.752403703901535
4.0,78.84255534,65.03319357122388,13.809361768776128
4.0,83.03242619,65.03319357122388,17.99923261877612
0.5,98.49849827,62.102363610708615,36.396134659291384
3.5,69.91124718,64.61450357686456,5.29674360313544
7.0,55.2253558,67.54533353737983,-12.31997773737983
6.0,99.04390691,66.70795354866118,32.335953361338824
7.0,93.6374265,67.54533353737983,26.09209296262017
2.0,31.381033,63.358433593786586,-31.977400593786587
3.5,5.267409945,64.61450357686456,-59.34709363186457
2.0,9.166422739,63.358433593786586,-54.19201085478659
2.5,63.09966745,63.77712358814591,-0.6774561381459137
2.0,62.8727162,63.358433593786586,-0.4857173937865866
4.5,39.39239835,65.4518835655832,-26.0594852155832
1.5,44.1459962,62.93974359942726,-18.79374739942726
2.5,55.49638039,63.77712358814591,-8.280743198145913
1.5,53.32509373,62.93974359942726,-9.61464986942726
5.5,67.57774648,66.28926355430185,1.2884829256981476
1.0,64.74907315,62.521053605067934,2.228019544932067
1.0,57.0210877,62.521053605067934,-5.499965905067931
9.0,40.85216047,69.22009351481712,-28.36793304481712
2.5,89.17048644,63.77712358814591,25.393362851854093
5.0,30.94360622,65.87057355994253,-34.92696733994253
2.5,63.73246211,63.77712358814591,-0.044661478145911815
3.0,0.301800689,64.19581358250524,-63.89401289350524
0.0,86.27089853,61.68367361634929,24.587224913650708
2.0,48.61492211,63.358433593786586,-14.743511483786584
1.0,47.13837771,62.521053605067934,-15.382675895067933
3.0,20.76860603,64.19581358250524,-43.42720755250524
2.0,19.57305413,63.358433593786586,-43.78537946378658
0.5,39.29837369,62.102363610708615,-22.803989920708617
2.0,17.94022959,63.358433593786586,-45.418204003786585
1.5,63.31177575,62.93974359942726,0.37203215057274264
4.0,98.27574094,65.03319357122388,33.24254736877613
1.0,25.25035825,62.521053605067934,-37.27069535506793
1.5,54.85375799,62.93974359942726,-8.085985609427262
5.0,77.43728561,65.87057355994253,11.566712050057475
4.0,98.57848685,65.03319357122388,33.54529327877613
3.0,57.22512416,64.19581358250524,-6.970689422505238
3.5,47.28464354,64.61450357686456,-17.329860036864567
5.0,90.74566924,65.87057355994253,24.87509568005747
2.0,68.46914024,63.358433593786586,5.110706646213416
1.5,12.91992517,62.93974359942726,-50.01981842942726
1.0,63.30381582,62.521053605067934,0.7827622149320632
8.0,88.7644516,68.38271352609847,20.38173807390153
2.5,75.68396476,63.77712358814591,11.906841171854083
5.0,14.6583099,65.87057355994253,-51.21226365994253
2.5,92.14403038,63.77712358814591,28.366906791854092
5.0,78.83713773,65.87057355994253,12.966564170057467
2.0,75.11573491,63.358433593786586,11.757301316213415
3.5,77.31131058,64.61450357686456,12.696807003135433
5.5,78.4900592,66.28926355430185,12.20079564569815
3.5,86.18255142,64.61450357686456,21.56804784313543
0.5,90.94375293,62.102363610708615,28.841389319291387
1.5,62.95970228,62.93974359942726,0.019958680572742082
3.0,92.06807736,64.19581358250524,27.872263777494766
3.0,5.901753201,64.19581358250524,-58.29406038150524
4.0,87.97784219,65.03319357122388,22.944648618776128
5.0,71.24184164,65.87057355994253,5.371268080057476
3.5,17.61737062,64.61450357686456,-46.99713295686456
1.0,52.85458427,62.521053605067934,-9.666469335067937
3.0,95.46907745,64.19581358250524,31.273263867494762
7.0,41.98150796,67.54533353737983,-25.56382557737983
4.0,13.85179948,65.03319357122388,-51.18139409122388
1.0,68.83869584,62.521053605067934,6.317642234932066
4.5,88.51068606,65.4518835655832,23.058802494416796
1.0,73.65945206,62.521053605067934,11.138398454932073
4.0,35.66865835,65.03319357122388,-29.364535221223875
4.5,46.19583969,65.4518835655832,-19.256043875583202
2.0,35.1066592,63.358433593786586,-28.251774393786583
4.5,57.60270767,65.4518835655832,-7.849175895583201
1.0,62.8727162,62.521053605067934,0.35166259493206553
6.0,69.87171391,66.70795354866118,3.1637603613388166
2.5,45.29329976,63.77712358814591,-18.483823828145916
3.0,40.5504485,64.19581358250524,-23.645365082505236
2.5,61.46573111,63.77712358814591,-2.311392478145912
1.5,66.66766598,62.93974359942726,3.7279223805727355
4.0,73.14913991,65.03319357122388,8.115946338776126
1.0,66.95017509,62.521053605067934,4.429121484932068
1.5,83.86652792,62.93974359942726,20.926784320572736
6.0,34.10784442,66.70795354866118,-32.60010912866118
0.5,80.47617765,62.102363610708615,18.373814039291382
0.5,83.06018323,62.102363610708615,20.957819619291392
0.5,60.50842316,62.102363610708615,-1.5939404507086152
0.0,99.04493141,61.68367361634929,37.361257793650715
3.5,99.38690541,64.61450357686456,34.77240183313543
1.0,94.72887813,62.521053605067934,32.207824524932064
1.5,24.2039299,62.93974359942726,-38.73581369942726
0.5,83.91905866,62.102363610708615,21.81669504929139
7.0,89.08557861,67.54533353737983,21.540245072620166
1.0,56.12875598,62.521053605067934,-6.392297625067933
7.0,6.265661933,67.54533353737983,-61.279671604379836
1.5,20.16159882,62.93974359942726,-42.778144779427265
8.0,86.12409964,68.38271352609847,17.741386113901527
0.5,99.17766838,62.102363610708615,37.075304769291385
1.5,17.46290341,62.93974359942726,-45.476840189427264
1.5,90.63414561,62.93974359942726,27.694402010572745
8.0,61.05151517,68.38271352609847,-7.331198356098469
1.0,59.99694372,62.521053605067934,-2.5241098850679364
4.0,20.41671842,65.03319357122388,-44.61647515122388
7.0,76.61594979,67.54533353737983,9.07061625262017
0.5,41.37528523,62.102363610708615,-20.727078380708612
0.5,28.32935426,62.102363610708615,-33.77300935070862
7.0,69.53245093,67.54533353737983,1.9871173926201635
10.0,22.51813463,70.05747350353577,-47.539338873535776
2.5,90.17712208,63.77712358814591,26.39999849185409
7.0,15.54898951,67.54533353737983,-51.996344027379834
5.0,66.76021312,65.87057355994253,0.8896395600574749
5.0,11.91054027,65.87057355994253,-53.96003328994253
4.5,78.34687117,65.4518835655832,12.894987604416798
3.0,58.18521241,64.19581358250524,-6.01060117250524
1.5,14.02708141,62.93974359942726,-48.91266218942726
1.0,63.35195197,62.521053605067934,0.830898364932068
7.0,99.25064592,67.54533353737983,31.705312382620164
1.0,54.36795158,62.521053605067934,-8.15310202506793
6.0,86.48349966,66.70795354866118,19.775546111338826
4.0,54.236927,65.03319357122388,-10.796266571223875
1.5,68.13816439,62.93974359942726,5.19842079057274
0.0,26.68403934,61.68367361634929,-34.99963427634928
3.5,25.70763057,64.61450357686456,-38.906873006864565
2.0,57.28598215,63.358433593786586,-6.0724514437865835
0.5,81.10224079,62.102363610708615,18.99987717929138
4.0,89.23519997,65.03319357122388,24.20200639877612
2.5,15.53240804,63.77712358814591,-48.24471554814591
2.5,81.69310864,63.77712358814591,17.915985051854094
0.0,18.46382222,61.68367361634929,-43.219851396349284
4.5,23.20778037,65.4518835655832,-42.24410319558321
1.0,53.20245682,62.521053605067934,-9.318596785067932
2.0,98.44721105,63.358433593786586,35.08877745621342
1.5,43.36390952,62.93974359942726,-19.57583407942726
0.5,87.18889527,62.102363610708615,25.08653165929139
4.0,99.20064253,65.03319357122388,34.16744895877612
3.0,37.94737315,64.19581358250524,-26.24844043250524
3.5,98.44322633,64.61450357686456,33.82872275313544
2.5,48.98596485,63.77712358814591,-14.79115873814591
0.0,88.43602065,61.68367361634929,26.752347033650715
2.0,87.32139369,63.358433593786586,23.962960096213408
5.0,76.14709716,65.87057355994253,10.276523600057473
2.0,21.67031209,63.358433593786586,-41.68812150378659
3.0,34.10784442,64.19581358250524,-30.08796916250524
4.0,12.10331267,65.03319357122388,-52.929880901223875
0.5,90.37184496,62.102363610708615,28.26948134929139
0.5,42.79220671,62.102363610708615,-19.310156900708613
7.0,47.28464354,67.54533353737983,-20.260689997379835
3.0,95.10060458,64.19581358250524,30.904790997494757
3.0,94.52660879,64.19581358250524,30.33079520749476
1.5,5.08636174,62.93974359942726,-57.85338185942726
1.0,94.99242997,62.521053605067934,32.47137636493207
2.0,87.31476374,63.358433593786586,23.956330146213418
2.0,80.06893476,63.358433593786586,16.71050116621342
2.5,97.45517979,63.77712358814591,33.67805620185409
1.5,70.67451976,62.93974359942726,7.734776160572736
10.0,77.88268248,70.05747350353577,7.825208976464225
4.5,71.88874208,65.4518835655832,6.436858514416798
5.0,23.65339914,65.87057355994253,-42.21717441994252
4.0,83.06982867,65.03319357122388,18.03663509877613
1.0,88.46785749,62.521053605067934,25.946803884932066
1.0,24.69556334,62.521053605067934,-37.825490265067934
4.0,51.08706269,65.03319357122388,-13.946130881223873
2.5,86.8586048,63.77712358814591,23.081481211854083
1.5,40.79455963,62.93974359942726,-22.145183969427258
0.0,51.32765319,61.68367361634929,-10.35602042634929
2.0,88.53323553,63.358433593786586,25.174801936213413
1.5,36.41834536,62.93974359942726,-26.521398239427256
1.0,65.04131108,62.521053605067934,2.520257474932066
0.5,68.0682032,62.102363610708615,5.9658395892913845
1.0,45.29941242,62.521053605067934,-17.22164118506793
0.5,66.66766598,62.102363610708615,4.565302369291381
2.5,32.35454194,63.77712358814591,-31.422581648145915
1.0,25.58313701,62.521053605067934,-36.93791659506793
2.0,97.84509237,63.358433593786586,34.48665877621342
1.0,55.43952605,62.521053605067934,-7.081527555067936
0.5,98.65514685,62.102363610708615,36.55278323929138
2.5,50.34303343,63.77712358814591,-13.434090158145914
1.0,15.1779208,62.521053605067934,-47.34313280506793
3.0,23.65339914,64.19581358250524,-40.54241444250523
0.5,40.69839771,62.102363610708615,-21.403965900708613
3.0,98.52899359,64.19581358250524,34.33318000749476
3.0,34.59146656,64.19581358250524,-29.604347022505237
2.5,88.95708645,63.77712358814591,25.179962861854094
0.0,47.22319469,61.68367361634929,-14.460478926349289
3.0,93.26943276,64.19581358250524,29.073619177494763
5.0,94.03000955,65.87057355994253,28.159435990057474
0.5,79.30626093,62.102363610708615,17.20389731929138
1.0,86.68831688,62.521053605067934,24.16726327493207
3.5,87.02647953,64.61450357686456,22.41197595313544
1.0,44.95264333,62.521053605067934,-17.568410275067933
0.0,52.03783328,61.68367361634929,-9.645840336349288
0.0,54.81893823,61.68367361634929,-6.864735386349288
2.5,38.84735987,63.77712358814591,-24.929763718145914
1.0,43.63390292,62.521053605067934,-18.887150685067937
1.0,59.72383084,62.521053605067934,-2.7972227650679358
1.0,62.48035985,62.521053605067934,-0.04069375506793449
10.0,43.63390292,70.05747350353577,-26.423570583535778
2.5,63.48927185,63.77712358814591,-0.2878517381459105
1.0,74.34578782,62.521053605067934,11.824734214932064
1.0,78.13156862,62.521053605067934,15.610515014932062
2.0,71.65336161,63.358433593786586,8.294928016213419
0.5,25.42919289,62.102363610708615,-36.67317072070861
1.5,50.92911636,62.93974359942726,-12.010627239427258
3.0,46.66948125,64.19581358250524,-17.52633233250524
4.5,40.72196729,65.4518835655832,-24.7299162755832
0.0,32.35454194,61.68367361634929,-29.32913167634929
0.5,96.61958946,62.102363610708615,34.517225849291385
2.5,41.76200357,63.77712358814591,-22.015120018145915
6.0,99.54353781,66.70795354866118,32.83558426133882
3.0,96.98288299,64.19581358250524,32.787069407494755
6.0,92.18630697,66.70795354866118,25.478353421338824
1.0,63.80400179,62.521053605067934,1.2829481849320672
9.0,99.32950158,69.22009351481712,30.109408065182876
3.0,58.07262747,64.19581358250524,-6.123186112505238
2.0,50.41309274,63.358433593786586,-12.945340853786583
0.0,97.92871792,61.68367361634929,36.24504430365071
2.5,95.05072248,63.77712358814591,31.273598891854093
5.0,68.36945909,65.87057355994253,2.4988855300574784
4.5,76.12920997,65.4518835655832,10.677326404416803
2.0,48.48588362,63.358433593786586,-14.872549973786583
1.5,92.75239448,62.93974359942726,29.812650880572747
1.5,57.7634963,62.93974359942726,-5.17624729942726
7.0,75.41427172,67.54533353737983,7.86893818262017
2.5,75.23744118,63.77712358814591,11.460317591854093
0.0,96.3004316,61.68367361634929,34.61675798365071
0.0,96.22126431,61.68367361634929,34.537590693650706
5.0,96.2739447,65.87057355994253,30.403371140057473
4.0,40.07525181,65.03319357122388,-24.95794176122388
1.5,57.76940034,62.93974359942726,-5.170343259427263
6.0,20.76860603,66.70795354866118,-45.93934751866118
3.0,87.58322745,64.19581358250524,23.387413867494757
7.0,45.1520129,67.54533353737983,-22.39332063737983
2.0,59.75373678,63.358433593786586,-3.604696813786589
2.5,95.04052672,63.77712358814591,31.26340313185409
0.5,5.086495135,62.102363610708615,-57.015868475708615
2.0,25.70763057,63.358433593786586,-37.65080302378659
6.0,19.47297454,66.70795354866118,-47.234979008661185
7.0,98.39556937,67.54533353737983,30.85023583262017
3.5,91.62890905,64.61450357686456,27.01440547313544
5.0,64.22682777,65.87057355994253,-1.6437457899425283
5.0,97.04821528,65.87057355994253,31.177641720057466
2.5,24.74468341,63.77712358814591,-39.03244017814591
1.0,75.7094979,62.521053605067934,13.188444294932069
5.0,57.7634963,65.87057355994253,-8.107077259942528
3.5,98.6229184,64.61450357686456,34.00841482313544
1.0,71.88886111,62.521053605067934,9.36780750493206
9.0,97.96732504,69.22009351481712,28.747231525182883
4.0,71.50005362,65.03319357122388,6.466860048776127
8.0,76.13757745,68.38271352609847,7.7548639239015245
10.0,72.27212496,70.05747350353577,2.2146514564642246
7.0,76.44732558,67.54533353737983,8.901992042620165
1.0,38.13156894,62.521053605067934,-24.389484665067933
3.5,90.25530239,64.61450357686456,25.640798813135433
2.5,69.88257682,63.77712358814591,6.105453231854085
0.5,64.26150224,62.102363610708615,2.159138629291384
4.0,98.64459528,65.03319357122388,33.61140170877613
10.0,28.54864874,70.05747350353577,-41.50882476353577
5.5,72.16135334,66.28926355430185,5.872089785698151
8.0,71.40661886,68.38271352609847,3.0239053339015243
3.0,90.52601655,64.19581358250524,26.330202967494756
5.0,71.41544094,65.87057355994253,5.544867380057468
0.5,45.29941242,62.102363610708615,-16.80295119070861
2.5,73.82113136,63.77712358814591,10.044007771854083
5.0,87.76959561,65.87057355994253,21.899022050057468
1.5,52.41155379,62.93974359942726,-10.52818980942726
0.5,61.64162643,62.102363610708615,-0.46073718070861247
6.0,67.48018081,66.70795354866118,0.7722272613388128
10.0,74.22155378,70.05747350353577,4.164080276464219
5.0,70.07852644,65.87057355994253,4.207952880057476
1.0,50.87045271,62.521053605067934,-11.650600895067932
1.5,93.55841952,62.93974359942726,30.61867592057274
3.0,79.19538136,64.19581358250524,14.999567777494761
1.5,98.88985673,62.93974359942726,35.950113130572745
8.0,98.1460872,68.38271352609847,29.763373673901526
10.0,84.84665926,70.05747350353577,14.78918575646422
5.5,97.62057642,66.28926355430185,31.331312865698152
7.0,24.19083228,67.54533353737983,-43.35450125737984
5.0,92.61569365,65.87057355994253,26.74512009005747
3.0,37.96185911,64.19581358250524,-26.23395447250524
5.5,36.8619196,66.28926355430185,-29.427343954301854
0.5,55.7534678,62.102363610708615,-6.348895810708612
3.0,83.27464083,64.19581358250524,19.078827247494758
1.0,9.585656187,62.521053605067934,-52.935397418067936
4.5,70.84066228,65.4518835655832,5.388778714416802
4.0,71.40661886,65.03319357122388,6.373425288776119
1.0,88.31205805,62.521053605067934,25.79100444493207
4.0,44.29519256,65.03319357122388,-20.73800101122388
1.0,59.02079621,62.521053605067934,-3.5002573950679334
10.0,84.61437224,70.05747350353577,14.55689873646422
2.5,66.72581086,63.77712358814591,2.9486872718540837
4.0,16.94993769,65.03319357122388,-48.08325588122388
4.0,25.70763057,65.03319357122388,-39.32556300122388
2.0,89.59113592,63.358433593786586,26.232702326213413
1.5,76.1728684,62.93974359942726,13.233124800572739
0.5,98.64353547,62.102363610708615,36.54117185929139
3.0,72.60095123,64.19581358250524,8.405137647494769
6.0,59.20622433,66.70795354866118,-7.501729218661183
2.0,27.63258692,63.358433593786586,-35.725846673786585
4.0,78.52962614,65.03319357122388,13.496432568776129
4.0,51.7428672,65.03319357122388,-13.290326371223877
7.0,95.9775916,67.54533353737983,28.432258062620164
3.0,99.75725428,64.19581358250524,35.56144069749476
2.0,94.79049664,63.358433593786586,31.432063046213415
4.5,23.10048656,65.4518835655832,-42.3513970055832
1.0,97.91616983,62.521053605067934,35.39511622493207
4.0,17.93321779,65.03319357122388,-47.099975781223876
1.0,62.27885472,62.521053605067934,-0.24219888506793552
2.5,52.96298965,63.77712358814591,-10.814133938145915
1.0,57.52992298,62.521053605067934,-4.991130625067932
0.0,52.08583923,61.68367361634929,-9.597834386349291
0.5,91.74867665,62.102363610708615,29.64631303929138
4.0,44.87060316,65.03319357122388,-20.162590411223874
1.0,95.74192503,62.521053605067934,33.22087142493207
1.0,48.78013478,62.521053605067934,-13.740918825067936
5.0,87.85531315,65.87057355994253,21.984739590057472
1.5,37.18895874,62.93974359942726,-25.750784859427263
3.0,52.85458427,64.19581358250524,-11.341229312505241
1.5,91.45626301,62.93974359942726,28.51651941057274
7.0,78.82741877,67.54533353737983,11.282085232620162
3.0,41.98150796,64.19581358250524,-22.214305622505236
2.0,97.40429537,63.358433593786586,34.045861776213414
1.0,9.166422739,62.521053605067934,-53.354630866067936
4.0,83.86594073,65.03319357122388,18.83274715877613
1.5,99.69964941,62.93974359942726,36.75990581057275
3.5,94.22723364,64.61450357686456,29.61273006313543
4.0,79.36575134,65.03319357122388,14.332557768776127
1.5,61.12521977,62.93974359942726,-1.8145238294272588
2.5,58.87622836,63.77712358814591,-4.900895228145913
6.0,60.88256096,66.70795354866118,-5.825392588661181
5.0,41.76200357,65.87057355994253,-24.10856998994253
3.5,99.45866117,64.61450357686456,34.844157593135435
4.0,56.12875598,65.03319357122388,-8.904437591223875
4.0,89.23352868,65.03319357122388,24.20033510877613
6.0,33.25918052,66.70795354866118,-33.44877302866118
1.0,99.57418334,62.521053605067934,37.05312973493207
9.0,46.1848097,69.22009351481712,-23.03528381481712
1.5,68.33176627,62.93974359942726,5.392022670572743
2.5,97.26219433,63.77712358814591,33.48507074185409
4.5,51.77995186,65.4518835655832,-13.671931705583205
3.0,98.31539033,64.19581358250524,34.11957674749476
4.0,27.10908769,65.03319357122388,-37.92410588122388
4.5,23.65339914,65.4518835655832,-41.7984844255832
7.0,91.91272625,67.54533353737983,24.367392712620173
5.5,37.41808551,66.28926355430185,-28.871178044301857
6.0,96.08247322,66.70795354866118,29.374519671338817
5.0,97.53583218,65.87057355994253,31.66525862005747
6.0,74.23946269,66.70795354866118,7.531509141338816
3.0,50.87045271,64.19581358250524,-13.325360872505236
7.0,66.72581086,67.54533353737983,-0.8195226773798368
2.5,62.47075585,63.77712358814591,-1.3063677381459087
3.0,82.85855127,64.19581358250524,18.66273768749477
1.5,97.45264335,62.93974359942726,34.51289975057274
2.0,19.81929446,63.358433593786586,-43.53913913378659
3.0,97.697802,64.19581358250524,33.50198841749476
2.5,95.33664298,63.77712358814591,31.55951939185408
5.0,92.1853654,65.87057355994253,26.314791840057467
0.5,98.40324857,62.102363610708615,36.30088495929139
3.0,99.40020157,64.19581358250524,35.204387987494755
1.0,33.05049209,62.521053605067934,-29.470561515067935
6.0,97.1084204,66.70795354866118,30.40046685133882
7.0,27.57233516,67.54533353737983,-39.97299837737983
1.5,35.48539341,62.93974359942726,-27.45435018942726
1.5,8.844227367,62.93974359942726,-54.09551623242726
4.0,77.20364961,65.03319357122388,12.170456038776123
3.0,85.34776744,64.19581358250524,21.15195385749476
5.0,63.97414542,65.87057355994253,-1.896428139942529
6.0,5.784497241,66.70795354866118,-60.92345630766118
1.5,79.26538475,62.93974359942726,16.325641150572736
4.5,84.05862686,65.4518835655832,18.606743294416802
6.0,6.915720496,66.70795354866118,-59.79223305266118
0.5,76.4894434,62.102363610708615,14.387079789291384
0.5,80.3927078,62.102363610708615,18.290344189291382
5.0,85.29469889,65.87057355994253,19.42412533005748
4.0,96.55412822,65.03319357122388,31.52093464877612
1.0,53.96737126,62.521053605067934,-8.553682345067934
5.0,31.05604841,65.87057355994253,-34.814525149942526
3.5,85.3639689,64.61450357686456,20.74946532313544
4.0,13.45885767,65.03319357122388,-51.574335901223876
5.0,62.81069922,65.87057355994253,-3.0598743399425317
4.0,66.76021312,65.03319357122388,1.727019548776127
5.0,51.74396482,65.87057355994253,-14.126608739942526
6.0,99.69353586,66.70795354866118,32.98558231133882
7.0,12.29980685,67.54533353737983,-55.24552668737984
2.0,62.99923985,63.358433593786586,-0.35919374378658375
2.0,90.00861142,63.358433593786586,26.650177826213408
1.0,39.00910544,62.521053605067934,-23.511948165067935
0.5,43.14984367,62.102363610708615,-18.952519940708612
3.5,78.8652418,64.61450357686456,14.250738223135443
6.0,72.98083347,66.70795354866118,6.272879921338813
3.0,63.97414542,64.19581358250524,-0.2216681625052388
5.0,75.0530445,65.87057355994253,9.18247094005747
0.0,90.89468397,61.68367361634929,29.211010353650714
1.0,26.07044048,62.521053605067934,-36.45061312506793
1.0,33.05049209,62.521053605067934,-29.470561515067935
3.5,68.58082347,64.61450357686456,3.9663198931354344
3.5,66.94864532,64.61450357686456,2.334141743135433
1.0,73.05961868,62.521053605067934,10.538565074932066
4.0,91.86658501,65.03319357122388,26.83339143877612
1.5,95.70235871,62.93974359942726,32.76261511057274
4.0,52.25342381,65.03319357122388,-12.779769761223875
2.0,89.41877746,63.358433593786586,26.060343866213415
3.0,99.58606024,64.19581358250524,35.39024665749476
4.0,71.18192791,65.03319357122388,6.148734338776123
3.0,62.71201935,64.19581358250524,-1.4837942325052396
3.0,94.02094456,64.19581358250524,29.825130977494766
3.5,49.31286868,64.61450357686456,-15.301634896864563
3.0,98.51277534,64.19581358250524,34.31696175749477
7.0,82.60338502,67.54533353737983,15.058051482620172
3.0,4.86964072,64.19581358250524,-59.32617286250524
3.5,88.48320377,64.61450357686456,23.86870019313544
3.0,36.8619196,64.19581358250524,-27.333893982505238
1.0,47.22319469,62.521053605067934,-15.297858915067934
3.0,84.41178425,64.19581358250524,20.21597066749476
8.0,93.62257815,68.38271352609847,25.239864623901525
2.5,97.45319613,63.77712358814591,33.67607254185408
1.0,27.95943151,62.521053605067934,-34.56162209506793
1.0,64.9623322,62.521053605067934,2.441278594932072
3.0,32.81098818,64.19581358250524,-31.384825402505236
0.5,77.04936127,62.102363610708615,14.946997659291391
0.5,7.610620506,62.102363610708615,-54.49174310470862
3.5,70.40604141,64.61450357686456,5.791537833135436
1.0,53.50194471,62.521053605067934,-9.019108895067937
1.0,69.14575628,62.521053605067934,6.624702674932067
4.0,87.28304242,65.03319357122388,22.249848848776125
1.5,65.22758067,62.93974359942726,2.287837070572735
3.5,31.51531564,64.61450357686456,-33.09918793686457
0.0,92.43894051,61.68367361634929,30.755266893650706
1.0,92.40387152,62.521053605067934,29.882817914932062
0.5,83.8443561,62.102363610708615,21.741992489291384
5.0,95.35210358,65.87057355994253,29.481530020057477
6.0,79.52427005,66.70795354866118,12.816316501338818
5.0,67.33594521,65.87057355994253,1.4653716500574774
3.0,97.9696822,64.19581358250524,33.773868617494756
1.5,76.28817411,62.93974359942726,13.34843051057274
4.0,9.826057182,65.03319357122388,-55.20713638922388
2.0,52.00817272,63.358433593786586,-11.350260873786588
3.5,52.03783328,64.61450357686456,-12.576670296864563
0.0,51.08706269,61.68367361634929,-10.596610926349285
0.0,83.90660452,61.68367361634929,22.222930903650713
1.5,83.45551184,62.93974359942726,20.51576824057274
4.0,49.20619657,65.03319357122388,-15.826997001223873
0.5,97.45319613,62.102363610708615,35.35083251929138
4.0,57.65945829,65.03319357122388,-7.373735281223873
2.0,61.12521977,63.358433593786586,-2.233213823786585
1.5,92.69214213,62.93974359942726,29.752398530572734
3.0,7.795843149,64.19581358250524,-56.39997043350524
7.0,76.12248364,67.54533353737983,8.577150102620166
2.0,80.90775091,63.358433593786586,17.54931731621342
7.0,99.54731513,67.54533353737983,32.00198159262017
3.0,68.83070878,64.19581358250524,4.634895197494757
2.5,96.87222741,63.77712358814591,33.09510382185408
1.0,37.55228267,62.521053605067934,-24.968770935067937
5.0,67.61531882,65.87057355994253,1.7447452600574707
5.0,98.85282379,65.87057355994253,32.982250230057474
7.0,94.60980443,67.54533353737983,27.064470892620164
4.0,96.45674953,65.03319357122388,31.42355595877612
3.0,83.57086706,64.19581358250524,19.37505347749476
3.0,98.06886403,64.19581358250524,33.87305044749476
2.5,57.65945829,63.77712358814591,-6.1176652981459085
4.0,77.91537579,65.03319357122388,12.882182218776123
2.5,28.59746673,63.77712358814591,-35.17965685814591
4.0,96.22862709,65.03319357122388,31.195433518776127
2.5,98.49849827,63.77712358814591,34.72137468185409
2.5,98.75128569,63.77712358814591,34.97416210185409
5.5,83.30380638,66.28926355430185,17.014542825698143
1.0,13.35510653,62.521053605067934,-49.16594707506793
0.5,89.4936777,62.102363610708615,27.39131408929139
0.5,74.34578782,62.102363610708615,12.243424209291383
5.0,42.35560365,65.87057355994253,-23.51496990994253
3.0,98.26889208,64.19581358250524,34.07307849749476
3.0,42.1484795,64.19581358250524,-22.047334082505238
2.5,53.20245682,63.77712358814591,-10.57466676814591
2.0,83.06926617,63.358433593786586,19.71083257621342
1.0,15.53240804,62.521053605067934,-46.988645565067934
0.0,43.14984367,61.68367361634929,-18.533829946349286
2.5,38.13969216,63.77712358814591,-25.63743142814591
6.0,4.570735781,66.70795354866118,-62.137217767661184
1.0,87.44951172,62.521053605067934,24.92845811493207
2.0,98.54688551,63.358433593786586,35.18845191621341
3.0,61.12521977,64.19581358250524,-3.070593812505237
0.5,12.80506491,62.102363610708615,-49.297298700708616
5.5,99.18115262,66.28926355430185,32.89188906569815
4.0,40.5504485,65.03319357122388,-24.482745071223874
6.0,51.7428672,66.70795354866118,-14.965086348661181
1.5,81.28606112,62.93974359942726,18.34631752057274
0.5,73.6816322,62.102363610708615,11.579268589291381
3.5,12.35928755,64.61450357686456,-52.25521602686457
4.5,97.88467832,65.4518835655832,32.432794754416804
2.0,51.32765319,63.358433593786586,-12.030780403786586
5.0,53.2684037,65.87057355994253,-12.602169859942528
0.0,98.71467716,61.68367361634929,37.031003543650705
3.0,80.60917805,64.19581358250524,16.41336446749476
2.5,98.11330021,63.77712358814591,34.336176621854094
1.0,77.26466634,62.521053605067934,14.743612734932071
0.5,66.72581086,62.102363610708615,4.623447249291381
2.5,83.57086706,63.77712358814591,19.793743471854086
5.0,98.58464673,65.87057355994253,32.714073170057475
1.5,45.94823752,62.93974359942726,-16.99150607942726
0.5,66.08825915,62.102363610708615,3.985895539291384
2.0,10.99453961,63.358433593786586,-52.36389398378658
2.5,10.99453961,63.77712358814591,-52.78258397814591
1.0,85.29469889,62.521053605067934,22.773645284932073
0.5,47.9840088,62.102363610708615,-14.118354810708617
0.0,86.37201124,61.68367361634929,24.688337623650717
2.5,54.04791735,63.77712358814591,-9.729206238145913
3.5,96.35496723,64.61450357686456,31.740463653135436
3.5,37.55228267,64.61450357686456,-27.062220906864567
7.0,95.0351687,67.54533353737983,27.489835162620167
3.0,74.16259684,64.19581358250524,9.966783257494768
2.5,89.08334673,63.77712358814591,25.30622314185409
3.5,97.28977513,64.61450357686456,32.67527155313543
0.0,94.18563779,61.68367361634929,32.50196417365071
4.0,98.95528436,65.03319357122388,33.92209078877612
5.0,98.88586119,65.87057355994253,33.01528763005747
2.5,84.96007198,63.77712358814591,21.182948391854083
2.0,64.71334988,63.358433593786586,1.3549162862134096
0.0,42.1484795,61.68367361634929,-19.535194116349288
0.5,34.53400478,62.102363610708615,-27.56835883070862
3.0,94.79064882,64.19581358250524,30.594835237494763
4.0,83.91905866,65.03319357122388,18.88586508877613
3.0,91.97158547,64.19581358250524,27.775771887494756
3.0,98.6366389,64.19581358250524,34.440825317494756
7.0,91.80020265,67.54533353737983,24.25486911262017
1.5,32.17782502,62.93974359942726,-30.76191857942726
5.0,63.5095513,65.87057355994253,-2.36102225994253
3.0,92.59985649,64.19581358250524,28.404042907494755
3.5,46.2734882,64.61450357686456,-18.34101537686456
5.0,69.5988229,65.87057355994253,3.7282493400574737
5.0,97.4004263,65.87057355994253,31.52985274005748
4.0,43.30369499,65.03319357122388,-21.72949858122388
6.0,97.43758591,66.70795354866118,30.729632361338815
2.0,87.87854754,63.358433593786586,24.520113946213414
1.5,0.929557116,62.93974359942726,-62.01018648342726
1.0,25.53707289,62.521053605067934,-36.98398071506793
2.0,57.95910476,63.358433593786586,-5.3993288337865835
1.0,94.19883346,62.521053605067934,31.67777985493207
3.0,98.55640316,64.19581358250524,34.360589577494764
3.0,74.77496983,64.19581358250524,10.579156247494765
2.0,67.24002801,63.358433593786586,3.8815944162134173
5.5,78.75181773,66.28926355430185,12.462554175698145
4.0,45.29329976,65.03319357122388,-19.73989381122388
4.0,88.13215349,65.03319357122388,23.098959918776117
4.0,99.54352038,65.03319357122388,34.51032680877613
6.0,78.35309341,66.70795354866118,11.64513986133882
2.0,62.39033084,63.358433593786586,-0.9681027537865887
3.0,76.56454492,64.19581358250524,12.368731337494765
0.0,76.13913858,61.68367361634929,14.455464963650705
6.0,55.87295671,66.70795354866118,-10.834996838661183
6.0,61.00492226,66.70795354866118,-5.70303128866118
6.0,83.86594073,66.70795354866118,17.157987181338825
5.5,96.11741722,66.28926355430185,29.82815366569814
5.5,61.99475713,66.28926355430185,-4.294506424301851
7.0,98.77391932,67.54533353737983,31.228585782620172
10.0,72.40258838,70.05747350353577,2.3451148764642227
6.0,54.63077194,66.70795354866118,-12.077181608661178
7.0,61.19590386,67.54533353737983,-6.349429677379831
5.0,99.02108621,65.87057355994253,33.15051265005748
1.0,86.77254657,62.521053605067934,24.25149296493207
0.5,89.58309072,62.102363610708615,27.480727109291387
2.0,14.37822027,63.358433593786586,-48.980213323786586
5.0,96.02667209,65.87057355994253,30.156098530057477
6.0,82.38806861,66.70795354866118,15.680115061338824
7.0,84.17926903,67.54533353737983,16.633935492620168
2.0,33.10249599,63.358433593786586,-30.255937603786585
1.0,57.47968392,62.521053605067934,-5.041369685067934
3.0,38.19455451,64.19581358250524,-26.001259072505235
1.0,92.39337265,62.521053605067934,29.87231904493207
2.5,30.67625774,63.77712358814591,-33.100865848145915
10.0,98.7537901,70.05747350353577,28.69631659646423
0.5,30.65152815,62.102363610708615,-31.450835460708614
1.0,74.45590053,62.521053605067934,11.93484692493206
5.0,98.75061094,65.87057355994253,32.88003738005747
1.5,93.26857475,62.93974359942726,30.32883115057274
5.5,87.66542983,66.28926355430185,21.37616627569814
2.5,95.41000401,63.77712358814591,31.632880421854082
2.0,79.6996478,63.358433593786586,16.341214206213408
3.0,63.41242342,64.19581358250524,-0.7833901625052349
5.0,81.87688043,65.87057355994253,16.00630687005747
5.0,48.517711,65.87057355994253,-17.35286255994253
8.0,65.18294598,68.38271352609847,-3.199767546098471
10.0,99.46070778,70.05747350353577,29.403234276464232
9.0,69.06164596,69.22009351481712,-0.1584475548171156
5.5,66.08178759,66.28926355430185,-0.20747596430184956
4.0,81.84947412,65.03319357122388,16.81628054877612
5.0,93.04210866,65.87057355994253,27.17153510005747
0.5,19.47297454,62.102363610708615,-42.62938907070861
1.0,57.0210877,62.521053605067934,-5.499965905067931
7.0,93.85224358,67.54533353737983,26.306910042620174
5.0,99.72291252,65.87057355994253,33.852338960057466
5.5,19.64382031,66.28926355430185,-46.64544324430186
0.0,46.07997675,61.68367361634929,-15.603696866349289
4.0,78.58439332,65.03319357122388,13.551199748776128
5.5,90.69075623,66.28926355430185,24.40149267569815
1.0,95.75709653,62.521053605067934,33.236042924932065
10.0,92.0123153,70.05747350353577,21.954841796464223
8.0,70.7433751,68.38271352609847,2.360661573901524
0.5,43.15546548,62.102363610708615,-18.946898130708618
4.0,5.580176718,65.03319357122388,-59.45301685322388
9.0,55.80107617,69.22009351481712,-13.41901734481712
4.0,78.75181773,65.03319357122388,13.718624158776123
8.0,96.20990788,68.38271352609847,27.827194353901533
3.0,48.32468565,64.19581358250524,-15.871127932505239
1.5,35.66865835,62.93974359942726,-27.27108524942726
8.0,46.07997675,68.38271352609847,-22.30273677609847
4.0,82.19258456,65.03319357122388,17.159390988776124
0.0,40.85194501,61.68367361634929,-20.831728606349287
0.5,5.259849103,62.102363610708615,-56.842514507708614
1.0,73.65945206,62.521053605067934,11.138398454932073
1.0,42.9070731,62.521053605067934,-19.613980505067936
5.0,28.01092293,65.87057355994253,-37.85965062994253
0.0,56.4762692,61.68367361634929,-5.207404416349291
0.5,14.37822027,62.102363610708615,-47.724143340708615
0.0,39.9715367,61.68367361634929,-21.712136916349287
3.5,56.49333062,64.61450357686456,-8.121172956864562
1.5,48.98596485,62.93974359942726,-13.953778749427258
1.5,73.28808125,62.93974359942726,10.348337650572745
1.0,62.27885472,62.521053605067934,-0.24219888506793552
6.0,61.09642433,66.70795354866118,-5.6115292186611825
2.0,86.48966513,63.358433593786586,23.13123153621342
4.0,98.84349383,65.03319357122388,33.810300258776124
4.0,78.52329339,65.03319357122388,13.49009981877613
1.5,60.66321529,62.93974359942726,-2.2765283094272633
5.0,97.93367044,65.87057355994253,32.06309688005747
8.0,78.35309341,68.38271352609847,9.97037988390153
1.0,83.83640914,62.521053605067934,21.315355534932067
2.0,77.20364961,63.358433593786586,13.845216016213413
4.0,65.84221705,65.03319357122388,0.8090234787761261
1.0,16.07384529,62.521053605067934,-46.44720831506793
0.0,30.69589607,61.68367361634929,-30.98777754634929
2.0,14.81753874,63.358433593786586,-48.54089485378658
3.5,67.65550199,64.61450357686456,3.0409984131354406
1.0,86.02675338,62.521053605067934,23.50569977493207
3.0,81.0700108,64.19581358250524,16.874197217494768
0.5,84.94714487,62.102363610708615,22.844781259291388
2.5,27.90530303,63.77712358814591,-35.87182055814591
2.5,55.78984744,63.77712358814591,-7.987276148145909
1.0,85.98757411,62.521053605067934,23.466520504932063
1.0,47.13837771,62.521053605067934,-15.382675895067933
1.5,69.84285364,62.93974359942726,6.9031100405727415
3.0,97.66610716,64.19581358250524,33.47029357749476
4.0,98.12670318,65.03319357122388,33.09350960877613
2.5,33.17546115,63.77712358814591,-30.601662438145915
1.5,59.36187206,62.93974359942726,-3.5778715394272567
2.5,15.52806328,63.77712358814591,-48.249060308145914
0.0,83.06926617,61.68367361634929,21.385592553650717
3.0,26.55639437,64.19581358250524,-37.63941921250524
1.5,87.60504502,62.93974359942726,24.665301420572746
4.0,78.97182509,65.03319357122388,13.93863151877612
3.0,19.48598194,64.19581358250524,-44.709831642505236
1.0,54.59226081,62.521053605067934,-7.928792795067935
1.0,25.58698142,62.521053605067934,-36.93407218506793
2.5,91.66386894,63.77712358814591,27.88674535185409
1.5,82.7028977,62.93974359942726,19.763154100572734
0.0,52.82514857,61.68367361634929,-8.858525046349286
5.0,87.8987,65.87057355994253,22.028126440057477
3.5,13.38047079,64.61450357686456,-51.23403278686456
1.5,48.8563915,62.93974359942726,-14.083352099427259
0.5,68.46914024,62.102363610708615,6.366776629291387
10.0,98.57684626,70.05747350353577,28.51937275646422
8.0,99.22859968,68.38271352609847,30.84588615390153
5.5,42.79220671,66.28926355430185,-23.497056844301852
1.0,43.71575113,62.521053605067934,-18.805302475067933
5.0,95.95794077,65.87057355994253,30.087367210057465
0.5,61.00492226,62.102363610708615,-1.097441350708614
5.0,93.87468769,65.87057355994253,28.004114130057474
3.0,75.41427172,64.19581358250524,11.218458137494764
1.5,61.88431836,62.93974359942726,-1.055425239427258
1.0,2.76677126,62.521053605067934,-59.754282345067935
1.0,10.79505704,62.521053605067934,-51.72599656506793
8.0,26.68936925,68.38271352609847,-41.69334427609847
0.0,31.37615111,61.68367361634929,-30.30752250634929
4.0,3.539030746,65.03319357122388,-61.494162825223874
5.0,37.86086693,65.87057355994253,-28.009706629942528
5.0,74.80792049,65.87057355994253,8.937346930057473
2.0,66.72581086,63.358433593786586,3.36737726621341
1.0,44.35698162,62.521053605067934,-18.164071985067935
4.0,69.23037829,65.03319357122388,4.197184718776128
1.5,98.10020721,62.93974359942726,35.160463610572734
3.0,85.37867038,64.19581358250524,21.182856797494765
8.0,98.76866042,68.38271352609847,30.385946893901533
8.0,70.1846005,68.38271352609847,1.8018869739015315
3.0,74.42424318,64.19581358250524,10.228429597494767
1.0,40.5504485,62.521053605067934,-21.970605105067932
4.0,94.51177834,65.03319357122388,29.47858476877613
8.0,1.626257173,68.38271352609847,-66.75645635309847
3.5,74.35426883,64.61450357686456,9.739765253135431
9.0,98.8000269,69.22009351481712,29.579933385182883
2.5,92.46529889,63.77712358814591,28.688175301854088
5.0,62.32337542,65.87057355994253,-3.5471981399425303
1.0,57.45496513,62.521053605067934,-5.066088475067936
1.0,48.48588362,62.521053605067934,-14.035169985067931
5.0,68.02339104,65.87057355994253,2.152817480057479
3.5,61.11298954,64.61450357686456,-3.501514036864563
2.5,9.60866394,63.77712358814591,-54.16845964814591
2.0,82.19258456,63.358433593786586,18.834150966213414
2.0,13.9696424,63.358433593786586,-49.38879119378659
2.5,88.28166178,63.77712358814591,24.50453819185408
4.0,28.36503577,65.03319357122388,-36.66815780122388
8.0,32.67138795,68.38271352609847,-35.71132557609847
0.5,97.10229155,62.102363610708615,34.99992793929139
6.0,34.21869952,66.70795354866118,-32.48925402866118
4.0,38.55106588,65.03319357122388,-26.482127691223873
7.0,94.1589128,67.54533353737983,26.613579262620163
2.5,77.26466634,63.77712358814591,13.487542751854093
6.0,85.27938216,66.70795354866118,18.571428611338817
7.0,99.35130299,67.54533353737983,31.80596945262016
5.0,96.18360059,65.87057355994253,30.31302703005747
4.0,68.13816439,65.03319357122388,3.104970818776124
4.0,98.00219755,65.03319357122388,32.96900397877613
2.5,94.7692501,63.77712358814591,30.99212651185408
6.0,31.69146229,66.70795354866118,-35.016491258661176
1.0,40.07525181,62.521053605067934,-22.445801795067936
0.5,70.94099756,62.102363610708615,8.838633949291385
1.0,90.70856779,62.521053605067934,28.18751418493207
6.0,73.97695278,66.70795354866118,7.2689992313388245
6.0,50.14851643,66.70795354866118,-16.55943711866118
5.5,94.56618555,66.28926355430185,28.276921995698146
4.0,21.67031209,65.03319357122388,-43.36288148122388
5.0,54.30602685,65.87057355994253,-11.564546709942526
6.0,95.26378979,66.70795354866118,28.555836241338824
5.0,56.52032716,65.87057355994253,-9.350246399942527
6.0,65.88575167,66.70795354866118,-0.8222018786611756
3.0,97.82993792,64.19581358250524,33.63412433749477
2.5,80.83682069,63.77712358814591,17.059697101854084
2.5,68.28334828,63.77712358814591,4.5062246918540865
2.5,93.94831623,63.77712358814591,30.17119264185409
3.5,89.9964869,64.61450357686456,25.38198332313543
1.0,29.94956941,62.521053605067934,-32.57148419506794
4.0,94.37294768,65.03319357122388,29.33975410877612
1.5,19.95310743,62.93974359942726,-42.98663616942726
3.0,63.10741439,64.19581358250524,-1.0883991925052356
6.0,25.66481149,66.70795354866118,-41.043142058661175
4.5,80.50659742,65.4518835655832,15.054713854416804
2.0,91.89342822,63.358433593786586,28.534994626213418
0.5,88.01784697,62.102363610708615,25.91548335929138
4.5,99.07953216,65.4518835655832,33.6276485944168
5.0,27.48917336,65.87057355994253,-38.38140019994253
5.0,79.44842029,65.87057355994253,13.577846730057473
4.0,51.28932037,65.03319357122388,-13.743873201223877
3.0,95.21993357,64.19581358250524,31.024119987494757
4.0,96.43469449,65.03319357122388,31.401500918776122
3.5,41.41134339,64.61450357686456,-23.203160186864565
2.5,62.20949468,63.77712358814591,-1.5676289081459132
1.5,92.84085921,62.93974359942726,29.901115610572745
4.0,87.95841164,65.03319357122388,22.92521806877612
0.5,95.77143702,62.102363610708615,33.66907340929138
1.0,38.60495566,62.521053605067934,-23.916097945067932
0.5,94.76146621,62.102363610708615,32.65910259929138
4.0,98.42558696,65.03319357122388,33.39239338877613
5.0,66.62027906,65.87057355994253,0.7497055000574733
5.0,59.75373678,65.87057355994253,-6.116836779942531
0.5,99.387088,62.102363610708615,37.28472438929139
1.0,97.697802,62.521053605067934,35.17674839493206
1.0,99.73612918,62.521053605067934,37.21507557493207
1.0,4.803568921,62.521053605067934,-57.717484684067934
1.5,80.59668985,62.93974359942726,17.656946250572744
4.5,35.43738756,65.4518835655832,-30.014496005583204
2.0,72.08322728,63.358433593786586,8.724793686213417
7.0,87.02647953,67.54533353737983,19.48114599262017
7.0,23.65339914,67.54533353737983,-43.89193439737983
2.0,69.86952348,63.358433593786586,6.511089886213412
3.0,84.03120163,64.19581358250524,19.83538804749476
2.5,48.87334836,63.77712358814591,-14.90377522814591
3.0,60.9709885,64.19581358250524,-3.224825082505241
8.0,82.31303268,68.38271352609847,13.930319153901536
3.0,65.43337435,64.19581358250524,1.237560767494756
2.0,21.84739911,63.358433593786586,-41.51103448378659
4.0,86.43676218,65.03319357122388,21.403568608776126
4.0,34.10784442,65.03319357122388,-30.925349151223877
2.0,58.80316684,63.358433593786586,-4.555266753786583
1.5,82.1545869,62.93974359942726,19.21484330057274
0.5,52.85458427,62.102363610708615,-9.247779340708618
5.5,88.66598382,66.28926355430185,22.37672026569814
1.5,38.13156894,62.93974359942726,-24.80817465942726
6.0,85.77710766,66.70795354866118,19.06915411133882
3.0,97.4359467,64.19581358250524,33.240133117494764
2.0,75.42161697,63.358433593786586,12.063183376213416
2.0,78.93934688,63.358433593786586,15.580913286213416
10.0,19.66638439,70.05747350353577,-50.39108911353577
2.5,63.81111277,63.77712358814591,0.03398918185408917
4.0,40.05564445,65.03319357122388,-24.977549121223873
1.0,95.86350969,62.521053605067934,33.34245608493207
1.0,15.52368583,62.521053605067934,-46.997367775067936
7.0,19.64801236,67.54533353737983,-47.89732117737984
1.0,87.98815832,62.521053605067934,25.467104714932063
5.0,96.26277604,65.87057355994253,30.392202480057477
4.5,79.52653902,65.4518835655832,14.0746554544168
2.0,95.33664298,63.358433593786586,31.978209386213408
2.5,96.2428749,63.77712358814591,32.46575131185409
3.0,82.70481706,64.19581358250524,18.50900347749476
0.5,85.93465272,62.102363610708615,23.832289109291388
1.0,83.57367457,62.521053605067934,21.05262096493206
1.5,35.66865835,62.93974359942726,-27.27108524942726
6.0,47.49270385,66.70795354866118,-19.215249698661182
2.5,92.09238408,63.77712358814591,28.31526049185409
1.0,13.9696424,62.521053605067934,-48.551411205067936
3.0,71.71622116,64.19581358250524,7.520407577494765
1.0,98.36208331,62.521053605067934,35.84102970493207
6.0,72.36220244,66.70795354866118,5.654248891338824
9.0,59.47628526,69.22009351481712,-9.743808254817125
9.0,99.14561406,69.22009351481712,29.925520545182877
1.0,74.79862377,62.521053605067934,12.277570164932072
1.0,96.91216617,62.521053605067934,34.39111256493207
5.0,33.10249599,65.87057355994253,-32.76807756994253
9.0,50.14851643,69.22009351481712,-19.07157708481712
4.0,66.5318241,65.03319357122388,1.4986305287761184
6.0,94.2759146,66.70795354866118,27.567961051338813
2.5,99.39755547,63.77712358814591,35.62043188185409
0.5,45.29941242,62.102363610708615,-16.80295119070861
7.0,29.00140843,67.54533353737983,-38.543925107379835
10.0,85.49144509,70.05747350353577,15.433971586464224
3.0,0.561728932,64.19581358250524,-63.63408465050524
5.0,5.205666433,65.87057355994253,-60.66490712694253
1.0,94.49838845,62.521053605067934,31.97733484493206
8.0,45.91878523,68.38271352609847,-22.463928296098473
2.0,5.165849984,63.358433593786586,-58.19258360978659
1.0,36.05467439,62.521053605067934,-26.46637921506793
2.5,93.90236056,63.77712358814591,30.125236971854093
7.0,72.21362837,67.54533353737983,4.6682948326201625
6.0,98.09588337,66.70795354866118,31.387929821338815
3.0,94.25583977,64.19581358250524,30.060026187494756
2.0,98.60730006,63.358433593786586,35.248866466213414
3.0,96.43490286,64.19581358250524,32.239089277494756
8.0,93.76273186,68.38271352609847,25.380018333901532
10.0,74.42424318,70.05747350353577,4.36676967646423
5.0,69.77678882,65.87057355994253,3.906215260057465
1.0,25.54426508,62.521053605067934,-36.97678852506793
10.0,51.7428672,70.05747350353577,-18.314606303535776
5.0,92.89279363,65.87057355994253,27.02222007005747
3.0,1.626257173,64.19581358250524,-62.56955640950524
3.0,21.08701585,64.19581358250524,-43.10879773250524
7.0,92.12085012,67.54533353737983,24.575516582620168
8.0,72.21362837,68.38271352609847,3.8309148439015246
2.5,74.77496983,63.77712358814591,10.997846241854091
4.5,5.281255376,65.4518835655832,-60.170628189583205
1.5,21.1789836,62.93974359942726,-41.760759999427265
0.5,83.77982268,62.102363610708615,21.67745906929138
0.5,94.42088905,62.102363610708615,32.318525439291385
3.5,9.166422739,64.61450357686456,-55.448080837864566
7.0,53.20245682,67.54533353737983,-14.34287671737983
8.0,95.35140049,68.38271352609847,26.968686963901533
3.5,89.7600136,64.61450357686456,25.14551002313543
2.0,45.26162121,63.358433593786586,-18.096812383786585
3.5,94.98144459,64.61450357686456,30.36694101313543
4.0,79.60759792,65.03319357122388,14.574404348776127
4.5,87.30612809,65.4518835655832,21.8542445244168
6.0,86.88318958,66.70795354866118,20.175236031338827
3.0,51.99882236,64.19581358250524,-12.19699122250524
3.0,17.43750439,64.19581358250524,-46.75830919250524
2.5,68.97887206,63.77712358814591,5.2017484718540885
10.0,49.72255359,70.05747350353577,-20.334919913535778
1.0,67.45640015,62.521053605067934,4.9353465449320595
10.0,13.32950299,70.05747350353577,-56.72797051353577
10.0,75.69056427,70.05747350353577,5.633090766464221
3.5,54.38998582,64.61450357686456,-10.224517756864564
10.0,42.79220671,70.05747350353577,-27.265266793535773
5.0,45.33714908,65.87057355994253,-20.533424479942525
3.5,90.31507406,64.61450357686456,25.700570483135436
1.5,66.05293614,62.93974359942726,3.11319254057274
2.5,51.07051564,63.77712358814591,-12.706607948145908
3.0,99.51501213,64.19581358250524,35.319198547494764
4.0,94.9236,65.03319357122388,29.890406428776117
1.5,90.73457158,62.93974359942726,27.794827980572734
2.0,5.086495135,63.358433593786586,-58.271938458786586
1.0,92.83424307,62.521053605067934,30.313189464932066
8.0,46.60251916,68.38271352609847,-21.78019436609847
2.0,57.95910476,63.358433593786586,-5.3993288337865835
0.5,23.81912584,62.102363610708615,-38.28323777070861
0.5,72.36921722,62.102363610708615,10.266853609291381
1.5,69.5957294,62.93974359942726,6.655985800572736
5.0,99.29197622,65.87057355994253,33.42140266005747
4.0,76.72045861,65.03319357122388,11.687265038776118
6.0,97.11968904,66.70795354866118,30.411735491338817
0.5,83.77982268,62.102363610708615,21.67745906929138
2.5,91.84480724,63.77712358814591,28.067683651854082
5.0,98.30550734,65.87057355994253,32.43493378005748
2.5,4.623440432,63.77712358814591,-59.15368315614591
10.0,47.36951916,70.05747350353577,-22.687954343535772
2.0,13.25743495,63.358433593786586,-50.10099864378658
3.5,99.16693778,64.61450357686456,34.552434203135434
4.0,10.71269185,65.03319357122388,-54.32050172122388
5.0,96.39064078,65.87057355994253,30.52006722005747
6.0,98.35228845,66.70795354866118,31.644334901338823
9.0,78.97948646,69.22009351481712,9.759392945182881
3.5,36.18452036,64.61450357686456,-28.429983216864564
0.5,81.97672505,62.102363610708615,19.874361439291384
3.0,71.86325702,64.19581358250524,7.667443437494768
2.0,33.10249599,63.358433593786586,-30.255937603786585
2.5,95.15545676,63.77712358814591,31.378333171854095
0.5,38.13469566,62.102363610708615,-23.967667950708616
1.0,90.98325619,62.521053605067934,28.462202584932072
2.0,88.95240548,63.358433593786586,25.59397188621341
1.0,96.94902892,62.521053605067934,34.42797531493207
7.0,89.95541728,67.54533353737983,22.410083742620174
0.5,25.09923397,62.102363610708615,-37.003129640708615
5.0,33.66779009,65.87057355994253,-32.20278346994253
1.0,23.52098729,62.521053605067934,-39.00006631506793
1.5,77.7669271,62.93974359942726,14.827183500572744
0.0,14.95820722,61.68367361634929,-46.72546639634929
3.0,87.83031144,64.19581358250524,23.634497857494765
8.0,96.47631529,68.38271352609847,28.093601763901532
4.0,8.872856689,65.03319357122388,-56.16033688222387
6.0,48.66934789,66.70795354866118,-18.038605658661183
2.0,81.7100925,63.358433593786586,18.351658906213416
1.5,94.18182268,62.93974359942726,31.242079080572736
8.0,60.64474404,68.38271352609847,-7.737969486098471
6.0,19.43625279,66.70795354866118,-47.27170075866118
7.0,98.81666886,67.54533353737983,31.27133532262016
3.5,84.0560604,64.61450357686456,19.441556823135443
3.5,74.74124853,64.61450357686456,10.126744953135429
3.5,81.55152509,64.61450357686456,16.937021513135434
5.0,35.68385606,65.87057355994253,-30.18671749994253
2.5,77.65469287,63.77712358814591,13.877569281854093
7.0,21.293857,67.54533353737983,-46.25147653737983
8.0,74.75823766,68.38271352609847,6.375524133901536
5.0,24.92124987,65.87057355994253,-40.94932368994253
3.5,67.16680562,64.61450357686456,2.552302043135441
4.5,22.00897479,65.4518835655832,-43.442908775583206
2.0,80.19448455,63.358433593786586,16.836050956213413
1.0,87.87850996,62.521053605067934,25.35745635493207
3.0,48.39929751,64.19581358250524,-15.796516072505241
2.0,57.31734359,63.358433593786586,-6.041090003786586
4.0,42.1484795,65.03319357122388,-22.884714071223875
0.5,52.93975746,62.102363610708615,-9.162606150708612
8.0,46.48345897,68.38271352609847,-21.89925455609847
7.0,90.38448819,67.54533353737983,22.839154652620167
4.0,59.36187206,65.03319357122388,-5.671321511223873
1.0,40.05564445,62.521053605067934,-22.46540915506793
3.5,83.83716201,64.61450357686456,19.222658433135436
8.0,97.66555793,68.38271352609847,29.282844403901535
2.0,94.25583977,63.358433593786586,30.89740617621341
3.5,42.88471454,64.61450357686456,-21.729789036864567
5.0,97.43758591,65.87057355994253,31.567012350057468
1.0,97.83486502,62.521053605067934,35.31381141493206
5.5,98.41070272,66.28926355430185,32.12143916569815
1.5,17.94022959,62.93974359942726,-44.99951400942726
3.0,60.47945217,64.19581358250524,-3.716361412505236
0.5,49.07165942,62.102363610708615,-13.030704190708612
0.5,82.389679,62.102363610708615,20.287315389291386
2.0,62.21357175,63.358433593786586,-1.144861843786586
7.0,9.166422739,67.54533353737983,-58.378910798379835
5.0,27.97089061,65.87057355994253,-37.89968294994253
5.5,79.16293108,66.28926355430185,12.873667525698153
9.0,98.20843328,69.22009351481712,28.98833976518287
4.0,3.484393708,65.03319357122388,-61.54879986322388
1.0,47.13225379,62.521053605067934,-15.388799815067934
7.0,95.71269842,67.54533353737983,28.167364882620163
5.5,15.52208415,66.28926355430185,-50.76717940430186
0.5,86.48349966,62.102363610708615,24.381136049291392
5.0,46.34039738,65.87057355994253,-19.53017617994253
1.0,34.52856862,62.521053605067934,-27.992484985067932
2.0,90.31507406,63.358433593786586,26.956640466213415
2.0,30.29781056,63.358433593786586,-33.060623033786584
3.0,42.54722762,64.19581358250524,-21.648585962505237
6.0,92.38597328,66.70795354866118,25.67801973133882
1.0,71.98123934,62.521053605067934,9.460185734932068
3.5,94.08124471,64.61450357686456,29.466741133135443
7.0,45.23145513,67.54533353737983,-22.313878407379832
1.0,35.75781836,62.521053605067934,-26.763235245067932
2.5,57.00752646,63.77712358814591,-6.769597128145911
1.0,60.75872902,62.521053605067934,-1.7623245850679368
1.0,18.1526953,62.521053605067934,-44.36835830506793
1.0,83.35027142,62.521053605067934,20.829217814932065
4.0,53.96737126,65.03319357122388,-11.065822311223876
2.0,67.95392435,63.358433593786586,4.595490756213408
3.0,89.22539268,64.19581358250524,25.02957909749476
1.0,99.2021726,62.521053605067934,36.68111899493206
0.0,85.48805015,61.68367361634929,23.804376533650718
7.0,62.8727162,67.54533353737983,-4.672617337379833
1.5,65.01123559,62.93974359942726,2.0714919905727385
1.5,33.86369686,62.93974359942726,-29.076046739427262
1.5,63.85013973,62.93974359942726,0.9103961305727424
3.0,87.87850996,64.19581358250524,23.682696377494764
2.5,93.85224358,63.77712358814591,30.075119991854095
0.0,23.65339914,61.68367361634929,-38.03027447634929
3.0,74.34578782,64.19581358250524,10.14997423749476
4.5,93.5524051,65.4518835655832,28.1005215344168
3.5,63.68537415,64.61450357686456,-0.9291294268645629
1.0,11.91054027,62.521053605067934,-50.610513335067935
4.0,96.87222741,65.03319357122388,31.839033838776118
3.0,64.22682777,64.19581358250524,0.031014187494761813
1.0,31.69146229,62.521053605067934,-30.829591315067933
5.0,3.194833318,65.87057355994253,-62.67574024194253
2.5,8.872856689,63.77712358814591,-54.90426689914591
1.0,73.74393215,62.521053605067934,11.222878544932072
4.0,12.85383669,65.03319357122388,-52.179356881223875
5.0,70.11803045,65.87057355994253,4.247456890057478
4.5,25.58313701,65.4518835655832,-39.8687465555832
0.5,45.71292164,62.102363610708615,-16.389441970708617
4.0,94.36688785,65.03319357122388,29.33369427877612
1.0,85.72036702,62.521053605067934,23.199313414932064
5.0,61.88431836,65.87057355994253,-3.9862551999425264
5.0,78.81888198,65.87057355994253,12.948308420057472
1.5,90.01892993,62.93974359942726,27.07918633057274
0.5,30.75861295,62.102363610708615,-31.343750660708615
1.0,45.16626978,62.521053605067934,-17.354783825067933
2.5,41.00114576,63.77712358814591,-22.775977828145912
6.0,80.10061405,66.70795354866118,13.392660501338824
8.0,71.88874208,68.38271352609847,3.5060285539015297
5.0,90.05670299,65.87057355994253,24.186129430057477
1.0,35.68385606,62.521053605067934,-26.837197545067937
5.0,93.33379186,65.87057355994253,27.463218300057477
9.0,77.80336579,69.22009351481712,8.583272275182878
10.0,98.88094761,70.05747350353577,28.823474106464232
2.0,94.98144459,63.358433593786586,31.62301099621341
1.5,70.79707863,62.93974359942726,7.857335030572742
5.0,68.0682032,65.87057355994253,2.197629640057471
6.0,85.43273275,66.70795354866118,18.72477920133882
2.0,74.60880949,63.358433593786586,11.250375896213413
1.0,3.163642944,62.521053605067934,-59.35741066106793
4.0,98.85157068,65.03319357122388,33.81837710877612
7.0,77.69689813,67.54533353737983,10.151564592620161
5.0,35.20622619,65.87057355994253,-30.664347369942526
3.0,50.27447135,64.19581358250524,-13.92134223250524
3.5,92.72607031,64.61450357686456,28.111566733135433
2.0,81.55152509,63.358433593786586,18.193091496213412
0.0,95.2156624,61.68367361634929,33.53198878365071
4.0,78.49511179,65.03319357122388,13.46191821877612
4.5,91.45626301,65.4518835655832,26.0043794444168
4.0,92.31078436,65.03319357122388,27.277590788776124
4.0,83.09080929,65.03319357122388,18.05761571877612
5.0,92.94782331,65.87057355994253,27.077249750057476
5.0,97.01089676,65.87057355994253,31.140323200057466
3.0,81.05074651,64.19581358250524,16.854932927494758
2.0,50.83565947,63.358433593786586,-12.522774123786583
2.0,80.57241076,63.358433593786586,17.21397716621341
5.0,11.24714098,65.87057355994253,-54.62343257994253
6.0,55.35057859,66.70795354866118,-11.357374958661183
2.0,94.74810497,63.358433593786586,31.389671376213414
8.0,65.22758067,68.38271352609847,-3.1551328560984757
9.0,12.85383669,69.22009351481712,-56.36625682481712
1.0,98.39253409,62.521053605067934,35.871480484932064
3.5,31.37615111,64.61450357686456,-33.23835246686457
3.0,29.14504055,64.19581358250524,-35.050773032505234
4.0,87.2995446,65.03319357122388,22.26635102877613
1.0,19.98618238,62.521053605067934,-42.53487122506793
4.0,95.58149175,65.03319357122388,30.548298178776122
0.5,10.90589105,62.102363610708615,-51.196472560708614
3.0,48.05850021,64.19581358250524,-16.13731337250524
7.0,96.23919207,67.54533353737983,28.69385853262017
10.0,24.03471904,70.05747350353577,-46.022754463535776
2.5,85.24612213,63.77712358814591,21.46899854185409
5.5,90.31735531,66.28926355430185,24.028091755698142
4.0,67.33594521,65.03319357122388,2.3027516387761295
7.0,38.18531901,67.54533353737983,-29.360014527379832
1.0,95.29459206,62.521053605067934,32.773538454932066
6.0,73.05961868,66.70795354866118,6.3516651313388195
4.0,97.68971482,65.03319357122388,32.65652124877613
5.0,60.67838341,65.87057355994253,-5.192190149942526
3.0,80.50659742,64.19581358250524,16.310783837494768
4.0,78.69808838,65.03319357122388,13.664894808776126
4.0,87.65979453,65.03319357122388,22.626600958776123
7.0,91.45359134,67.54533353737983,23.90825780262017
4.5,84.19141188,65.4518835655832,18.739528314416802
6.0,70.8375548,66.70795354866118,4.129601251338826
8.0,69.86952348,68.38271352609847,1.4868099539015276
6.0,24.00040538,66.70795354866118,-42.70754816866118
3.0,51.74396482,64.19581358250524,-12.451848762505236
0.5,75.82198411,62.102363610708615,13.719620499291388
4.0,69.13113635,65.03319357122388,4.09794277877613
3.0,68.38112974,64.19581358250524,4.185316157494768
8.0,33.20018874,68.38271352609847,-35.18252478609847
5.0,81.80727095,65.87057355994253,15.936697390057475
10.0,86.66563258,70.05747350353577,16.60815907646422
3.5,81.88567938,64.61450357686456,17.271175803135435
5.0,31.05604841,65.87057355994253,-34.814525149942526
1.5,42.53225571,62.93974359942726,-20.40748788942726
2.5,86.87757138,63.77712358814591,23.100447791854094
7.0,44.53701323,67.54533353737983,-23.008320307379833
5.0,96.43469449,65.87057355994253,30.56412093005747
1.0,82.23608164,62.521053605067934,19.71502803493206
4.5,74.94547377,65.4518835655832,9.493590204416805
0.5,17.74504799,62.102363610708615,-44.35731562070862
5.0,45.16626978,65.87057355994253,-20.704303779942528
7.0,90.14559912,67.54533353737983,22.600265582620167
2.5,27.74545863,63.77712358814591,-36.03166495814591
4.0,93.95733265,65.03319357122388,28.924139078776122
9.0,61.00492226,69.22009351481712,-8.215171254817122
5.0,74.85968073,65.87057355994253,8.989107170057466
6.0,40.55138048,66.70795354866118,-26.15657306866118
4.0,47.52350758,65.03319357122388,-17.509685991223876
0.5,75.23467758,62.102363610708615,13.132313969291381
5.0,42.99301921,65.87057355994253,-22.87755434994253
6.0,88.37481573,66.70795354866118,21.666862181338814
6.0,69.87171391,66.70795354866118,3.1637603613388166
3.5,62.06902098,64.61450357686456,-2.5454825968645665
4.5,98.74550672,65.4518835655832,33.29362315441679
10.0,69.88257682,70.05747350353577,-0.1748966835357777
4.0,58.1206334,65.03319357122388,-6.912560171223873
7.0,51.12976971,67.54533353737983,-16.415563827379835
4.0,98.14197185,65.03319357122388,33.10877827877613
5.0,69.91124718,65.87057355994253,4.0406736200574755
3.5,75.65036356,64.61450357686456,11.035859983135438
3.0,72.60095123,64.19581358250524,8.405137647494769
6.0,52.74582649,66.70795354866118,-13.962127058661181
0.5,67.15623216,62.102363610708615,5.053868549291387
8.0,42.05103451,68.38271352609847,-26.33167901609847
8.0,48.98596485,68.38271352609847,-19.39674867609847
6.0,74.84675066,66.70795354866118,8.138797111338818
0.0,23.08581764,61.68367361634929,-38.597855976349294
1.0,56.12393568,62.521053605067934,-6.397117925067931
1.0,58.18062198,62.521053605067934,-4.340431625067936
6.0,50.83565947,66.70795354866118,-15.872294078661177
3.0,86.32980556,64.19581358250524,22.13399197749476
1.0,31.69146229,62.521053605067934,-30.829591315067933
2.5,10.89712829,63.77712358814591,-52.879995298145914
4.0,2.374234691,65.03319357122388,-62.65895888022388
7.0,87.10946842,67.54533353737983,19.564134882620166
7.0,24.47152508,67.54533353737983,-43.07380845737983
0.5,58.2330153,62.102363610708615,-3.8693483107086166
4.0,71.24517665,65.03319357122388,6.211983078776129
5.0,26.12873047,65.87057355994253,-39.74184308994253
2.0,84.67610222,63.358433593786586,21.31766862621342
8.0,4.639382955,68.38271352609847,-63.74333057109847
4.5,13.78999144,65.4518835655832,-51.6618921255832
4.0,54.15385884,65.03319357122388,-10.879334731223878
5.0,42.58443965,65.87057355994253,-23.286133909942528
10.0,56.92345524,70.05747350353577,-13.134018263535772
0.5,63.85013973,62.102363610708615,1.7477761192913874
5.5,76.16361312,66.28926355430185,9.87434956569814
5.0,42.24072011,65.87057355994253,-23.62985344994253
4.0,86.49839012,65.03319357122388,21.46519654877612
10.0,3.163642944,70.05747350353577,-66.89383055953577
2.0,56.32057943,63.358433593786586,-7.037854163786584
2.5,63.10741439,63.77712358814591,-0.6697091981459096
5.5,32.35454194,66.28926355430185,-33.93472161430186
6.0,34.15732774,66.70795354866118,-32.55062580866118
5.0,91.41477826,65.87057355994253,25.544204700057477
3.0,37.55228267,64.19581358250524,-26.64353091250524
6.0,30.69589607,66.70795354866118,-36.01205747866118
2.0,58.54997123,63.358433593786586,-4.808462363786589
7.0,39.64309673,67.54533353737983,-27.90223680737983
3.0,62.83122911,64.19581358250524,-1.3645844725052356
2.0,81.55152509,63.358433593786586,18.193091496213412
6.0,86.95492749,66.70795354866118,20.246973941338823
8.0,71.66912864,68.38271352609847,3.2864151139015263
4.0,61.12521977,65.03319357122388,-3.907973801223875
9.0,4.324742377,69.22009351481712,-64.89535113781713
4.5,67.75265548,65.4518835655832,2.3007719144167993
4.0,70.67451976,65.03319357122388,5.6413261887761195
1.0,99.78185943,62.521053605067934,37.26080582493206
6.0,80.42426335,66.70795354866118,13.716309801338824
3.5,66.95017509,64.61450357686456,2.3356715131354377
10.0,84.50209709,70.05747350353577,14.444623586464232
4.0,99.21347352,65.03319357122388,34.18027994877612
3.0,92.75239448,64.19581358250524,28.55658089749477
1.5,93.53824674,62.93974359942726,30.598503140572745
7.0,52.93975746,67.54533353737983,-14.60557607737983
0.0,99.75215075,61.68367361634929,38.06847713365071
1.0,18.56271072,62.521053605067934,-43.958342885067935
6.0,31.37615111,66.70795354866118,-35.331802438661185
3.0,33.65244897,64.19581358250524,-30.543364612505236
3.0,36.04892235,64.19581358250524,-28.14689123250524
2.5,61.32168999,63.77712358814591,-2.455433598145909
5.0,18.46336599,65.87057355994253,-47.40720756994253
0.0,93.20710178,61.68367361634929,31.523428163650713
0.5,75.86208809,62.102363610708615,13.759724479291386
10.0,10.130113,70.05747350353577,-59.92736050353577
0.0,43.67278106,61.68367361634929,-18.01089255634929
4.0,57.48680824,65.03319357122388,-7.546385331223874
3.0,49.99841183,64.19581358250524,-14.197401752505236
1.5,26.6755441,62.93974359942726,-36.264199499427264
2.5,14.37822027,63.77712358814591,-49.39890331814591
3.0,70.01219992,64.19581358250524,5.816386337494762
3.0,57.61149421,64.19581358250524,-6.584319372505242
3.0,71.62358012,64.19581358250524,7.427766537494762
3.0,54.76825471,64.19581358250524,-9.427558872505237
6.0,80.97504778,66.70795354866118,14.267094231338817
2.0,65.16237708,63.358433593786586,1.803943486213413
0.0,56.26811413,61.68367361634929,-5.415559486349288
5.0,92.68923451,65.87057355994253,26.818660950057478
8.0,87.26940456,68.38271352609847,18.886691033901528
3.5,48.66934789,64.61450357686456,-15.945155686864567
10.0,48.01473168,70.05747350353577,-22.042741823535778
6.0,46.48345897,66.70795354866118,-20.22449457866118
5.5,62.97929123,66.28926355430185,-3.309972324301853
6.0,16.20937432,66.70795354866118,-50.498579228661185
4.0,74.10960037,65.03319357122388,9.07640679877612
0.0,77.41515186,61.68367361634929,15.731478243650706
3.5,2.76677126,64.61450357686456,-61.847732316864565
9.0,97.81659594,69.22009351481712,28.596502425182877
6.0,75.11573491,66.70795354866118,8.40778136133882
0.5,93.56191162,62.102363610708615,31.45954800929139
2.5,90.57566547,63.77712358814591,26.798541881854092
0.5,53.218169,62.102363610708615,-8.884194610708612
9.0,81.98085734,69.22009351481712,12.760763825182877
1.0,83.32303085,62.521053605067934,20.80197724493206
0.0,79.94321014,61.68367361634929,18.259536523650716
0.5,37.18895874,62.102363610708615,-24.913404870708618
1.5,16.01481832,62.93974359942726,-46.924925279427256
3.0,36.10964177,64.19581358250524,-28.086171812505235
7.0,98.57745912,67.54533353737983,31.032125582620168
3.0,33.25918052,64.19581358250524,-30.936633062505237
0.0,63.87226631,61.68367361634929,2.188592693650712
5.0,67.16680562,65.87057355994253,1.296232060057477
1.0,54.83067286,62.521053605067934,-7.690380745067934
2.0,38.01409877,63.358433593786586,-25.34433482378659
8.0,65.84221705,68.38271352609847,-2.5404964760984683
4.0,28.81864544,65.03319357122388,-36.21454813122388
6.0,84.20292204,66.70795354866118,17.494968491338824
3.0,8.886161354,64.19581358250524,-55.309652228505236
0.0,35.69459997,61.68367361634929,-25.98907364634929
3.0,56.12875598,64.19581358250524,-8.067057602505237
5.5,0.673852268,66.28926355430185,-65.61541128630185
3.0,52.00817272,64.19581358250524,-12.18764086250524
8.0,78.84255534,68.38271352609847,10.459841813901534
7.0,93.57527412,67.54533353737983,26.02994058262017
2.0,59.6972449,63.358433593786586,-3.6611886937865847
0.0,5.526833422,61.68367361634929,-56.156840194349286
0.5,12.52443009,62.102363610708615,-49.57793352070861
10.0,71.66639004,70.05747350353577,1.6089165364642213
8.0,90.83184734,68.38271352609847,22.449133813901526
8.0,64.26150224,68.38271352609847,-4.121211286098472
1.0,61.62211135,62.521053605067934,-0.8989422550679365
0.5,36.68936176,62.102363610708615,-25.413001850708618
2.0,25.50975173,63.358433593786586,-37.84868186378658
10.0,34.4098771,70.05747350353577,-35.64759640353577
6.0,2.841406798,66.70795354866118,-63.86654675066118
8.0,85.52042096,68.38271352609847,17.137707433901525
1.5,81.83227674,62.93974359942726,18.892533140572738
6.0,96.4728734,66.70795354866118,29.764919851338817
2.5,93.2851331,63.77712358814591,29.508009511854084
4.0,42.53225571,65.03319357122388,-22.500937861223875
2.5,50.87045271,63.77712358814591,-12.90667087814591
10.0,45.91878523,70.05747350353577,-24.138688273535777
6.0,60.40220895,66.70795354866118,-6.305744598661178
7.0,92.18630697,67.54533353737983,24.64097343262017
5.0,76.4894434,65.87057355994253,10.61886984005747
5.5,19.12902502,66.28926355430185,-47.160238534301854
4.0,99.08289533,65.03319357122388,34.04970175877612
1.5,52.44267548,62.93974359942726,-10.497068119427261
7.0,55.36522941,67.54533353737983,-12.180104127379835
8.0,5.59090431,68.38271352609847,-62.79180921609847
8.0,97.625623,68.38271352609847,29.242909473901534
3.5,97.68724399,64.61450357686456,33.072740413135435
4.0,18.17579021,65.03319357122388,-46.857403361223874
5.0,44.29519256,65.87057355994253,-21.57538099994253
1.0,37.6095217,62.521053605067934,-24.911531905067932
0.0,94.9236,61.68367361634929,33.239926383650705
3.0,27.8727641,64.19581358250524,-36.32304948250524
6.0,2.043306554,66.70795354866118,-64.66464699466118
6.0,29.14256978,66.70795354866118,-37.56538376866118
2.5,95.15268037,63.77712358814591,31.375556781854087
6.0,98.64661128,66.70795354866118,31.93865773133882
3.5,60.06952126,64.61450357686456,-4.544982316864562
0.0,83.38004367,61.68367361634929,21.696370053650718
10.0,75.69056427,70.05747350353577,5.633090766464221
3.0,15.52806328,64.19581358250524,-48.66775030250524
1.0,98.80049558,62.521053605067934,36.27944197493207
6.0,81.07986622,66.70795354866118,14.37191267133882
7.0,90.08907671,67.54533353737983,22.543743172620168
4.5,62.1722879,65.4518835655832,-3.2795956655832015
1.5,81.88920139,62.93974359942726,18.949457790572737
6.0,98.89923338,66.70795354866118,32.19127983133882
8.0,92.09238408,68.38271352609847,23.70967055390153
7.0,37.55228267,67.54533353737983,-29.993050867379836
2.0,5.526833422,63.358433593786586,-57.83160017178658
3.5,92.98657363,64.61450357686456,28.37207005313543
6.0,11.91054027,66.70795354866118,-54.79741327866118
10.0,84.94984176,70.05747350353577,14.892368256464223
1.5,76.13913858,62.93974359942726,13.199394980572734
5.0,96.78654231,65.87057355994253,30.915968750057473
2.5,47.9840088,63.77712358814591,-15.793114788145914
3.0,23.08802688,64.19581358250524,-41.10778670250524
0.5,66.66766598,62.102363610708615,4.565302369291381
4.0,93.43088192,65.03319357122388,28.39768834877613
1.5,32.89198615,62.93974359942726,-30.04775744942726
7.0,4.639382955,67.54533353737983,-62.90595058237983
1.5,84.24798309,62.93974359942726,21.308239490572745
7.0,78.66079606,67.54533353737983,11.115462522620163
6.0,35.66865835,66.70795354866118,-31.03929519866118
3.0,0.895917434,64.19581358250524,-63.29989614850524
5.0,84.25378028,65.87057355994253,18.383206720057473
9.0,93.58023398,69.22009351481712,24.36014046518288
4.0,87.39539654,65.03319357122388,22.362202968776117
1.5,41.48252506,62.93974359942726,-21.45721853942726
6.0,5.59090431,66.70795354866118,-61.11704923866118
6.0,61.12521977,66.70795354866118,-5.582733778661179
1.5,93.33913318,62.93974359942726,30.399389580572745
3.0,63.6226619,64.19581358250524,-0.573151682505241
2.5,79.92192149,63.77712358814591,16.14479790185409
3.0,13.08187583,64.19581358250524,-51.11393775250524
8.0,98.59339935,68.38271352609847,30.210685823901528
2.0,95.57547523,63.358433593786586,32.21704163621341
0.0,12.35928755,61.68367361634929,-49.32438606634929
2.5,62.18674919,63.77712358814591,-1.5903743981459115
4.0,65.88575167,65.03319357122388,0.8525580987761288
6.0,80.5301532,66.70795354866118,13.82219965133882
10.0,87.90547486,70.05747350353577,17.848001356464223
6.0,97.65709632,66.70795354866118,30.949142771338813
0.5,42.90537454,62.102363610708615,-19.196989070708618
10.0,90.5315159,70.05747350353577,20.474042396464228
6.0,88.18931981,66.70795354866118,21.48136626133882
6.0,1.488546719,66.70795354866118,-65.21940682966118
3.0,98.03759343,64.19581358250524,33.84177984749476
1.5,83.03329401,62.93974359942726,20.093550410572746
1.5,55.06915825,62.93974359942726,-7.870585349427259
0.5,89.74375782,62.102363610708615,27.641394209291384
2.5,36.0477335,63.77712358814591,-27.729390088145912
0.0,69.23037829,61.68367361634929,7.546704673650716
5.0,69.86952348,65.87057355994253,3.99894992005747
7.0,99.52700573,67.54533353737983,31.981672192620167
1.0,80.55410129,62.521053605067934,18.03304768493207
7.0,67.50042545,67.54533353737983,-0.04490808737983798
0.0,41.76200357,61.68367361634929,-19.92167004634929
7.0,23.38379549,67.54533353737983,-44.161538047379835
3.0,90.69075623,64.19581358250524,26.494942647494767
6.0,71.95149738,66.70795354866118,5.243543831338826
1.0,83.38004367,62.521053605067934,20.858990064932073
2.5,97.37935273,63.77712358814591,33.60222914185408
4.5,93.47508316,65.4518835655832,28.023199594416795
5.0,7.381029627,65.87057355994253,-58.489543932942524
4.5,18.56271072,65.4518835655832,-46.889172845583204
4.0,36.20974188,65.03319357122388,-28.823451691223873
3.5,99.30645185,64.61450357686456,34.69194827313544
0.0,37.97610596,61.68367361634929,-23.70756765634929
7.0,79.57774669,67.54533353737983,12.032413152620165
4.0,99.17004588,65.03319357122388,34.13685230877613
5.0,97.59471615,65.87057355994253,31.72414259005747
3.0,67.21733084,64.19581358250524,3.0215172574947644
7.0,35.69459997,67.54533353737983,-31.850733567379834
2.0,69.88257682,63.358433593786586,6.524143226213411
6.0,24.49606062,66.70795354866118,-42.21189292866118
3.5,43.13219212,64.61450357686456,-21.482311456864565
5.0,76.16361312,65.87057355994253,10.293039560057466
5.0,82.64822601,65.87057355994253,16.777652450057474
5.0,85.03453453,65.87057355994253,19.163960970057474
3.0,31.37223778,64.19581358250524,-32.82357580250524
2.0,56.79061795,63.358433593786586,-6.567815643786588
10.0,25.04857867,70.05747350353577,-45.00889483353578
4.0,72.94044949,65.03319357122388,7.90725591877613
5.5,89.24759602,66.28926355430185,22.95833246569815
0.5,60.9709885,62.102363610708615,-1.1313751107086176
1.0,53.02162601,62.521053605067934,-9.499427595067935
3.0,98.07642499,64.19581358250524,33.88061140749477
3.0,94.71159568,64.19581358250524,30.515782097494764
2.5,52.85458427,63.77712358814591,-10.922539318145915
0.5,89.23253452,62.102363610708615,27.130170909291387
5.0,44.95264333,65.87057355994253,-20.917930229942527
5.5,27.55647439,66.28926355430185,-38.73278916430185
0.0,13.32173845,61.68367361634929,-48.36193516634929
3.0,40.85216047,64.19581358250524,-23.343653112505237
2.0,78.57310447,63.358433593786586,15.214670876213418
5.0,87.60221101,65.87057355994253,21.731637450057477
2.5,93.65518174,63.77712358814591,29.87805815185409
2.5,56.12875598,63.77712358814591,-7.648367608145911
4.0,23.38379549,65.03319357122388,-41.64939808122388
4.0,61.81583233,65.03319357122388,-3.217361241223877
2.5,70.02580011,63.77712358814591,6.248676521854094
2.0,3.967517444,63.358433593786586,-59.390916149786584
0.0,86.68831688,61.68367361634929,25.004643263650713
3.0,28.54864874,64.19581358250524,-35.647164842505234
4.0,38.76504839,65.03319357122388,-26.26814518122388
3.5,81.80727095,64.61450357686456,17.19276737313544
1.5,97.31809267,62.93974359942726,34.37834907057274
1.0,11.92806296,62.521053605067934,-50.592990645067935
2.0,22.66659312,63.358433593786586,-40.691840473786584
1.0,83.52662952,62.521053605067934,21.005575914932066
8.0,87.91928191,68.38271352609847,19.536568383901525
1.0,99.48122456,62.521053605067934,36.96017095493207
2.5,66.74525704,63.77712358814591,2.9681334518540865
0.0,25.66497134,61.68367361634929,-36.01870227634929
0.5,15.41873693,62.102363610708615,-46.68362668070861
1.0,91.66386894,62.521053605067934,29.142815334932067
9.0,99.03098701,69.22009351481712,29.81089349518288
4.0,17.10104412,65.03319357122388,-47.93214945122388
2.5,93.57477326,63.77712358814591,29.79764967185409
1.0,48.39929751,62.521053605067934,-14.121756095067937
6.0,65.63127873,66.70795354866118,-1.076674818661175
8.0,99.23415163,68.38271352609847,30.85143810390153
1.5,91.70003982,62.93974359942726,28.76029622057274
1.5,35.74194696,62.93974359942726,-27.19779663942726
4.0,70.33923046,65.03319357122388,5.30603688877612
8.0,93.25646553,68.38271352609847,24.87375200390153
1.0,47.24873407,62.521053605067934,-15.272319535067936
6.0,89.3252867,66.70795354866118,22.617333151338826
5.0,63.50973543,65.87057355994253,-2.360838129942529
6.0,66.99718709,66.70795354866118,0.28923354133881674
2.0,93.32023059,63.358433593786586,29.96179699621341
7.0,96.70632705,67.54533353737983,29.160993512620166
10.0,98.04942886,70.05747350353577,27.99195535646423
3.5,1.193546724,64.61450357686456,-63.42095685286456
10.0,90.51467987,70.05747350353577,20.45720636646422
3.5,1.150116599,64.61450357686456,-63.464386977864564
5.5,95.23595706,66.28926355430185,28.94669350569815
1.0,87.50167897,62.521053605067934,24.980625364932067
5.0,70.11803045,65.87057355994253,4.247456890057478
1.0,75.39423481,62.521053605067934,12.873181204932067
0.0,90.45285503,61.68367361634929,28.769181413650706
0.5,44.91365764,62.102363610708615,-17.188705970708618
0.5,23.65339914,62.102363610708615,-38.44896447070862
1.0,19.73341356,62.521053605067934,-42.78764004506793
4.5,50.0155871,65.4518835655832,-15.436296465583204
3.5,10.90941439,64.61450357686456,-53.70508918686456
0.0,40.43831387,61.68367361634929,-21.245359746349287
2.0,87.9197782,63.358433593786586,24.56134460621341
1.0,27.25450767,62.521053605067934,-35.26654593506794
1.5,40.69479916,62.93974359942726,-22.244944439427258
5.0,61.00492226,65.87057355994253,-4.865651299942527
3.0,75.88894522,64.19581358250524,11.693131637494758
2.5,22.91304404,63.77712358814591,-40.86407954814591
2.5,91.52803604,63.77712358814591,27.75091245185409
0.0,99.12269805,61.68367361634929,37.43902443365071
2.0,72.8548793,63.358433593786586,9.496445706213407
1.5,68.73980755,62.93974359942726,5.800063950572735
1.0,56.42256534,62.521053605067934,-6.098488265067935
6.0,38.52844039,66.70795354866118,-28.17951315866118
0.5,58.167767,62.102363610708615,-3.934596610708617
4.0,98.65514685,65.03319357122388,33.62195327877612
1.5,2.215221916,62.93974359942726,-60.72452168342726
5.0,46.75078327,65.87057355994253,-19.11979028994253
2.0,86.35803709,63.358433593786586,22.99960349621341
2.5,55.50508414,63.77712358814591,-8.272039448145911
2.0,0.044414126,63.358433593786586,-63.314019467786586
5.0,74.35426883,65.87057355994253,8.483695270057467
1.5,54.04791735,62.93974359942726,-8.891826249427261
2.0,45.23145513,63.358433593786586,-18.126978463786585
10.0,13.72674836,70.05747350353577,-56.33072514353577
6.0,50.07999059,66.70795354866118,-16.62796295866118
4.0,44.42268346,65.03319357122388,-20.610510111223874
0.5,74.18674572,62.102363610708615,12.08438210929139
3.0,65.01962099,64.19581358250524,0.823807407494769
3.0,69.30983048,64.19581358250524,5.114016897494764
7.0,80.78825447,67.54533353737983,13.242920932620166
5.0,99.48179603,65.87057355994253,33.61122247005747
4.0,87.45789419,65.03319357122388,22.42470061877613
2.5,34.72815456,63.77712358814591,-29.048969028145912
5.0,92.71119241,65.87057355994253,26.840618850057467
3.5,53.96737126,64.61450357686456,-10.647132316864564
8.0,14.02708141,68.38271352609847,-54.35563211609847
7.0,97.37142218,67.54533353737983,29.826088642620164
2.0,76.4894434,63.358433593786586,13.131009806213413
0.0,11.60014622,61.68367361634929,-50.08352739634929
3.5,71.72744546,64.61450357686456,7.112941883135434
5.0,92.66393201,65.87057355994253,26.793358450057468
9.0,83.76843903,69.22009351481712,14.548345515182874
0.5,85.8509833,62.102363610708615,23.74861968929138
8.0,63.88776352,68.38271352609847,-4.49495000609847
4.5,85.95764212,65.4518835655832,20.5057585544168
2.0,56.95703982,63.358433593786586,-6.401393773786587
3.0,55.80618027,64.19581358250524,-8.38963331250524
5.5,68.81281941,66.28926355430185,2.5235558556981488
0.5,87.12173448,62.102363610708615,25.019370869291386
2.0,98.19619209,63.358433593786586,34.83775849621341
1.0,55.87858886,62.521053605067934,-6.642464745067933
2.5,82.96322536,63.77712358814591,19.186101771854084
4.0,30.85649979,65.03319357122388,-34.176693781223875
0.5,80.10061405,62.102363610708615,17.99825043929139
4.0,82.37580436,65.03319357122388,17.342610788776128
0.5,20.46953227,62.102363610708615,-41.63283134070862
5.0,76.13757745,65.87057355994253,10.267003890057467
1.0,93.57446282,62.521053605067934,31.05340921493206
5.0,0.758042583,65.87057355994253,-65.11253097694252
10.0,99.14650591,70.05747350353577,29.089032406464227
3.5,24.37249185,64.61450357686456,-40.24201172686456
5.0,74.34578782,65.87057355994253,8.47521426005747
2.0,86.87757138,63.358433593786586,23.51913778621342
1.5,83.07923933,62.93974359942726,20.139495730572733
5.0,69.91124718,65.87057355994253,4.0406736200574755
6.0,20.56534845,66.70795354866118,-46.14260509866118
4.5,69.17629728,65.4518835655832,3.724413714416798
9.0,23.06718521,69.22009351481712,-46.15290830481712
10.0,92.54301116,70.05747350353577,22.48553765646423
7.0,95.03683894,67.54533353737983,27.491505402620163
10.0,30.54443285,70.05747350353577,-39.513040653535775
4.0,96.43469449,65.03319357122388,31.401500918776122
3.0,95.41758153,64.19581358250524,31.22176794749477
5.0,75.39423481,65.87057355994253,9.523661250057472
2.5,8.572778087,63.77712358814591,-55.20434550114591
5.0,99.09885489,65.87057355994253,33.22828133005747
4.0,38.13156894,65.03319357122388,-26.901624631223875
5.0,55.79291405,65.87057355994253,-10.077659509942528
6.0,9.846662316,66.70795354866118,-56.86129123266118
1.5,52.67438769,62.93974359942726,-10.265355909427257
0.0,91.49318883,61.68367361634929,29.809515213650705
5.0,79.69966839,65.87057355994253,13.829094830057471
3.0,69.54558992,64.19581358250524,5.34977633749476
5.0,84.79922772,65.87057355994253,18.928654160057476
6.0,47.13225379,66.70795354866118,-19.57569975866118
6.0,53.51070343,66.70795354866118,-13.19725011866118
2.0,76.72045861,63.358433593786586,13.362025016213408
4.0,20.7059452,65.03319357122388,-44.327248371223874
8.0,93.10752076,68.38271352609847,24.72480723390153
3.0,90.445849,64.19581358250524,26.250035417494757
4.0,99.55801844,65.03319357122388,34.52482486877612
2.0,89.59983561,63.358433593786586,26.241402016213414
1.0,58.69524984,62.521053605067934,-3.8258037650679313
8.0,97.66555793,68.38271352609847,29.282844403901535
4.0,0.130405029,65.03319357122388,-64.90278854222387
1.0,57.0210877,62.521053605067934,-5.499965905067931
0.0,67.03684366,61.68367361634929,5.353170043650714
0.5,29.2031064,62.102363610708615,-32.89925721070861
3.0,98.31858031,64.19581358250524,34.12276672749476
2.0,93.61608247,63.358433593786586,30.25764887621341
7.0,96.94902892,67.54533353737983,29.40369538262017
4.0,90.3021417,65.03319357122388,25.26894812877613
5.0,47.9840088,65.87057355994253,-17.88656475994253
8.0,47.57670396,68.38271352609847,-20.806009566098467
5.0,94.14135345,65.87057355994253,28.27077989005747
7.0,65.52232649,67.54533353737983,-2.023007047379835
4.0,97.13037797,65.03319357122388,32.09718439877612
7.0,99.4389986,67.54533353737983,31.893665062620173
8.0,86.8586048,68.38271352609847,18.475891273901524
5.0,12.0889531,65.87057355994253,-53.78162045994253
7.0,36.8619196,67.54533353737983,-30.683413937379832
5.5,33.35731803,66.28926355430185,-32.93194552430185
0.0,80.45814115,61.68367361634929,18.774467533650714
9.0,81.73093016,69.22009351481712,12.510836645182877
3.0,95.15545676,64.19581358250524,30.95964317749477
0.5,97.08465579,62.102363610708615,34.982292179291385
5.0,79.57444257,65.87057355994253,13.703869010057474
5.0,37.57997923,65.87057355994253,-28.29059432994253
0.5,65.17949807,62.102363610708615,3.077134459291379
4.0,98.81792138,65.03319357122388,33.784727808776125
8.0,92.18543092,68.38271352609847,23.80271739390153
5.0,94.70532232,65.87057355994253,28.834748760057465
3.5,76.61594979,64.61450357686456,12.001446213135438
1.5,76.16976792,62.93974359942726,13.230024320572738
8.0,56.22848897,68.38271352609847,-12.15422455609847
5.0,36.8619196,65.87057355994253,-29.008653959942528
7.0,80.88250689,67.54533353737983,13.33717335262017
6.0,71.94732334,66.70795354866118,5.239369791338817
2.5,73.59778515,63.77712358814591,9.820661561854095
4.0,36.89716191,65.03319357122388,-28.136031661223875
2.5,62.34302909,63.77712358814591,-1.4340944981459103
9.0,56.12271161,69.22009351481712,-13.09738190481712
4.5,79.12937203,65.4518835655832,13.677488464416797
5.0,56.25019224,65.87057355994253,-9.620381319942531
4.0,79.6996478,65.03319357122388,14.666454228776118
3.0,22.37765548,64.19581358250524,-41.81815810250524
8.0,35.66865835,68.38271352609847,-32.71405517609847
8.0,49.73333109,68.38271352609847,-18.64938243609847
2.0,90.86139784,63.358433593786586,27.50296424621341
1.5,18.66682582,62.93974359942726,-44.27291777942726
1.5,71.40661886,62.93974359942726,8.466875260572735
3.0,89.95541728,64.19581358250524,25.759603697494768
3.0,67.50042545,64.19581358250524,3.3046118674947564
8.0,86.66563258,68.38271352609847,18.282919053901523
6.0,31.25098585,66.70795354866118,-35.45696769866118
3.5,69.86952348,64.61450357686456,5.255019903135434
1.0,17.71649199,62.521053605067934,-44.80456161506793
8.0,89.90649736,68.38271352609847,21.523783833901533
5.5,86.77246275,66.28926355430185,20.48319919569815
1.5,22.51813463,62.93974359942726,-40.42160896942726
1.0,77.00916842,62.521053605067934,14.48811481493206
4.0,98.95719794,65.03319357122388,33.924004368776124
4.0,1.880128952,65.03319357122388,-63.153064619223876
1.5,65.33623547,62.93974359942726,2.3964918705727456
0.5,66.72581086,62.102363610708615,4.623447249291381
2.5,73.99784099,63.77712358814591,10.220717401854088
1.0,28.91092809,62.521053605067934,-33.610125515067935
1.0,28.16230151,62.521053605067934,-34.358752095067935
9.0,33.25924879,69.22009351481712,-35.96084472481712
0.0,91.45626301,61.68367361634929,29.772589393650712
4.0,53.62901996,65.03319357122388,-11.404173611223875
5.5,61.79232599,66.28926355430185,-4.496937564301852
2.0,57.31734359,63.358433593786586,-6.041090003786586
3.0,60.14676618,64.19581358250524,-4.049047402505238
3.5,66.5318241,64.61450357686456,1.9173205231354302
2.5,97.38183879,63.77712358814591,33.60471520185409
10.0,96.48162465,70.05747350353577,26.424151146464226
5.0,90.64452032,65.87057355994253,24.77394676005747
2.0,63.67531538,63.358433593786586,0.3168817862134148
1.5,83.90474553,62.93974359942726,20.96500193057274
1.5,90.99430676,62.93974359942726,28.05456316057274
10.0,83.03210906,70.05747350353577,12.974635556464222
3.0,75.2628239,64.19581358250524,11.067010317494763
2.5,34.21869952,63.77712358814591,-29.55842406814591
2.0,13.16010488,63.358433593786586,-50.19832871378659
3.0,19.12650374,64.19581358250524,-45.069309842505234
8.0,25.21110536,68.38271352609847,-43.171608166098466
0.5,75.83754765,62.102363610708615,13.73518403929139
1.5,40.69839771,62.93974359942726,-22.241345889427258
1.0,30.2601081,62.521053605067934,-32.26094550506794
2.5,35.75781836,63.77712358814591,-28.01930522814591
1.0,75.68396476,62.521053605067934,13.162911154932061
3.5,60.75872902,64.61450357686456,-3.855774556864567
1.0,43.23195674,62.521053605067934,-19.289096865067933
5.0,98.91480641,65.87057355994253,33.04423285005747
3.5,75.68396476,64.61450357686456,11.06946118313543
2.0,93.27889871,63.358433593786586,29.92046511621342
1.5,41.48406277,62.93974359942726,-21.45568082942726
5.0,73.34194564,65.87057355994253,7.471372080057478
1.0,24.19083228,62.521053605067934,-38.33022132506794
6.0,70.7433751,66.70795354866118,4.035421551338814
2.5,24.78306649,63.77712358814591,-38.994057098145916
1.5,47.60096829,62.93974359942726,-15.338775309427263
3.0,65.34488062,64.19581358250524,1.1490670374947598
4.5,93.25646553,65.4518835655832,27.804581964416798
2.0,66.76021312,63.358433593786586,3.401779526213417
0.0,9.585656187,61.68367361634929,-52.09801742934929
0.0,79.92192149,61.68367361634929,18.238247873650714
2.5,82.31303268,63.77712358814591,18.535909091854094
3.0,98.6614814,64.19581358250524,34.46566781749476
3.5,15.41873693,64.61450357686456,-49.19576664686456
6.0,90.17712208,66.70795354866118,23.469168531338823
2.0,61.88431836,63.358433593786586,-1.4741152337865842
2.5,77.39416894,63.77712358814591,13.617045351854088
9.0,34.20904036,69.22009351481712,-35.01105315481712
8.0,98.12484759,68.38271352609847,29.74213406390153
2.5,79.26538475,63.77712358814591,15.488261161854084
4.0,1.995243613,65.03319357122388,-63.03794995822388
6.0,65.59480184,66.70795354866118,-1.113151708661178
5.0,90.98325619,65.87057355994253,25.112682630057478
3.0,96.08586161,64.19581358250524,31.890048027494757
5.0,99.52835072,65.87057355994253,33.65777716005748
0.5,17.74504799,62.102363610708615,-44.35731562070862
2.0,92.55508897,63.358433593786586,29.196655376213414
2.0,16.84718793,63.358433593786586,-46.51124566378658
0.5,33.59273804,62.102363610708615,-28.509625570708614
2.0,99.71576041,63.358433593786586,36.357326816213416
8.0,27.25450767,68.38271352609847,-41.128205856098475
2.5,99.47500235,63.77712358814591,35.697878761854085
5.0,69.87171391,65.87057355994253,4.001140350057469
1.5,84.67610222,62.93974359942726,21.736358620572744
5.0,90.12912265,65.87057355994253,24.25854909005747
1.5,44.35698162,62.93974359942726,-18.58276197942726
5.0,84.24782523,65.87057355994253,18.377251670057476
4.5,96.96674967,65.4518835655832,31.514866104416797
5.5,79.68910751,66.28926355430185,13.399843955698145
1.5,95.7337977,62.93974359942726,32.79405410057274
2.0,95.54589756,63.358433593786586,32.187463966213414
3.0,82.29706707,64.19581358250524,18.10125348749476
1.5,52.12369341,62.93974359942726,-10.816050189427258
3.0,94.00826715,64.19581358250524,29.812453567494757
2.0,78.75181773,63.358433593786586,15.393384136213413
2.5,47.36951916,63.77712358814591,-16.40760442814591
1.5,53.50194471,62.93974359942726,-9.437798889427263
0.5,92.15061128,62.102363610708615,30.048247669291392
1.5,78.66079606,62.93974359942726,15.721052460572736
0.0,72.98083347,61.68367361634929,11.297159853650705
1.0,77.2533497,62.521053605067934,14.732296094932067
10.0,71.17721678,70.05747350353577,1.1197432764642201
2.5,90.08387554,63.77712358814591,26.306751951854082
0.5,96.02199137,62.102363610708615,33.91962775929138
2.0,65.77971428,63.358433593786586,2.4212806862134073
7.0,35.93437682,67.54533353737983,-31.610956717379835
7.0,99.23678122,67.54533353737983,31.691447682620165
0.5,10.17641088,62.102363610708615,-51.925952730708616
1.0,98.59757938,62.521053605067934,36.076525774932065
1.5,90.96310485,62.93974359942726,28.023361250572734
2.0,24.92124987,63.358433593786586,-38.43718372378659
2.0,98.18275445,63.358433593786586,34.82432085621342
6.0,95.32824266,66.70795354866118,28.62028911133882
6.0,86.68831688,66.70795354866118,19.980363331338822
6.0,85.8088971,66.70795354866118,19.100943551338815
2.0,89.74246474,63.358433593786586,26.384031146213417
6.0,83.33327778,66.70795354866118,16.625324231338823
1.5,93.83727087,62.93974359942726,30.897527270572738
7.0,83.71367114,67.54533353737983,16.16833760262017
6.0,97.86592317,66.70795354866118,31.15796962133882
0.0,93.91743913,61.68367361634929,32.23376551365072
0.5,95.01983486,62.102363610708615,32.91747124929139
10.0,3.317083177,70.05747350353577,-66.74039032653577
0.5,50.83565947,62.102363610708615,-11.266704140708612
6.0,3.163642944,66.70795354866118,-63.54431060466118
3.5,89.17579126,64.61450357686456,24.561287683135433
2.5,97.26640213,63.77712358814591,33.48927854185409
6.0,99.38244762,66.70795354866118,32.67449407133881
3.0,62.39033084,64.19581358250524,-1.8054827425052409
0.0,75.73428595,61.68367361634929,14.050612333650712
7.0,33.25918052,67.54533353737983,-34.28615301737983
0.0,44.68713456,61.68367361634929,-16.99653905634929
5.5,32.34534724,66.28926355430185,-33.94391631430185
0.0,93.29839258,61.68367361634929,31.61471896365071
1.0,91.6123508,62.521053605067934,29.091297194932068
3.5,76.73558847,64.61450357686456,12.121084893135432
8.0,0.163056829,68.38271352609847,-68.21965669709847
3.0,97.56644906,64.19581358250524,33.37063547749476
10.0,76.51833401,70.05747350353577,6.460860506464229
4.0,87.52960981,65.03319357122388,22.49641623877612
0.5,96.22518248,62.102363610708615,34.122818869291386
7.0,78.90543718,67.54533353737983,11.360103642620174
8.0,97.64439394,68.38271352609847,29.26168041390153
2.0,81.06271761,63.358433593786586,17.70428401621342
1.5,43.53539984,62.93974359942726,-19.404343759427263
2.0,1.44629387,63.358433593786586,-61.91213972378659
2.5,23.90166614,63.77712358814591,-39.87545744814591
1.5,3.208522211,62.93974359942726,-59.73122138842726
1.5,97.43594291,62.93974359942726,34.496199310572734
8.0,84.80186567,68.38271352609847,16.419152143901528
2.5,65.88575167,63.77712358814591,2.108628081854093
3.0,68.50243505,64.19581358250524,4.3066214674947645
4.0,87.48967496,65.03319357122388,22.456481388776126
1.5,48.88769982,62.93974359942726,-14.052043779427258
10.0,99.74421106,70.05747350353577,29.686737556464223
8.0,37.86086693,68.38271352609847,-30.52184659609847
6.0,73.02521942,66.70795354866118,6.317265871338819
5.5,58.96570164,66.28926355430185,-7.323561914301855
1.0,39.48701713,62.521053605067934,-23.034036475067936
4.0,57.23154694,65.03319357122388,-7.801646631223875
0.0,50.87045271,61.68367361634929,-10.813220906349287
5.5,75.95876528,66.28926355430185,9.66950172569814
2.5,35.5438073,63.77712358814591,-28.233316288145915
5.0,8.872856689,65.87057355994253,-56.997716870942526
0.0,24.69556334,61.68367361634929,-36.98811027634929
4.0,69.87171391,65.03319357122388,4.838520338776121
1.0,40.85216047,62.521053605067934,-21.668893135067933
1.5,67.74230004,62.93974359942726,4.802556440572744
3.5,21.80091321,64.61450357686456,-42.81359036686456
5.0,69.86952348,65.87057355994253,3.99894992005747
1.0,64.41690823,62.521053605067934,1.8958546249320705
3.5,27.97089061,64.61450357686456,-36.643612966864566
3.0,63.85013973,64.19581358250524,-0.34567385250523586
6.0,46.07997675,66.70795354866118,-20.62797679866118
5.0,97.85982407,65.87057355994253,31.989250510057474
1.0,40.65345889,62.521053605067934,-21.86759471506793
7.0,60.47945217,67.54533353737983,-7.065881367379831
10.0,54.74126467,70.05747350353577,-15.316208833535775
0.0,30.69589607,61.68367361634929,-30.98777754634929
7.0,15.02405323,67.54533353737983,-52.52128030737983
5.0,97.45386999,65.87057355994253,31.583296430057473
5.0,99.51599019,65.87057355994253,33.64541663005747
1.0,2.269521881,62.521053605067934,-60.25153172406793
1.0,69.15980796,62.521053605067934,6.638754354932061
0.5,23.65339914,62.102363610708615,-38.44896447070862
10.0,89.41877746,70.05747350353577,19.361303956464226
3.0,97.37935273,64.19581358250524,33.183539147494756
3.5,50.34303343,64.61450357686456,-14.271470146864566
1.0,47.65563766,62.521053605067934,-14.865415945067937
2.0,96.35496723,63.358433593786586,32.996533636213414
7.0,16.88933165,67.54533353737983,-50.65600188737983
4.0,48.38799949,65.03319357122388,-16.645194081223877
3.5,89.0685033,64.61450357686456,24.45399972313544
10.0,98.21567029,70.05747350353577,28.15819678646423
2.0,58.8744133,63.358433593786586,-4.484020293786585
3.0,82.47558462,64.19581358250524,18.27977103749477
2.0,78.58439332,63.358433593786586,15.225959726213418
1.5,43.03984729,62.93974359942726,-19.899896309427263
0.5,42.99301921,62.102363610708615,-19.109344400708615
3.5,97.61424168,64.61450357686456,32.99973810313544
10.0,86.60513691,70.05747350353577,16.547663406464224
5.5,99.3637046,66.28926355430185,33.07444104569815
6.0,74.18674572,66.70795354866118,7.478792171338824
3.0,66.66855079,64.19581358250524,2.4727372074947596
5.0,59.47446449,65.87057355994253,-6.396109069942526
5.0,61.59783783,65.87057355994253,-4.272735729942525
3.5,67.04361636,64.61450357686456,2.4291127831354373
6.0,27.78101262,66.70795354866118,-38.92694092866118
1.0,62.20949468,62.521053605067934,-0.3115589250679349
1.5,79.08474787,62.93974359942726,16.14500427057274
6.0,98.05959768,66.70795354866118,31.351644131338816
5.0,96.85187596,65.87057355994253,30.981302400057473
1.5,98.82685264,62.93974359942726,35.88710904057274
5.0,93.58023398,65.87057355994253,27.709660420057475
2.5,98.16111604,63.77712358814591,34.383992451854084
4.0,92.57640657,65.03319357122388,27.543212998776127
3.0,98.93821918,64.19581358250524,34.742405597494766
0.0,79.55835345,61.68367361634929,17.87467983365071
0.0,95.96310454,61.68367361634929,34.279430923650715
3.0,81.05888628,64.19581358250524,16.863072697494758
7.0,62.73354985,67.54533353737983,-4.81178368737983
10.0,44.68713456,70.05747350353577,-25.370338943535778
6.0,58.87622836,66.70795354866118,-7.831725188661181
0.0,75.23744118,61.68367361634929,13.553767563650716
5.0,65.43917681,65.87057355994253,-0.43139674994252175
0.0,91.02864877,61.68367361634929,29.344975153650715
1.5,70.84066228,62.93974359942726,7.900918680572744
4.0,89.78692125,65.03319357122388,24.75372767877613
1.0,97.62845513,62.521053605067934,35.10740152493207
5.0,98.34548297,65.87057355994253,32.47490941005748
7.0,92.08257981,67.54533353737983,24.537246272620166
1.5,84.65510606,62.93974359942726,21.715362460572734
6.0,99.77508948,66.70795354866118,33.067135931338825
10.0,48.98596485,70.05747350353577,-21.071508653535773
6.0,35.90122522,66.70795354866118,-30.80672832866118
4.0,71.50005362,65.03319357122388,6.466860048776127
1.5,58.8744133,62.93974359942726,-4.065330299427259
10.0,98.31199382,70.05747350353577,28.254520316464223
4.0,57.92472989,65.03319357122388,-7.108463681223874
0.5,98.20009604,62.102363610708615,36.09773242929139
1.5,53.34483232,62.93974359942726,-9.594911279427258
4.0,2.116976511,65.03319357122388,-62.91621706022388
5.0,76.073881,65.87057355994253,10.203307440057472
7.0,77.43171083,67.54533353737983,9.886377292620168
8.0,89.12201202,68.38271352609847,20.73929849390153
3.5,76.25364444,64.61450357686456,11.639140863135438
1.0,47.52350758,62.521053605067934,-14.997546025067933
0.0,88.44469789,61.68367361634929,26.761024273650712
6.0,89.04143096,66.70795354866118,22.33347741133882
1.0,51.76217381,62.521053605067934,-10.758879795067934
1.5,35.74194696,62.93974359942726,-27.19779663942726
3.0,95.33664298,64.19581358250524,31.140829397494755
5.0,70.67451976,65.87057355994253,4.803946200057467
1.0,60.55236073,62.521053605067934,-1.968692875067937
5.0,83.70656699,65.87057355994253,17.83599343005747
1.5,62.64948057,62.93974359942726,-0.29026302942725835
8.0,50.15080785,68.38271352609847,-18.23190567609847
4.0,67.35690955,65.03319357122388,2.3237159787761215
7.0,98.44626292,67.54533353737983,30.900929382620163
5.0,67.38519263,65.87057355994253,1.5146190700574778
6.0,22.1628726,66.70795354866118,-44.54508094866118
2.0,99.07680255,63.358433593786586,35.71836895621341
1.5,63.11263253,62.93974359942726,0.17288893057273924
7.0,88.60699523,67.54533353737983,21.061661692620163
7.0,62.27885472,67.54533353737983,-5.266478817379834
1.0,50.50283383,62.521053605067934,-12.018219775067934
8.0,98.52031356,68.38271352609847,30.137600033901535
1.0,63.97414542,62.521053605067934,1.4530918149320655
0.5,92.88525817,62.102363610708615,30.782894559291385
1.5,59.16177798,62.93974359942726,-3.7779656194272633
4.0,4.324742377,65.03319357122388,-60.708451194223876
5.5,50.77986766,66.28926355430185,-15.509395894301854
4.5,95.92419084,65.4518835655832,30.472307274416792
7.0,35.53356949,67.54533353737983,-32.011764047379835
7.0,98.35296905,67.54533353737983,30.807635512620166
4.0,98.20741258,65.03319357122388,33.17421900877612
0.0,79.52427005,61.68367361634929,17.84059643365071
2.0,98.76435381,63.358433593786586,35.40592021621342
3.0,74.74564032,64.19581358250524,10.549826737494769
3.5,65.22758067,64.61450357686456,0.6130770931354306
3.0,35.93437682,64.19581358250524,-28.26143676250524
5.5,95.11138194,66.28926355430185,28.822118385698147
4.0,54.36795158,65.03319357122388,-10.665241991223873
2.0,80.08049978,63.358433593786586,16.72206618621341
7.0,45.17144028,67.54533353737983,-22.373893257379834
0.5,27.19555899,62.102363610708615,-34.90680462070861
3.0,78.86564821,64.19581358250524,14.669834627494765
4.0,24.2039299,65.03319357122388,-40.82926367122388
7.0,86.02675338,67.54533353737983,18.48141984262017
4.0,6.277747928,65.03319357122388,-58.75544564322388
4.0,80.46197592,65.03319357122388,15.428782348776124
7.0,92.09238408,67.54533353737983,24.54705054262017
2.0,73.74393215,63.358433593786586,10.38549855621342
4.0,78.63912229,65.03319357122388,13.605928718776127
5.5,97.34335901,66.28926355430185,31.054095455698146
7.0,36.46577286,67.54533353737983,-31.07956067737983
0.5,12.52443009,62.102363610708615,-49.57793352070861
4.0,83.83716201,65.03319357122388,18.803968438776124
5.0,75.35975743,65.87057355994253,9.489183870057474
6.0,78.44672535,66.70795354866118,11.738771801338814
9.0,99.65245791,69.22009351481712,30.432364395182873
4.5,96.87222741,65.4518835655832,31.42034384441679
4.0,55.79291405,65.03319357122388,-9.240279521223876
3.5,69.20707098,64.61450357686456,4.592567403135433
10.0,67.33594521,70.05747350353577,-2.721528293535769
3.5,74.94487901,64.61450357686456,10.33037543313543
0.5,92.69214213,62.102363610708615,30.58977851929138
3.5,95.72836219,64.61450357686456,31.113858613135434
5.5,97.80046288,66.28926355430185,31.511199325698144
3.5,96.65456993,64.61450357686456,32.04006635313543
5.0,6.550834406,65.87057355994253,-59.31973915394253
1.5,51.99583271,62.93974359942726,-10.943910889427258
0.0,84.6603164,61.68367361634929,22.97664278365071
3.0,46.07997675,64.19581358250524,-18.115836832505238
4.0,98.93978344,65.03319357122388,33.90658986877612
7.0,66.69323011,67.54533353737983,-0.8521034273798307
0.0,92.37266985,61.68367361634929,30.688996233650705
4.0,86.63687838,65.03319357122388,21.603684808776123
5.0,72.36104809,65.87057355994253,6.490474530057469
3.5,93.99149946,64.61450357686456,29.376995883135436
4.0,98.49023109,65.03319357122388,33.45703751877612
0.5,57.45496513,62.102363610708615,-4.647398480708617
3.0,61.87699019,64.19581358250524,-2.3188233925052373
4.0,0.06525907,65.03319357122388,-64.96793450122388
2.0,22.26134965,63.358433593786586,-41.097083943786586
3.0,52.22408981,64.19581358250524,-11.971723772505236
3.0,52.55947074,64.19581358250524,-11.636342842505236
5.0,89.07168971,65.87057355994253,23.201116150057473
5.5,75.37896399,66.28926355430185,9.089700435698148
2.5,47.24873407,63.77712358814591,-16.528389518145914
3.0,44.31252997,64.19581358250524,-19.883283612505238
5.0,16.73999365,65.87057355994253,-49.130579909942526
1.5,78.10688836,62.93974359942726,15.16714476057274
7.0,64.16336237,67.54533353737983,-3.381971167379831
1.0,74.10960037,62.521053605067934,11.588546764932062
5.0,24.58192661,65.87057355994253,-41.28864694994253
4.0,96.72530291,65.03319357122388,31.69210933877612
3.5,65.65602309,64.61450357686456,1.0415195131354409
1.0,87.58455437,62.521053605067934,25.063500764932073
7.0,88.25238692,67.54533353737983,20.707053382620174
5.0,95.9884834,65.87057355994253,30.11790984005748
5.5,36.89716191,66.28926355430185,-29.392101644301853
6.0,94.54022686,66.70795354866118,27.832273311338824
6.0,94.33475406,66.70795354866118,27.626800511338814
5.0,98.52483288,65.87057355994253,32.65425932005748
5.5,6.832610709,66.28926355430185,-59.45665284530185
5.0,30.82641153,65.87057355994253,-35.04416202994253
7.0,26.01707526,67.54533353737983,-41.528258277379834
3.0,0.723429543,64.19581358250524,-63.472384039505236
6.0,56.12393568,66.70795354866118,-10.584017868661178
8.0,25.61350428,68.38271352609847,-42.76920924609847
3.0,50.34303343,64.19581358250524,-13.85278015250524
5.0,92.28868872,65.87057355994253,26.418115160057468
0.0,62.4058637,61.68367361634929,0.7221900836507089
9.0,75.11573491,69.22009351481712,5.895641395182878
6.0,81.49793966,66.70795354866118,14.78998611133882
0.0,59.76694736,61.68367361634929,-1.9167262563492855
5.0,67.25314564,65.87057355994253,1.3825720800574715
3.0,45.04484265,64.19581358250524,-19.15097093250524
4.0,61.11298954,65.03319357122388,-3.920204031223875
8.0,99.01615623,68.38271352609847,30.633442703901537
3.0,91.21895864,64.19581358250524,27.02314505749476
8.0,55.96980611,68.38271352609847,-12.41290741609847
6.0,99.02759496,66.70795354866118,32.31964141133882
1.0,88.37481573,62.521053605067934,25.85376212493206
9.0,97.76952093,69.22009351481712,28.549427415182876
8.0,85.01319145,68.38271352609847,16.630477923901523
3.0,48.60810523,64.19581358250524,-15.587708352505238
2.5,77.69452247,63.77712358814591,13.917398881854083
5.0,66.62027906,65.87057355994253,0.7497055000574733
6.0,97.64270358,66.70795354866118,30.934750031338822
3.0,7.303658063,64.19581358250524,-56.89215551950524
0.5,50.94605541,62.102363610708615,-11.156308200708615
1.0,88.25294834,62.521053605067934,25.73189473493207
5.0,54.36682368,65.87057355994253,-11.503749879942525
5.0,77.20364961,65.87057355994253,11.333076050057471
0.0,68.83070878,61.68367361634929,7.147035163650706
4.0,87.82188585,65.03319357122388,22.788692278776125
7.0,94.72887813,67.54533353737983,27.183544592620166
5.0,98.35326325,65.87057355994253,32.48268969005747
5.0,56.52032716,65.87057355994253,-9.350246399942527
0.5,86.95492749,62.102363610708615,24.852563879291388
4.0,27.59648909,65.03319357122388,-37.43670448122388
5.0,3.163642944,65.87057355994253,-62.706930615942525
3.0,99.61298682,64.19581358250524,35.417173237494765
0.5,98.14634052,62.102363610708615,36.04397690929138
0.0,99.32553638,61.68367361634929,37.641862763650714
6.0,81.05888628,66.70795354866118,14.350932731338816
4.5,34.13848859,65.4518835655832,-31.3133949755832
0.0,99.28127403,61.68367361634929,37.59760041365072
6.0,72.17401343,66.70795354866118,5.466059881338822
0.0,66.08178759,61.68367361634929,4.398113973650716
1.0,92.80500857,62.521053605067934,30.283954964932065
4.0,26.67157309,65.03319357122388,-38.36162048122388
5.0,88.31735786,65.87057355994253,22.446784300057473
8.0,90.62652344,68.38271352609847,22.24380991390153
5.0,55.80107617,65.87057355994253,-10.069497389942526
0.0,83.93195549,61.68367361634929,22.24828187365072
5.0,99.39049607,65.87057355994253,33.51992251005747
7.0,99.00522949,67.54533353737983,31.459895952620172
6.0,75.20878218,66.70795354866118,8.50082863133882
2.0,96.29686182,63.358433593786586,32.93842822621342
1.0,99.8297877,62.521053605067934,37.30873409493206
4.0,87.06574738,65.03319357122388,22.03255380877613
5.0,97.44866502,65.87057355994253,31.57809146005748
8.0,97.00895577,68.38271352609847,28.62624224390153
0.0,6.549892023,61.68367361634929,-55.13378159334929
5.0,25.58698142,65.87057355994253,-40.28359213994253
7.0,33.0342922,67.54533353737983,-34.51104133737983
7.0,14.02708141,67.54533353737983,-53.51825212737983
5.0,94.86641154,65.87057355994253,28.995837980057473
6.0,24.54883797,66.70795354866118,-42.15911557866118
1.5,81.88567938,62.93974359942726,18.94593578057274
0.0,84.98825256,61.68367361634929,23.304578943650718
0.5,13.37560078,62.102363610708615,-48.726762830708616
5.0,36.89716191,65.87057355994253,-28.973411649942527
1.0,57.49278889,62.521053605067934,-5.028264715067934
8.0,98.57936097,68.38271352609847,30.196647443901526
1.5,56.63244189,62.93974359942726,-6.307301709427257
3.0,63.79345154,64.19581358250524,-0.40236204250523855
1.0,50.92663349,62.521053605067934,-11.594420115067933
0.0,48.23109301,61.68367361634929,-13.452580606349287
2.5,58.10402513,63.77712358814591,-5.673098458145915
4.0,89.69969835,65.03319357122388,24.66650477877613
2.0,15.87988322,63.358433593786586,-47.47855037378659
6.0,47.22319469,66.70795354866118,-19.48475885866118
1.0,67.85584641,62.521053605067934,5.334792804932064
4.0,25.66497134,65.03319357122388,-39.368222231223875
4.0,73.59778515,65.03319357122388,8.564591578776131
2.5,43.5483394,63.77712358814591,-20.22878418814591
3.0,44.83146804,64.19581358250524,-19.36434554250524
2.5,41.16151426,63.77712358814591,-22.615609328145915
6.0,44.92105057,66.70795354866118,-21.786902978661182
6.0,42.79220671,66.70795354866118,-23.91574683866118
4.0,91.85340256,65.03319357122388,26.82020898877613
0.0,71.40661886,61.68367361634929,9.722945243650706
3.0,89.69969835,64.19581358250524,25.503884767494768
6.0,47.57670396,66.70795354866118,-19.131249588661177
4.0,75.95876528,65.03319357122388,10.925571708776118
1.0,15.98973041,62.521053605067934,-46.531323195067934
2.0,19.42938001,63.358433593786586,-43.92905358378658
2.0,31.07256054,63.358433593786586,-32.28587305378659
1.0,35.48942561,62.521053605067934,-27.031627995067936
4.0,74.72220037,65.03319357122388,9.68900679877612
2.0,82.40076803,63.358433593786586,19.04233443621341
6.0,44.42268346,66.70795354866118,-22.28527008866118
1.0,26.01707526,62.521053605067934,-36.503978345067935
4.0,89.73469411,65.03319357122388,24.70150053877613
0.0,56.12875598,61.68367361634929,-5.554917636349288
0.0,9.60866394,61.68367361634929,-52.07500967634929
5.0,87.16521278,65.87057355994253,21.294639220057476
1.5,44.29519256,62.93974359942726,-18.644551039427263
8.0,84.80186567,68.38271352609847,16.419152143901528
6.0,71.98123934,66.70795354866118,5.273285791338822
2.5,96.23617059,63.77712358814591,32.45904700185409
3.0,7.990342823,64.19581358250524,-56.20547075950524
1.0,57.90305435,62.521053605067934,-4.617999255067936
8.0,77.74149951,68.38271352609847,9.358785983901527
2.0,84.24782523,63.358433593786586,20.889391636213418
1.5,87.88705497,62.93974359942726,24.947311370572734
4.0,63.80400179,65.03319357122388,-1.229191781223875
2.0,83.06926617,63.358433593786586,19.71083257621342
5.0,18.96353487,65.87057355994253,-46.907038689942524
0.0,80.58920192,61.68367361634929,18.905528303650705
1.0,64.15249188,62.521053605067934,1.6314382749320657
5.0,42.90537454,65.87057355994253,-22.96519901994253
3.5,3.021993421,64.61450357686456,-61.59251015586457
3.0,53.24794021,64.19581358250524,-10.947873372505235
8.0,38.13469566,68.38271352609847,-30.248017866098472
4.0,73.30661232,65.03319357122388,8.273418748776123
5.0,34.13848859,65.87057355994253,-31.732084969942527
8.0,36.77205694,68.38271352609847,-31.61065658609847
8.0,84.98900652,68.38271352609847,16.606292993901533
2.0,30.69589607,63.358433593786586,-32.66253752378658
5.0,80.50659742,65.87057355994253,14.636023860057477
4.0,27.97089061,65.03319357122388,-37.06230296122388
1.5,46.75078327,62.93974359942726,-16.18896032942726
3.0,18.12467121,64.19581358250524,-46.071142372505236
4.0,90.14559912,65.03319357122388,25.112405548776124
5.5,40.07525181,66.28926355430185,-26.214011744301857
7.0,54.63077194,67.54533353737983,-12.91456159737983
5.0,40.5504485,65.87057355994253,-25.320125059942526
4.0,21.5848941,65.03319357122388,-43.448299471223876
5.0,29.93458107,65.87057355994253,-35.93599248994253
3.5,37.68315042,64.61450357686456,-26.931353156864567
6.0,52.96298965,66.70795354866118,-13.744963898661183
5.5,64.47468905,66.28926355430185,-1.8145745043018593
0.5,40.85216047,62.102363610708615,-21.250203140708614
2.5,28.59861823,63.77712358814591,-35.17850535814591
0.0,24.60515146,61.68367361634929,-37.078522156349294
3.5,90.38448819,64.61450357686456,25.769984613135435
4.0,87.48054788,65.03319357122388,22.447354308776127
4.0,35.04876286,65.03319357122388,-29.98443071122388
0.5,65.43024833,62.102363610708615,3.327884719291383
2.5,25.53869483,63.77712358814591,-38.238428758145915
6.0,79.30626093,66.70795354866118,12.598307381338813
5.0,29.36620695,65.87057355994253,-36.50436660994253
2.0,90.64452032,63.358433593786586,27.286086726213412
1.0,17.21244391,62.521053605067934,-45.30860969506793
8.0,70.48463174,68.38271352609847,2.101918213901527
6.0,94.44535475,66.70795354866118,27.737401201338827
7.0,77.03242539,67.54533353737983,9.487091852620168
7.0,8.449771666,67.54533353737983,-59.09556187137983
7.0,81.88920139,67.54533353737983,14.343867852620164
5.0,90.51954947,65.87057355994253,24.648975910057473
4.0,28.26930783,65.03319357122388,-36.76388574122387
4.0,52.69557073,65.03319357122388,-12.337622841223876
5.0,63.48927185,65.87057355994253,-2.3813017099425267
7.0,81.34442212,67.54533353737983,13.799088582620172
3.0,10.55214112,64.19581358250524,-53.643672462505236
7.0,57.63778505,67.54533353737983,-9.907548487379835
5.0,14.02708141,65.87057355994253,-51.84349214994253
3.5,6.813762243,64.61450357686456,-57.800741333864565
10.0,44.90069615,70.05747350353577,-25.156777353535773
10.0,92.7316793,70.05747350353577,22.67420579646422
6.0,98.541742,66.70795354866118,31.83378845133882
5.0,78.81888198,65.87057355994253,12.948308420057472
9.0,63.50973543,69.22009351481712,-5.710358084817123
0.0,2.286363367,61.68367361634929,-59.39731024934929
4.5,29.22517342,65.4518835655832,-36.2267101455832
5.0,95.54046817,65.87057355994253,29.66989461005747
10.0,76.99220572,70.05747350353577,6.934732216464226
7.0,27.00314433,67.54533353737983,-40.542189207379835
1.0,67.76375332,62.521053605067934,5.242699714932073
3.5,89.41503623,64.61450357686456,24.800532653135434
1.5,75.92774157,62.93974359942726,12.987997970572735
10.0,91.47557042,70.05747350353577,21.418096916464222
10.0,99.70523543,70.05747350353577,29.647761926464227
7.0,54.04791735,67.54533353737983,-13.497416187379834
3.0,98.62043053,64.19581358250524,34.424616947494755
6.0,91.24809692,66.70795354866118,24.540143371338814
3.0,97.21392691,64.19581358250524,33.01811332749476
10.0,98.60776394,70.05747350353577,28.550290436464223
2.5,16.19086775,63.77712358814591,-47.58625583814592
9.0,69.92252375,69.22009351481712,0.7024302351828737
4.5,97.68265735,65.4518835655832,32.2307737844168
3.5,98.54569735,64.61450357686456,33.93119377313543
1.5,47.68592505,62.93974359942726,-15.253818549427258
3.5,53.55741993,64.61450357686456,-11.057083646864562
3.0,83.38854727,64.19581358250524,19.192733687494766
4.0,93.77170127,65.03319357122388,28.738507698776118
8.0,47.7153177,68.38271352609847,-20.66739582609847
5.0,81.96841613,65.87057355994253,16.097842570057466
2.0,55.87052367,63.358433593786586,-7.487909923786589
6.0,15.38208801,66.70795354866118,-51.325865538661176
2.0,92.21898657,63.358433593786586,28.860552976213413
3.0,87.46561902,64.19581358250524,23.269805437494767
6.0,93.42294073,66.70795354866118,26.714987181338813
10.0,90.49868957,70.05747350353577,20.44121606646422
9.0,67.69790814,69.22009351481712,-1.522185374817127
2.5,79.52653902,63.77712358814591,15.74941543185409
5.0,93.79838032,65.87057355994253,27.92780676005748
10.0,41.16525053,70.05747350353577,-28.892222973535773
8.0,73.71563971,68.38271352609847,5.3329261839015345
3.5,94.06597749,64.61450357686456,29.45147391313543
1.0,96.57697985,62.521053605067934,34.05592624493207
4.0,71.48793047,65.03319357122388,6.454736898776119
4.5,29.60026154,65.4518835655832,-35.8516220255832
5.5,74.42424318,66.28926355430185,8.13497962569815
5.5,97.99123969,66.28926355430185,31.701976135698146
5.5,67.40138889,66.28926355430185,1.1121253356981526
8.0,32.35454194,68.38271352609847,-36.02817158609847
5.0,34.47387616,65.87057355994253,-31.396697399942525
6.0,66.71134102,66.70795354866118,0.003387471338825776
6.0,25.58313701,66.70795354866118,-41.12481653866118
3.5,97.16639571,64.61450357686456,32.55189213313544
3.0,87.55713913,64.19581358250524,23.361325547494758
3.0,96.82674473,64.19581358250524,32.63093114749476
4.0,88.76931227,65.03319357122388,23.736118698776124
8.0,27.90530303,68.38271352609847,-40.47741049609847
2.5,18.94191976,63.77712358814591,-44.83520382814591
3.5,99.36422152,64.61450357686456,34.74971794313544
6.0,18.69230858,66.70795354866118,-48.01564496866118
0.5,97.76966685,62.102363610708615,35.66730323929138
5.5,29.3303229,66.28926355430185,-36.958940654301855
2.0,45.93869755,63.358433593786586,-17.419736043786585
3.0,91.74685066,64.19581358250524,27.55103707749477
5.5,63.48927185,66.28926355430185,-2.7999917043018527
5.0,99.299729,65.87057355994253,33.42915544005747
4.5,40.55138048,65.4518835655832,-24.900503085583203
4.0,92.25376141,65.03319357122388,27.22056783877612
3.0,72.40481299,64.19581358250524,8.208999407494758
9.0,50.11612649,69.22009351481712,-19.103967024817123
7.0,64.31423808,67.54533353737983,-3.231095457379837
4.0,66.25080662,65.03319357122388,1.2176130487761299
7.0,56.0328903,67.54533353737983,-11.512443237379834
5.0,62.95970228,65.87057355994253,-2.9108712799425263
2.0,52.55947074,63.358433593786586,-10.798962853786584
2.0,39.52546742,63.358433593786586,-23.832966173786588
7.0,97.78816234,67.54533353737983,30.242828802620167
8.0,40.12824976,68.38271352609847,-28.254463766098468
4.5,95.9501042,65.4518835655832,30.498220634416796
3.5,41.48406277,64.61450357686456,-23.130440806864563
3.5,90.16098873,64.61450357686456,25.546485153135436
3.5,95.14362569,64.61450357686456,30.52912211313543
0.5,46.66948125,62.102363610708615,-15.432882360708618
6.0,98.78881167,66.70795354866118,32.08085812133882
1.5,72.54487901,62.93974359942726,9.605135410572743
3.5,62.34302909,64.61450357686456,-2.2714744868645624
6.0,45.87527465,66.70795354866118,-20.83267889866118
2.0,56.12875598,63.358433593786586,-7.229677613786585
5.5,95.98200475,66.28926355430185,29.692741195698147
2.5,87.26940456,63.77712358814591,23.492280971854086
9.0,28.26930783,69.22009351481712,-40.95078568481712
9.0,96.07347424,69.22009351481712,26.853380725182873
4.0,54.04791735,65.03319357122388,-10.985276221223877
0.5,86.63687838,62.102363610708615,24.534514769291384
2.0,76.03563955,63.358433593786586,12.677205956213413
6.0,88.02616032,66.70795354866118,21.318206771338822
5.0,76.81101667,65.87057355994253,10.940443110057473
7.0,97.57620271,67.54533353737983,30.03086917262017
4.0,7.681675564,65.03319357122388,-57.35151800722387
2.0,30.05030535,63.358433593786586,-33.308128243786584
0.5,27.48917336,62.102363610708615,-34.61319025070861
5.0,55.2253558,65.87057355994253,-10.645217759942526
7.0,67.48018081,67.54533353737983,-0.06515272737983935
6.0,75.39423481,66.70795354866118,8.68628126133882
3.0,92.61569365,64.19581358250524,28.41988006749476
2.0,97.30692853,63.358433593786586,33.94849493621341
4.0,41.29710255,65.03319357122388,-23.736091021223878
2.5,86.3768893,63.77712358814591,22.59976571185409
9.0,90.51467987,69.22009351481712,21.294586355182872
4.5,61.00492226,65.4518835655832,-4.446961305583201
4.0,81.98085734,65.03319357122388,16.947663768776124
5.0,86.48349966,65.87057355994253,20.61292610005748
3.0,94.01746926,64.19581358250524,29.82165567749476
2.5,96.82674473,63.77712358814591,33.04962114185409
4.0,58.53747904,65.03319357122388,-6.495714531223875
3.0,89.59371679,64.19581358250524,25.397903207494764
6.0,78.81888198,66.70795354866118,12.11092843133882
5.0,99.11493832,65.87057355994253,33.244364760057465
3.0,23.38379549,64.19581358250524,-40.81201809250524
3.0,20.75227445,64.19581358250524,-43.44353913250524
5.0,98.60574303,65.87057355994253,32.73516947005747
8.0,70.67451976,68.38271352609847,2.291806233901525
2.0,71.27637135,63.358433593786586,7.917937756213419
4.5,75.41427172,65.4518835655832,9.9623881544168
7.0,4.627047922,67.54533353737983,-62.91828561537983
5.0,39.15407437,65.87057355994253,-26.71649918994253
2.5,82.19258456,63.77712358814591,18.41546097185409
3.5,8.11060957,64.61450357686456,-56.50389400686456
9.0,92.64886231,69.22009351481712,23.428768795182876
9.0,97.9086358,69.22009351481712,28.688542285182876
3.0,7.841710514,64.19581358250524,-56.35410306850524
1.0,99.18115262,62.521053605067934,36.66009901493207
7.0,48.80118201,67.54533353737983,-18.744151527379834
7.0,74.77496983,67.54533353737983,7.229636292620171
1.5,81.09092045,62.93974359942726,18.15117685057274
8.0,97.54438547,68.38271352609847,29.161671943901524
2.0,88.52876429,63.358433593786586,25.170330696213412
5.0,92.49213082,65.87057355994253,26.62155726005747
2.5,60.7517877,63.77712358814591,-3.0253358881459107
5.0,86.28807602,65.87057355994253,20.417502460057477
4.0,67.24002801,65.03319357122388,2.206834438776127
4.0,94.42898259,65.03319357122388,29.395789018776128
5.5,70.54981067,66.28926355430185,4.260547115698145
1.0,83.09080929,62.521053605067934,20.569755684932062
2.0,14.85540624,63.358433593786586,-48.503027353786585
7.0,57.52992298,67.54533353737983,-10.01541055737983
0.0,35.83926384,61.68367361634929,-25.844409776349288
3.0,89.65849187,64.19581358250524,25.462678287494768
1.0,90.83184734,62.521053605067934,28.310793734932062
3.5,92.48084439,64.61450357686456,27.866340813135437
2.0,47.13837771,63.358433593786586,-16.220055883786586
4.0,87.2995446,65.03319357122388,22.26635102877613
7.0,35.49579446,67.54533353737983,-32.04953907737983
0.5,95.87732663,62.102363610708615,33.774963019291384
3.0,93.65518174,64.19581358250524,29.459368157494765
3.0,38.60495566,64.19581358250524,-25.590857922505236
4.0,53.97209878,65.03319357122388,-11.061094791223873
9.0,6.456082686,69.22009351481712,-62.76401082881712
10.0,62.19393818,70.05747350353577,-7.863535323535771
5.0,89.34879347,65.87057355994253,23.478219910057476
3.0,95.37037505,64.19581358250524,31.17456146749477
5.0,6.480710021,65.87057355994253,-59.38986353894253
3.0,86.04575277,64.19581358250524,21.84993918749477
9.0,64.69803714,69.22009351481712,-4.522056374817126
6.0,85.38922129,66.70795354866118,18.681267741338814
1.5,18.56271072,62.93974359942726,-44.37703287942726
1.5,96.21949411,62.93974359942726,33.27975051057274
4.0,42.63682854,65.03319357122388,-22.396365031223873
1.5,95.99717532,62.93974359942726,33.05743172057274
8.0,41.48406277,68.38271352609847,-26.89865075609847
7.0,89.22539268,67.54533353737983,21.680059142620166
7.0,67.16680562,67.54533353737983,-0.3785279173798273
8.0,80.60732158,68.38271352609847,12.224608053901534
4.0,85.25076927,65.03319357122388,20.21757569877613
2.0,96.67984857,63.358433593786586,33.32141497621342
2.5,70.88675003,63.77712358814591,7.10962644185409
6.0,60.08541031,66.70795354866118,-6.62254323866118
4.0,41.49272193,65.03319357122388,-23.540471641223874
1.0,81.5523064,62.521053605067934,19.031252794932072
7.0,99.09294248,67.54533353737983,31.547608942620172
8.0,92.41928342,68.38271352609847,24.03656989390153
5.0,9.166422739,65.87057355994253,-56.70415082094253
5.5,75.38267157,66.28926355430185,9.093408015698145
5.0,92.0955763,65.87057355994253,26.225002740057477
4.5,35.43738756,65.4518835655832,-30.014496005583204
1.0,78.13156862,62.521053605067934,15.610515014932062
8.0,77.86602504,68.38271352609847,9.483311513901526
9.0,82.96083327,69.22009351481712,13.740739755182872
5.0,82.39128986,65.87057355994253,16.520716300057472
5.0,55.49169732,65.87057355994253,-10.378876239942528
6.0,79.91759064,66.70795354866118,13.20963709133882
10.0,85.47640925,70.05747350353577,15.418935746464228
9.0,99.10952489,69.22009351481712,29.88943137518288
2.0,37.69752711,63.358433593786586,-25.660906483786583
3.0,98.75115036,64.19581358250524,34.55533677749476
10.0,64.26150224,70.05747350353577,-5.795971263535776
4.0,30.2601081,65.03319357122388,-34.77308547122388
8.0,65.58263372,68.38271352609847,-2.8000798060984664
7.0,85.38922129,67.54533353737983,17.843887752620162
5.0,98.13004196,65.87057355994253,32.25946840005747
0.0,26.14959455,61.68367361634929,-35.53407906634929
7.0,89.22539268,67.54533353737983,21.680059142620166
10.0,75.68396476,70.05747350353577,5.62649125646422
5.0,95.42042524,65.87057355994253,29.549851680057472
9.0,83.06926617,69.22009351481712,13.849172655182883
4.0,80.10061405,65.03319357122388,15.067420478776128
1.5,86.21712684,62.93974359942726,23.277383240572746
5.0,30.82641153,65.87057355994253,-35.04416202994253
4.0,95.74665373,65.03319357122388,30.71346015877613
9.0,92.39337265,69.22009351481712,23.17327913518288
4.0,33.25918052,65.03319357122388,-31.774013051223875
0.5,95.41758153,62.102363610708615,33.31521791929139
5.0,96.70666463,65.87057355994253,30.836091070057478
5.0,98.86253946,65.87057355994253,32.991965900057465
5.0,81.25482362,65.87057355994253,15.384250060057468
6.0,84.71523724,66.70795354866118,18.007283691338813
7.0,98.44293573,67.54533353737983,30.89760219262017
3.5,96.72304434,64.61450357686456,32.10854076313544
3.0,58.18521241,64.19581358250524,-6.01060117250524
5.5,58.167767,66.28926355430185,-8.121496554301856
8.0,83.38004367,68.38271352609847,14.997330143901536
1.0,68.89675458,62.521053605067934,6.375700974932073
6.0,89.05760213,66.70795354866118,22.349648581338826
9.0,97.57939704,69.22009351481712,28.35930352518288
7.0,20.56534845,67.54533353737983,-46.97998508737983
3.0,98.6614814,64.19581358250524,34.46566781749476
9.0,41.22700408,69.22009351481712,-27.993089434817122
5.0,96.12554764,65.87057355994253,30.254974080057465
3.5,36.20974188,64.61450357686456,-28.40476169686456
3.5,83.39097678,64.61450357686456,18.77647320313544
3.5,60.75872902,64.61450357686456,-3.855774556864567
2.5,19.7637692,63.77712358814591,-44.01335438814591
3.0,31.73092703,64.19581358250524,-32.464886552505234
5.0,52.12121908,65.87057355994253,-13.749354479942525
6.0,23.68951218,66.70795354866118,-43.01844136866118
4.0,39.83290293,65.03319357122388,-25.200290641223873
10.0,17.33603611,70.05747350353577,-52.72143739353578
5.0,14.0495833,65.87057355994253,-51.820990259942526
1.0,92.76606871,62.521053605067934,30.245015104932065
9.0,31.08786145,69.22009351481712,-38.132232064817124
0.0,68.46914024,61.68367361634929,6.785466623650713
5.0,22.66659312,65.87057355994253,-43.20398043994253
4.0,48.66934789,65.03319357122388,-16.36384568122388
5.5,86.05632028,66.28926355430185,19.76705672569814
5.0,97.92431986,65.87057355994253,32.05374630005747
5.5,24.7571985,66.28926355430185,-41.53206505430185
9.0,54.04791735,69.22009351481712,-15.172176164817124
7.0,59.02079621,67.54533353737983,-8.524537327379832
7.0,65.30556353,67.54533353737983,-2.239770007379832
8.0,94.8054205,68.38271352609847,26.422706973901526
3.5,89.1085597,64.61450357686456,24.494056123135437
6.0,61.05151517,66.70795354866118,-5.6564383786611785
5.0,99.38690541,65.87057355994253,33.51633185005747
10.0,99.45075432,70.05747350353577,29.393280816464227
2.0,72.03344585,63.358433593786586,8.67501225621342
7.0,16.31431911,67.54533353737983,-51.23101442737983
10.0,92.68923451,70.05747350353577,22.63176100646423
4.0,21.39839945,65.03319357122388,-43.63479412122388
9.0,14.85540624,69.22009351481712,-54.36468727481712
5.0,81.37544358,65.87057355994253,15.504870020057467
5.5,70.67451976,66.28926355430185,4.385256205698141
7.0,50.27447135,67.54533353737983,-17.270862187379834
1.5,48.32468565,62.93974359942726,-14.61505794942726
8.0,99.31510649,68.38271352609847,30.932392963901535
3.5,51.77995186,64.61450357686456,-12.834551716864567
5.5,96.42850179,66.28926355430185,30.139238235698144
6.0,92.26251615,66.70795354866118,25.554562601338816
8.0,97.37142218,68.38271352609847,28.988708653901526
0.0,38.13969216,61.68367361634929,-23.543981456349286
1.5,99.24097743,62.93974359942726,36.30123383057274
3.5,22.00897479,64.61450357686456,-42.60552878686457
5.0,96.58902022,65.87057355994253,30.718446660057467
6.0,51.62074,66.70795354866118,-15.087213548661182
0.5,38.18531901,62.102363610708615,-23.917044600708614
6.0,89.08334673,66.70795354866118,22.375393181338822
4.0,84.28101485,65.03319357122388,19.24782127877613
3.0,33.3792411,64.19581358250524,-30.816572482505237
0.0,77.17514356,61.68367361634929,15.491469943650706
4.5,96.39064078,65.4518835655832,30.938757214416796
10.0,51.80247465,70.05747350353577,-18.254998853535774
6.0,77.04936127,66.70795354866118,10.341407721338825
6.0,38.42613501,66.70795354866118,-28.281818538661177
7.0,99.2317954,67.54533353737983,31.686461862620163
5.0,60.51961267,65.87057355994253,-5.350960889942527
2.0,30.33526448,63.358433593786586,-33.02316911378659
0.5,63.62393402,62.102363610708615,1.5215704092913853
6.0,18.46336599,66.70795354866118,-48.24458755866118
10.0,92.95131637,70.05747350353577,22.893842866464226
7.0,98.12632662,67.54533353737983,30.580993082620168
1.0,85.59734476,62.521053605067934,23.076291154932065
4.0,54.236927,65.03319357122388,-10.796266571223875
3.0,74.79862377,64.19581358250524,10.602810187494768
1.5,84.79922772,62.93974359942726,21.859484120572745
10.0,67.50042545,70.05747350353577,-2.5570480535357802
0.0,40.06845332,61.68367361634929,-21.615220296349285
0.0,68.45822829,61.68367361634929,6.774554673650705
4.0,37.9713165,65.03319357122388,-27.061877071223876
4.0,79.92192149,65.03319357122388,14.888727918776127
3.0,60.52327398,64.19581358250524,-3.672539602505239
0.5,60.51961267,62.102363610708615,-1.582750940708614
8.0,20.56260973,68.38271352609847,-47.82010379609847
3.0,62.27885472,64.19581358250524,-1.9169588625052398
2.0,73.34615457,63.358433593786586,9.98772097621341
8.0,93.21219504,68.38271352609847,24.829481513901527
4.0,73.97695278,65.03319357122388,8.943759208776129
1.0,43.19281437,62.521053605067934,-19.328239235067933
2.5,35.04876286,63.77712358814591,-28.728360728145915
0.5,34.78983709,62.102363610708615,-27.312526520708616
8.0,84.45708051,68.38271352609847,16.074366983901527
1.0,61.0178051,62.521053605067934,-1.503248505067937
3.5,73.30661232,64.61450357686456,8.692108743135435
4.0,70.18223825,65.03319357122388,5.1490446787761215
2.5,59.01721944,63.77712358814591,-4.759904148145914
6.0,81.63658484,66.70795354866118,14.928631291338817
4.0,15.03602511,65.03319357122388,-49.99716846122388
5.0,60.40220895,65.87057355994253,-5.468364609942526
5.5,13.16010488,66.28926355430185,-53.129158674301856
7.0,14.88322354,67.54533353737983,-52.66210999737983
1.0,47.13837771,62.521053605067934,-15.382675895067933
4.0,38.28666864,65.03319357122388,-26.746524931223874
0.5,1.2e-05,62.102363610708615,-62.10235161070862
0.5,83.00518796,62.102363610708615,20.902824349291386
5.0,96.0698293,65.87057355994253,30.199255740057467
10.0,34.47387616,70.05747350353577,-35.58359734353577
5.0,86.28807602,65.87057355994253,20.417502460057477
1.5,74.45590053,62.93974359942726,11.516156930572734
4.5,86.02675338,65.4518835655832,20.5748698144168
0.5,71.88874208,62.102363610708615,9.786378469291385
2.5,82.25847651,63.77712358814591,18.481352921854082
0.5,23.27938498,62.102363610708615,-38.82297863070862
10.0,56.70641945,70.05747350353577,-13.351054053535776
0.0,19.12650374,61.68367361634929,-42.55716987634929
2.0,79.988968,63.358433593786586,16.630534406213414
0.0,98.66378419,61.68367361634929,36.98011057365071
1.0,61.46573111,62.521053605067934,-1.0553224950679336
1.0,23.65339914,62.521053605067934,-38.86765446506793
3.0,42.12549278,64.19581358250524,-22.070320802505236
4.0,58.2330153,65.03319357122388,-6.800178271223878
1.0,31.37615111,62.521053605067934,-31.144902495067935
5.0,74.42424318,65.87057355994253,8.553669620057477
1.0,75.42432038,62.521053605067934,12.903266774932064
2.0,5.304662433,63.358433593786586,-58.05377116078659
0.5,19.12650374,62.102363610708615,-42.97585987070862
0.5,96.13778319,62.102363610708615,34.03541957929138
1.5,63.43400792,62.93974359942726,0.4942643205727393
3.0,74.43648056,64.19581358250524,10.240666977494769
1.0,68.83070878,62.521053605067934,6.309655174932061
0.0,66.62027906,61.68367361634929,4.936605443650713
0.0,79.33060522,61.68367361634929,17.646931603650707
0.5,77.37484117,62.102363610708615,15.272477559291382
2.5,66.4459773,63.77712358814591,2.6688537118540836
1.0,43.26413848,62.521053605067934,-19.256915125067934
4.0,3.181100063,65.03319357122388,-61.852093508223874
0.5,19.47297454,62.102363610708615,-42.62938907070861
1.0,7.731494319,62.521053605067934,-54.789559286067934
0.5,64.73433168,62.102363610708615,2.631968069291382
2.5,39.39239835,63.77712358814591,-24.38472523814591
1.0,36.41834536,62.521053605067934,-26.10270824506793
3.0,44.74611168,64.19581358250524,-19.44970190250524
1.0,48.2108669,62.521053605067934,-14.310186705067935
0.0,4.510289773,61.68367361634929,-57.173383843349285
0.0,90.27931362,61.68367361634929,28.595640003650708
0.5,29.93458107,62.102363610708615,-32.167782540708615
1.0,40.07525181,62.521053605067934,-22.445801795067936
3.0,86.58677976,64.19581358250524,22.39096617749476
1.5,65.37396489,62.93974359942726,2.4342212905727365
1.5,76.3857129,62.93974359942726,13.445969300572742
3.5,9.023939741,64.61450357686456,-55.590563835864565
2.0,9.128909438,63.358433593786586,-54.229524155786585
2.5,48.32468565,63.77712358814591,-15.452437938145913
1.0,78.81888198,62.521053605067934,16.297828374932067
4.0,54.76825471,65.03319357122388,-10.264938861223875
0.0,41.49272193,61.68367361634929,-20.190951686349287
0.0,50.78272854,61.68367361634929,-10.900945076349288
0.5,77.04936127,62.102363610708615,14.946997659291391
4.0,8.776643466,65.03319357122388,-56.25655010522388
4.0,31.07256054,65.03319357122388,-33.96063303122388
1.0,28.98077035,62.521053605067934,-33.54028325506793
1.0,42.53225571,62.521053605067934,-19.988797895067933
7.0,84.50209709,67.54533353737983,16.956763552620174
1.0,6.915720496,62.521053605067934,-55.605333109067935
6.0,86.04369621,66.70795354866118,19.335742661338813
5.5,62.34594798,66.28926355430185,-3.943315574301856
3.5,67.35761931,64.61450357686456,2.74311573313544
2.5,74.22155378,63.77712358814591,10.444430191854082
1.0,88.42538193,62.521053605067934,25.904328324932067
2.5,56.67898027,63.77712358814591,-7.098143318145915
2.0,58.8744133,63.358433593786586,-4.484020293786585
2.0,7.795843149,63.358433593786586,-55.562590444786586
1.0,22.5309248,62.521053605067934,-39.99012880506793
2.0,96.94913323,63.358433593786586,33.590699636213415
0.5,79.44842029,62.102363610708615,17.346056679291387
0.5,68.25363425,62.102363610708615,6.15127063929139
3.0,93.9072722,64.19581358250524,29.711458617494756
1.5,87.50167897,62.93974359942726,24.56193537057274
1.0,9.48177789,62.521053605067934,-53.03927571506793
0.5,49.78650358,62.102363610708615,-12.315860030708613
1.5,54.02499158,62.93974359942726,-8.914752019427262
2.0,54.04141112,63.358433593786586,-9.317022473786587
0.5,69.88257682,62.102363610708615,7.780213209291382
1.5,82.7490864,62.93974359942726,19.809342800572736
1.5,23.4196627,62.93974359942726,-39.520080899427256
2.0,50.87045271,63.358433593786586,-12.487980883786584
0.5,53.1374135,62.102363610708615,-8.964950110708614
1.0,52.16728949,62.521053605067934,-10.353764115067932
2.0,23.37942313,63.358433593786586,-39.97901046378659
0.5,78.10688836,62.102363610708615,16.004524749291384
1.5,15.98973041,62.93974359942726,-46.95001318942726
1.5,34.14721278,62.93974359942726,-28.792530819427263
4.0,8.776643466,65.03319357122388,-56.25655010522388
3.5,69.13113635,64.61450357686456,4.516632773135441
2.5,78.44672535,63.77712358814591,14.669601761854082
0.5,31.37615111,62.102363610708615,-30.726212500708616
7.0,37.15454994,67.54533353737983,-30.39078359737983
1.5,21.80091321,62.93974359942726,-41.138830389427255
4.0,65.52232649,65.03319357122388,0.48913291877612153
4.0,40.79455963,65.03319357122388,-24.238633941223874
3.5,56.4762692,64.61450357686456,-8.138234376864567
1.0,68.73980755,62.521053605067934,6.218753944932061
0.0,93.73930231,61.68367361634929,32.05562869365071
2.5,40.53775276,63.77712358814591,-23.239370828145915
2.5,53.57522816,63.77712358814591,-10.20189542814591
1.0,44.29519256,62.521053605067934,-18.225861045067937
3.5,7.841710514,64.61450357686456,-56.772793062864565
2.5,19.64801236,63.77712358814591,-44.129111228145916
1.5,25.53707289,62.93974359942726,-37.402670709427255
1.0,42.90615422,62.521053605067934,-19.614899385067936
3.0,45.68833421,64.19581358250524,-18.507479372505237
5.0,67.65550199,65.87057355994253,1.7849284300574766
2.0,65.99443629,63.358433593786586,2.63600269621341
2.5,81.38947366,63.77712358814591,17.61235007185408
2.0,36.17262129,63.358433593786586,-27.185812303786584
4.0,78.44672535,65.03319357122388,13.413531778776118
0.5,47.24873407,62.102363610708615,-14.853629540708617
3.5,84.98607351,64.61450357686456,20.371569933135433
2.5,62.27885472,63.77712358814591,-1.4982688681459138
1.0,19.47297454,62.521053605067934,-43.04807906506794
2.5,92.89311851,63.77712358814591,29.11599492185408
2.0,65.88575167,63.358433593786586,2.527318076213419
2.0,95.38743482,63.358433593786586,32.02900122621341
0.0,61.78523973,61.68367361634929,0.101566113650712
2.0,97.9086358,63.358433593786586,34.55020220621341
0.5,82.19258456,62.102363610708615,20.090220949291385
0.0,14.85540624,61.68367361634929,-46.82826737634929
1.5,27.90530303,62.93974359942726,-35.03444056942726
2.0,62.8727162,63.358433593786586,-0.4857173937865866
1.5,93.133314,62.93974359942726,30.19357040057274
2.5,32.67138795,63.77712358814591,-31.10573563814591
1.0,61.12521977,62.521053605067934,-1.3958338350679327
3.0,8.494846263,64.19581358250524,-55.70096731950524
1.0,49.24241133,62.521053605067934,-13.27864227506793
1.0,47.18050149,62.521053605067934,-15.340552115067936
0.0,49.0050896,61.68367361634929,-12.67858401634929
2.5,77.04936127,63.77712358814591,13.272237681854094
1.0,3.453912507,62.521053605067934,-59.067141098067935
0.5,7.944241411,62.102363610708615,-54.158122199708615
2.5,68.17556258,63.77712358814591,4.398438991854093
0.5,32.04763915,62.102363610708615,-30.054724460708613
1.0,41.49272193,62.521053605067934,-21.028331675067932
2.5,45.66375002,63.77712358814591,-18.11337356814591
3.0,56.79061795,64.19581358250524,-7.40519563250524
3.0,86.75513236,64.19581358250524,22.559318777494767
0.0,79.36575134,61.68367361634929,17.682077723650714
4.5,99.56555788,65.4518835655832,34.1136743144168
1.5,27.90530303,62.93974359942726,-35.03444056942726
1.0,87.97639476,62.521053605067934,25.45534115493207
1.5,19.64801236,62.93974359942726,-43.291731239427264
3.5,47.46633613,64.61450357686456,-17.148167446864562
1.5,63.52384541,62.93974359942726,0.58410181057274
3.0,95.09190628,64.19581358250524,30.896092697494765
0.0,87.00265796,61.68367361634929,25.318984343650705
2.0,19.12650374,63.358433593786586,-44.23192985378658
2.0,77.20364961,63.358433593786586,13.845216016213413
4.0,28.6085372,65.03319357122388,-36.424656371223875
1.5,79.456875,62.93974359942726,16.517131400572737
0.0,79.81648603,61.68367361634929,18.132812413650704
5.0,74.10960037,65.87057355994253,8.239026810057467
1.0,80.88250689,62.521053605067934,18.361453284932068
0.0,33.68131573,61.68367361634929,-28.002357886349287
10.0,63.50973543,70.05747350353577,-6.5477380735357755
1.5,22.68701278,62.93974359942726,-40.252730819427256
4.0,20.85281344,65.03319357122388,-44.18038013122388
1.0,30.10853564,62.521053605067934,-32.412517965067934
1.0,56.87564883,62.521053605067934,-5.645404775067931
0.5,48.07066702,62.102363610708615,-14.031696590708613
0.5,58.8744133,62.102363610708615,-3.2279503107086143
5.0,38.39708658,65.87057355994253,-27.47348697994253
0.5,54.82320838,62.102363610708615,-7.279155230708618
2.5,15.51421027,63.77712358814591,-48.26291331814591
4.0,37.93399836,65.03319357122388,-27.09919521122388
5.0,57.42808938,65.87057355994253,-8.442484179942525
4.0,50.87045271,65.03319357122388,-14.162740861223874
1.0,47.95897712,62.521053605067934,-14.562076485067934
2.0,57.7634963,63.358433593786586,-5.594937293786586
2.5,44.20984751,63.77712358814591,-19.56727607814591
1.0,26.55639437,62.521053605067934,-35.964659235067934
5.5,77.65469287,66.28926355430185,11.365429315698151
1.0,68.38112974,62.521053605067934,5.860076134932072
0.0,30.97488641,61.68367361634929,-30.70878720634929
2.0,24.92124987,63.358433593786586,-38.43718372378659
1.0,91.12468797,62.521053605067934,28.603634364932063
5.5,80.23979021,66.28926355430185,13.950526655698141
